insert into ExampleDb.address_province (id, name, created_at) values (1, 'Thành phố Hà Nội', NOW());
insert into ExampleDb.address_district  (id, name, province_id, created_at) values (1, 'Quận Ba Đình', 1, NOW());
insert into ExampleDb.address_ward  (id, name, district_id, created_at) values (1, 'Phường Phúc Xá', 1, NOW());
insert into ExampleDb.address_ward  (id, name, district_id, created_at) values (2, 'Phường Trúc Bạch', 1, NOW());
insert into ExampleDb.address_ward  (id, name, district_id, created_at) values (3, 'Phường Vĩnh Phúc', 1, NOW());
insert into ExampleDb.address_ward  (id, name, district_id, created_at) values (4, 'Phường Cống Vị', 1, NOW());
insert into ExampleDb.address_ward  (id, name, district_id, created_at) values (5, 'Phường Liễu Giai', 1, NOW());
insert into ExampleDb.address_ward  (id, name, district_id, created_at) values (6, 'Phường Nguyễn Trung Trực', 1, NOW());
insert into ExampleDb.address_ward  (id, name, district_id, created_at) values (7, 'Phường Quán Thánh', 1, NOW());
insert into ExampleDb.address_ward  (id, name, district_id, created_at) values (8, 'Phường Ngọc Hà', 1, NOW());
insert into ExampleDb.address_ward  (id, name, district_id, created_at) values (9, 'Phường Điện Biên', 1, NOW());
insert into ExampleDb.address_ward  (id, name, district_id, created_at) values (10, 'Phường Đội Cấn', 1, NOW());
insert into ExampleDb.address_ward  (id, name, district_id, created_at) values (11, 'Phường Ngọc Khánh', 1, NOW());
insert into ExampleDb.address_ward  (id, name, district_id, created_at) values (12, 'Phường Kim Mã', 1, NOW());
insert into ExampleDb.address_ward  (id, name, district_id, created_at) values (13, 'Phường Giảng Võ', 1, NOW());
insert into ExampleDb.address_ward  (id, name, district_id, created_at) values (14, 'Phường Thành Công', 1, NOW());
insert into ExampleDb.address_district  (id, name, province_id, created_at) values (2, 'Quận Hoàn Kiếm', 1, NOW());
insert into ExampleDb.address_ward  (id, name, district_id, created_at) values (15, 'Phường Phúc Tân', 2, NOW());
insert into ExampleDb.address_ward  (id, name, district_id, created_at) values (16, 'Phường Đồng Xuân', 2, NOW());
insert into ExampleDb.address_ward  (id, name, district_id, created_at) values (17, 'Phường Hàng Mã', 2, NOW());
insert into ExampleDb.address_ward  (id, name, district_id, created_at) values (18, 'Phường Hàng Buồm', 2, NOW());
insert into ExampleDb.address_ward  (id, name, district_id, created_at) values (19, 'Phường Hàng Đào', 2, NOW());
insert into ExampleDb.address_ward  (id, name, district_id, created_at) values (20, 'Phường Hàng Bồ', 2, NOW());
insert into ExampleDb.address_ward  (id, name, district_id, created_at) values (21, 'Phường Cửa Đông', 2, NOW());
insert into ExampleDb.address_ward  (id, name, district_id, created_at) values (22, 'Phường Lý Thái Tổ', 2, NOW());
insert into ExampleDb.address_ward  (id, name, district_id, created_at) values (23, 'Phường Hàng Bạc', 2, NOW());
insert into ExampleDb.address_ward  (id, name, district_id, created_at) values (24, 'Phường Hàng Gai', 2, NOW());
insert into ExampleDb.address_ward  (id, name, district_id, created_at) values (25, 'Phường Chương Dương', 2, NOW());
insert into ExampleDb.address_ward  (id, name, district_id, created_at) values (26, 'Phường Hàng Trống', 2, NOW());
insert into ExampleDb.address_ward  (id, name, district_id, created_at) values (27, 'Phường Cửa Nam', 2, NOW());
insert into ExampleDb.address_ward  (id, name, district_id, created_at) values (28, 'Phường Hàng Bông', 2, NOW());
insert into ExampleDb.address_ward  (id, name, district_id, created_at) values (29, 'Phường Tràng Tiền', 2, NOW());
insert into ExampleDb.address_ward  (id, name, district_id, created_at) values (30, 'Phường Trần Hưng Đạo', 2, NOW());
insert into ExampleDb.address_ward  (id, name, district_id, created_at) values (31, 'Phường Phan Chu Trinh', 2, NOW());
insert into ExampleDb.address_ward  (id, name, district_id, created_at) values (32, 'Phường Hàng Bài', 2, NOW());
insert into ExampleDb.address_district  (id, name, province_id, created_at) values (3, 'Quận Tây Hồ', 1, NOW());
insert into ExampleDb.address_ward  (id, name, district_id, created_at) values (33, 'Phường Phú Thượng', 3, NOW());
insert into ExampleDb.address_ward  (id, name, district_id, created_at) values (34, 'Phường Nhật Tân', 3, NOW());
insert into ExampleDb.address_ward  (id, name, district_id, created_at) values (35, 'Phường Tứ Liên', 3, NOW());
insert into ExampleDb.address_ward  (id, name, district_id, created_at) values (36, 'Phường Quảng An', 3, NOW());
insert into ExampleDb.address_ward  (id, name, district_id, created_at) values (37, 'Phường Xuân La', 3, NOW());
insert into ExampleDb.address_ward  (id, name, district_id, created_at) values (38, 'Phường Yên Phụ', 3, NOW());
insert into ExampleDb.address_ward  (id, name, district_id, created_at) values (39, 'Phường Bưởi', 3, NOW());
insert into ExampleDb.address_ward  (id, name, district_id, created_at) values (40, 'Phường Thụy Khuê', 3, NOW());
insert into ExampleDb.address_district  (id, name, province_id, created_at) values (4, 'Quận Long Biên', 1, NOW());
insert into ExampleDb.address_ward  (id, name, district_id, created_at) values (41, 'Phường Thượng Thanh', 4, NOW());
insert into ExampleDb.address_ward  (id, name, district_id, created_at) values (42, 'Phường Ngọc Thụy', 4, NOW());
insert into ExampleDb.address_ward  (id, name, district_id, created_at) values (43, 'Phường Giang Biên', 4, NOW());
insert into ExampleDb.address_ward  (id, name, district_id, created_at) values (44, 'Phường Đức Giang', 4, NOW());
insert into ExampleDb.address_ward  (id, name, district_id, created_at) values (45, 'Phường Việt Hưng', 4, NOW());
insert into ExampleDb.address_ward  (id, name, district_id, created_at) values (46, 'Phường Gia Thụy', 4, NOW());
insert into ExampleDb.address_ward  (id, name, district_id, created_at) values (47, 'Phường Ngọc Lâm', 4, NOW());
insert into ExampleDb.address_ward  (id, name, district_id, created_at) values (48, 'Phường Phúc Lợi', 4, NOW());
insert into ExampleDb.address_ward  (id, name, district_id, created_at) values (49, 'Phường Bồ Đề', 4, NOW());
insert into ExampleDb.address_ward  (id, name, district_id, created_at) values (50, 'Phường Sài Đồng', 4, NOW());
insert into ExampleDb.address_ward  (id, name, district_id, created_at) values (51, 'Phường Long Biên', 4, NOW());
insert into ExampleDb.address_ward  (id, name, district_id, created_at) values (52, 'Phường Thạch Bàn', 4, NOW());
insert into ExampleDb.address_ward  (id, name, district_id, created_at) values (53, 'Phường Phúc Đồng', 4, NOW());
insert into ExampleDb.address_ward  (id, name, district_id, created_at) values (54, 'Phường Cự Khối', 4, NOW());
insert into ExampleDb.address_district  (id, name, province_id, created_at) values (5, 'Quận Cầu Giấy', 1, NOW());
insert into ExampleDb.address_ward  (id, name, district_id, created_at) values (55, 'Phường Nghĩa Đô', 5, NOW());
insert into ExampleDb.address_ward  (id, name, district_id, created_at) values (56, 'Phường Nghĩa Tân', 5, NOW());
insert into ExampleDb.address_ward  (id, name, district_id, created_at) values (57, 'Phường Mai Dịch', 5, NOW());
insert into ExampleDb.address_ward  (id, name, district_id, created_at) values (58, 'Phường Dịch Vọng', 5, NOW());
insert into ExampleDb.address_ward  (id, name, district_id, created_at) values (59, 'Phường Dịch Vọng Hậu', 5, NOW());
insert into ExampleDb.address_ward  (id, name, district_id, created_at) values (60, 'Phường Quan Hoa', 5, NOW());
insert into ExampleDb.address_ward  (id, name, district_id, created_at) values (61, 'Phường Yên Hoà', 5, NOW());
insert into ExampleDb.address_ward  (id, name, district_id, created_at) values (62, 'Phường Trung Hoà', 5, NOW());
insert into ExampleDb.address_district  (id, name, province_id, created_at) values (6, 'Quận Đống Đa', 1, NOW());
insert into ExampleDb.address_ward  (id, name, district_id, created_at) values (63, 'Phường Cát Linh', 6, NOW());
insert into ExampleDb.address_ward  (id, name, district_id, created_at) values (64, 'Phường Văn Miếu', 6, NOW());
insert into ExampleDb.address_ward  (id, name, district_id, created_at) values (65, 'Phường Quốc Tử Giám', 6, NOW());
insert into ExampleDb.address_ward  (id, name, district_id, created_at) values (66, 'Phường Láng Thượng', 6, NOW());
insert into ExampleDb.address_ward  (id, name, district_id, created_at) values (67, 'Phường Ô Chợ Dừa', 6, NOW());
insert into ExampleDb.address_ward  (id, name, district_id, created_at) values (68, 'Phường Văn Chương', 6, NOW());
insert into ExampleDb.address_ward  (id, name, district_id, created_at) values (69, 'Phường Hàng Bột', 6, NOW());
insert into ExampleDb.address_ward  (id, name, district_id, created_at) values (70, 'Phường Láng Hạ', 6, NOW());
insert into ExampleDb.address_ward  (id, name, district_id, created_at) values (71, 'Phường Khâm Thiên', 6, NOW());
insert into ExampleDb.address_ward  (id, name, district_id, created_at) values (72, 'Phường Thổ Quan', 6, NOW());
insert into ExampleDb.address_ward  (id, name, district_id, created_at) values (73, 'Phường Nam Đồng', 6, NOW());
insert into ExampleDb.address_ward  (id, name, district_id, created_at) values (74, 'Phường Trung Phụng', 6, NOW());
insert into ExampleDb.address_ward  (id, name, district_id, created_at) values (75, 'Phường Quang Trung', 6, NOW());
insert into ExampleDb.address_ward  (id, name, district_id, created_at) values (76, 'Phường Trung Liệt', 6, NOW());
insert into ExampleDb.address_ward  (id, name, district_id, created_at) values (77, 'Phường Phương Liên', 6, NOW());
insert into ExampleDb.address_ward  (id, name, district_id, created_at) values (78, 'Phường Thịnh Quang', 6, NOW());
insert into ExampleDb.address_ward  (id, name, district_id, created_at) values (79, 'Phường Trung Tự', 6, NOW());
insert into ExampleDb.address_ward  (id, name, district_id, created_at) values (80, 'Phường Kim Liên', 6, NOW());
insert into ExampleDb.address_ward  (id, name, district_id, created_at) values (81, 'Phường Phương Mai', 6, NOW());
insert into ExampleDb.address_ward  (id, name, district_id, created_at) values (82, 'Phường Ngã Tư Sở', 6, NOW());
insert into ExampleDb.address_ward  (id, name, district_id, created_at) values (83, 'Phường Khương Thượng', 6, NOW());
insert into ExampleDb.address_district  (id, name, province_id, created_at) values (7, 'Quận Hai Bà Trưng', 1, NOW());
insert into ExampleDb.address_ward  (id, name, district_id, created_at) values (84, 'Phường Nguyễn Du', 7, NOW());
insert into ExampleDb.address_ward  (id, name, district_id, created_at) values (85, 'Phường Bạch Đằng', 7, NOW());
insert into ExampleDb.address_ward  (id, name, district_id, created_at) values (86, 'Phường Phạm Đình Hổ', 7, NOW());
insert into ExampleDb.address_ward  (id, name, district_id, created_at) values (87, 'Phường Lê Đại Hành', 7, NOW());
insert into ExampleDb.address_ward  (id, name, district_id, created_at) values (88, 'Phường Đồng Nhân', 7, NOW());
insert into ExampleDb.address_ward  (id, name, district_id, created_at) values (89, 'Phường Phố Huế', 7, NOW());
insert into ExampleDb.address_ward  (id, name, district_id, created_at) values (90, 'Phường Đống Mác', 7, NOW());
insert into ExampleDb.address_ward  (id, name, district_id, created_at) values (91, 'Phường Thanh Lương', 7, NOW());
insert into ExampleDb.address_ward  (id, name, district_id, created_at) values (92, 'Phường Thanh Nhàn', 7, NOW());
insert into ExampleDb.address_ward  (id, name, district_id, created_at) values (93, 'Phường Cầu Dền', 7, NOW());
insert into ExampleDb.address_ward  (id, name, district_id, created_at) values (94, 'Phường Bách Khoa', 7, NOW());
insert into ExampleDb.address_ward  (id, name, district_id, created_at) values (95, 'Phường Đồng Tâm', 7, NOW());
insert into ExampleDb.address_ward  (id, name, district_id, created_at) values (96, 'Phường Vĩnh Tuy', 7, NOW());
insert into ExampleDb.address_ward  (id, name, district_id, created_at) values (97, 'Phường Bạch Mai', 7, NOW());
insert into ExampleDb.address_ward  (id, name, district_id, created_at) values (98, 'Phường Quỳnh Mai', 7, NOW());
insert into ExampleDb.address_ward  (id, name, district_id, created_at) values (99, 'Phường Quỳnh Lôi', 7, NOW());
insert into ExampleDb.address_ward  (id, name, district_id, created_at) values (100, 'Phường Minh Khai', 7, NOW());
insert into ExampleDb.address_ward  (id, name, district_id, created_at) values (101, 'Phường Trương Định', 7, NOW());
insert into ExampleDb.address_district  (id, name, province_id, created_at) values (8, 'Quận Hoàng Mai', 1, NOW());
insert into ExampleDb.address_ward  (id, name, district_id, created_at) values (102, 'Phường Thanh Trì', 8, NOW());
insert into ExampleDb.address_ward  (id, name, district_id, created_at) values (103, 'Phường Vĩnh Hưng', 8, NOW());
insert into ExampleDb.address_ward  (id, name, district_id, created_at) values (104, 'Phường Định Công', 8, NOW());
insert into ExampleDb.address_ward  (id, name, district_id, created_at) values (105, 'Phường Mai Động', 8, NOW());
insert into ExampleDb.address_ward  (id, name, district_id, created_at) values (106, 'Phường Tương Mai', 8, NOW());
insert into ExampleDb.address_ward  (id, name, district_id, created_at) values (107, 'Phường Đại Kim', 8, NOW());
insert into ExampleDb.address_ward  (id, name, district_id, created_at) values (108, 'Phường Tân Mai', 8, NOW());
insert into ExampleDb.address_ward  (id, name, district_id, created_at) values (109, 'Phường Hoàng Văn Thụ', 8, NOW());
insert into ExampleDb.address_ward  (id, name, district_id, created_at) values (110, 'Phường Giáp Bát', 8, NOW());
insert into ExampleDb.address_ward  (id, name, district_id, created_at) values (111, 'Phường Lĩnh Nam', 8, NOW());
insert into ExampleDb.address_ward  (id, name, district_id, created_at) values (112, 'Phường Thịnh Liệt', 8, NOW());
insert into ExampleDb.address_ward  (id, name, district_id, created_at) values (113, 'Phường Trần Phú', 8, NOW());
insert into ExampleDb.address_ward  (id, name, district_id, created_at) values (114, 'Phường Hoàng Liệt', 8, NOW());
insert into ExampleDb.address_ward  (id, name, district_id, created_at) values (115, 'Phường Yên Sở', 8, NOW());
insert into ExampleDb.address_district  (id, name, province_id, created_at) values (9, 'Quận Thanh Xuân', 1, NOW());
insert into ExampleDb.address_ward  (id, name, district_id, created_at) values (116, 'Phường Nhân Chính', 9, NOW());
insert into ExampleDb.address_ward  (id, name, district_id, created_at) values (117, 'Phường Thượng Đình', 9, NOW());
insert into ExampleDb.address_ward  (id, name, district_id, created_at) values (118, 'Phường Khương Trung', 9, NOW());
insert into ExampleDb.address_ward  (id, name, district_id, created_at) values (119, 'Phường Khương Mai', 9, NOW());
insert into ExampleDb.address_ward  (id, name, district_id, created_at) values (120, 'Phường Thanh Xuân Trung', 9, NOW());
insert into ExampleDb.address_ward  (id, name, district_id, created_at) values (121, 'Phường Phương Liệt', 9, NOW());
insert into ExampleDb.address_ward  (id, name, district_id, created_at) values (122, 'Phường Hạ Đình', 9, NOW());
insert into ExampleDb.address_ward  (id, name, district_id, created_at) values (123, 'Phường Khương Đình', 9, NOW());
insert into ExampleDb.address_ward  (id, name, district_id, created_at) values (124, 'Phường Thanh Xuân Bắc', 9, NOW());
insert into ExampleDb.address_ward  (id, name, district_id, created_at) values (125, 'Phường Thanh Xuân Nam', 9, NOW());
insert into ExampleDb.address_ward  (id, name, district_id, created_at) values (126, 'Phường Kim Giang', 9, NOW());
insert into ExampleDb.address_district  (id, name, province_id, created_at) values (10, 'Huyện Sóc Sơn', 1, NOW());
insert into ExampleDb.address_ward  (id, name, district_id, created_at) values (127, 'Thị trấn Sóc Sơn', 10, NOW());
insert into ExampleDb.address_ward  (id, name, district_id, created_at) values (128, 'Xã Bắc Sơn', 10, NOW());
insert into ExampleDb.address_ward  (id, name, district_id, created_at) values (129, 'Xã Minh Trí', 10, NOW());
insert into ExampleDb.address_ward  (id, name, district_id, created_at) values (130, 'Xã Hồng Kỳ', 10, NOW());
insert into ExampleDb.address_ward  (id, name, district_id, created_at) values (131, 'Xã Nam Sơn', 10, NOW());
insert into ExampleDb.address_ward  (id, name, district_id, created_at) values (132, 'Xã Trung Giã', 10, NOW());
insert into ExampleDb.address_ward  (id, name, district_id, created_at) values (133, 'Xã Tân Hưng', 10, NOW());
insert into ExampleDb.address_ward  (id, name, district_id, created_at) values (134, 'Xã Minh Phú', 10, NOW());
insert into ExampleDb.address_ward  (id, name, district_id, created_at) values (135, 'Xã Phù Linh', 10, NOW());
insert into ExampleDb.address_ward  (id, name, district_id, created_at) values (136, 'Xã Bắc Phú', 10, NOW());
insert into ExampleDb.address_ward  (id, name, district_id, created_at) values (137, 'Xã Tân Minh', 10, NOW());
insert into ExampleDb.address_ward  (id, name, district_id, created_at) values (138, 'Xã Quang Tiến', 10, NOW());
insert into ExampleDb.address_ward  (id, name, district_id, created_at) values (139, 'Xã Hiền Ninh', 10, NOW());
insert into ExampleDb.address_ward  (id, name, district_id, created_at) values (140, 'Xã Tân Dân', 10, NOW());
insert into ExampleDb.address_ward  (id, name, district_id, created_at) values (141, 'Xã Tiên Dược', 10, NOW());
insert into ExampleDb.address_ward  (id, name, district_id, created_at) values (142, 'Xã Việt Long', 10, NOW());
insert into ExampleDb.address_ward  (id, name, district_id, created_at) values (143, 'Xã Xuân Giang', 10, NOW());
insert into ExampleDb.address_ward  (id, name, district_id, created_at) values (144, 'Xã Mai Đình', 10, NOW());
insert into ExampleDb.address_ward  (id, name, district_id, created_at) values (145, 'Xã Đức Hoà', 10, NOW());
insert into ExampleDb.address_ward  (id, name, district_id, created_at) values (146, 'Xã Thanh Xuân', 10, NOW());
insert into ExampleDb.address_ward  (id, name, district_id, created_at) values (147, 'Xã Đông Xuân', 10, NOW());
insert into ExampleDb.address_ward  (id, name, district_id, created_at) values (148, 'Xã Kim Lũ', 10, NOW());
insert into ExampleDb.address_ward  (id, name, district_id, created_at) values (149, 'Xã Phú Cường', 10, NOW());
insert into ExampleDb.address_ward  (id, name, district_id, created_at) values (150, 'Xã Phú Minh', 10, NOW());
insert into ExampleDb.address_ward  (id, name, district_id, created_at) values (151, 'Xã Phù Lỗ', 10, NOW());
insert into ExampleDb.address_ward  (id, name, district_id, created_at) values (152, 'Xã Xuân Thu', 10, NOW());
insert into ExampleDb.address_district  (id, name, province_id, created_at) values (11, 'Huyện Đông Anh', 1, NOW());
insert into ExampleDb.address_ward  (id, name, district_id, created_at) values (153, 'Thị trấn Đông Anh', 11, NOW());
insert into ExampleDb.address_ward  (id, name, district_id, created_at) values (154, 'Xã Xuân Nộn', 11, NOW());
insert into ExampleDb.address_ward  (id, name, district_id, created_at) values (155, 'Xã Thuỵ Lâm', 11, NOW());
insert into ExampleDb.address_ward  (id, name, district_id, created_at) values (156, 'Xã Bắc Hồng', 11, NOW());
insert into ExampleDb.address_ward  (id, name, district_id, created_at) values (157, 'Xã Nguyên Khê', 11, NOW());
insert into ExampleDb.address_ward  (id, name, district_id, created_at) values (158, 'Xã Nam Hồng', 11, NOW());
insert into ExampleDb.address_ward  (id, name, district_id, created_at) values (159, 'Xã Tiên Dương', 11, NOW());
insert into ExampleDb.address_ward  (id, name, district_id, created_at) values (160, 'Xã Vân Hà', 11, NOW());
insert into ExampleDb.address_ward  (id, name, district_id, created_at) values (161, 'Xã Uy Nỗ', 11, NOW());
insert into ExampleDb.address_ward  (id, name, district_id, created_at) values (162, 'Xã Vân Nội', 11, NOW());
insert into ExampleDb.address_ward  (id, name, district_id, created_at) values (163, 'Xã Liên Hà', 11, NOW());
insert into ExampleDb.address_ward  (id, name, district_id, created_at) values (164, 'Xã Việt Hùng', 11, NOW());
insert into ExampleDb.address_ward  (id, name, district_id, created_at) values (165, 'Xã Kim Nỗ', 11, NOW());
insert into ExampleDb.address_ward  (id, name, district_id, created_at) values (166, 'Xã Kim Chung', 11, NOW());
insert into ExampleDb.address_ward  (id, name, district_id, created_at) values (167, 'Xã Dục Tú', 11, NOW());
insert into ExampleDb.address_ward  (id, name, district_id, created_at) values (168, 'Xã Đại Mạch', 11, NOW());
insert into ExampleDb.address_ward  (id, name, district_id, created_at) values (169, 'Xã Vĩnh Ngọc', 11, NOW());
insert into ExampleDb.address_ward  (id, name, district_id, created_at) values (170, 'Xã Cổ Loa', 11, NOW());
insert into ExampleDb.address_ward  (id, name, district_id, created_at) values (171, 'Xã Hải Bối', 11, NOW());
insert into ExampleDb.address_ward  (id, name, district_id, created_at) values (172, 'Xã Xuân Canh', 11, NOW());
insert into ExampleDb.address_ward  (id, name, district_id, created_at) values (173, 'Xã Võng La', 11, NOW());
insert into ExampleDb.address_ward  (id, name, district_id, created_at) values (174, 'Xã Tàm Xá', 11, NOW());
insert into ExampleDb.address_ward  (id, name, district_id, created_at) values (175, 'Xã Mai Lâm', 11, NOW());
insert into ExampleDb.address_ward  (id, name, district_id, created_at) values (176, 'Xã Đông Hội', 11, NOW());
insert into ExampleDb.address_district  (id, name, province_id, created_at) values (12, 'Huyện Gia Lâm', 1, NOW());
insert into ExampleDb.address_ward  (id, name, district_id, created_at) values (177, 'Thị trấn Yên Viên', 12, NOW());
insert into ExampleDb.address_ward  (id, name, district_id, created_at) values (178, 'Xã Yên Thường', 12, NOW());
insert into ExampleDb.address_ward  (id, name, district_id, created_at) values (179, 'Xã Yên Viên', 12, NOW());
insert into ExampleDb.address_ward  (id, name, district_id, created_at) values (180, 'Xã Ninh Hiệp', 12, NOW());
insert into ExampleDb.address_ward  (id, name, district_id, created_at) values (181, 'Xã Đình Xuyên', 12, NOW());
insert into ExampleDb.address_ward  (id, name, district_id, created_at) values (182, 'Xã Dương Hà', 12, NOW());
insert into ExampleDb.address_ward  (id, name, district_id, created_at) values (183, 'Xã Phù Đổng', 12, NOW());
insert into ExampleDb.address_ward  (id, name, district_id, created_at) values (184, 'Xã Trung Mầu', 12, NOW());
insert into ExampleDb.address_ward  (id, name, district_id, created_at) values (185, 'Xã Lệ Chi', 12, NOW());
insert into ExampleDb.address_ward  (id, name, district_id, created_at) values (186, 'Xã Cổ Bi', 12, NOW());
insert into ExampleDb.address_ward  (id, name, district_id, created_at) values (187, 'Xã Đặng Xá', 12, NOW());
insert into ExampleDb.address_ward  (id, name, district_id, created_at) values (188, 'Xã Phú Thị', 12, NOW());
insert into ExampleDb.address_ward  (id, name, district_id, created_at) values (189, 'Xã Kim Sơn', 12, NOW());
insert into ExampleDb.address_ward  (id, name, district_id, created_at) values (190, 'Thị trấn Trâu Quỳ', 12, NOW());
insert into ExampleDb.address_ward  (id, name, district_id, created_at) values (191, 'Xã Dương Quang', 12, NOW());
insert into ExampleDb.address_ward  (id, name, district_id, created_at) values (192, 'Xã Dương Xá', 12, NOW());
insert into ExampleDb.address_ward  (id, name, district_id, created_at) values (193, 'Xã Đông Dư', 12, NOW());
insert into ExampleDb.address_ward  (id, name, district_id, created_at) values (194, 'Xã Đa Tốn', 12, NOW());
insert into ExampleDb.address_ward  (id, name, district_id, created_at) values (195, 'Xã Kiêu Kỵ', 12, NOW());
insert into ExampleDb.address_ward  (id, name, district_id, created_at) values (196, 'Xã Bát Tràng', 12, NOW());
insert into ExampleDb.address_ward  (id, name, district_id, created_at) values (197, 'Xã Kim Lan', 12, NOW());
insert into ExampleDb.address_ward  (id, name, district_id, created_at) values (198, 'Xã Văn Đức', 12, NOW());
insert into ExampleDb.address_district  (id, name, province_id, created_at) values (13, 'Quận Nam Từ Liêm', 1, NOW());
insert into ExampleDb.address_ward  (id, name, district_id, created_at) values (199, 'Phường Cầu Diễn', 13, NOW());
insert into ExampleDb.address_ward  (id, name, district_id, created_at) values (200, 'Phường Xuân Phương', 13, NOW());
insert into ExampleDb.address_ward  (id, name, district_id, created_at) values (201, 'Phường Phương Canh', 13, NOW());
insert into ExampleDb.address_ward  (id, name, district_id, created_at) values (202, 'Phường Mỹ Đình 1', 13, NOW());
insert into ExampleDb.address_ward  (id, name, district_id, created_at) values (203, 'Phường Mỹ Đình 2', 13, NOW());
insert into ExampleDb.address_ward  (id, name, district_id, created_at) values (204, 'Phường Tây Mỗ', 13, NOW());
insert into ExampleDb.address_ward  (id, name, district_id, created_at) values (205, 'Phường Mễ Trì', 13, NOW());
insert into ExampleDb.address_ward  (id, name, district_id, created_at) values (206, 'Phường Phú Đô', 13, NOW());
insert into ExampleDb.address_ward  (id, name, district_id, created_at) values (207, 'Phường Đại Mỗ', 13, NOW());
insert into ExampleDb.address_ward  (id, name, district_id, created_at) values (208, 'Phường Trung Văn', 13, NOW());
insert into ExampleDb.address_district  (id, name, province_id, created_at) values (14, 'Huyện Thanh Trì', 1, NOW());
insert into ExampleDb.address_ward  (id, name, district_id, created_at) values (209, 'Thị trấn Văn Điển', 14, NOW());
insert into ExampleDb.address_ward  (id, name, district_id, created_at) values (210, 'Xã Tân Triều', 14, NOW());
insert into ExampleDb.address_ward  (id, name, district_id, created_at) values (211, 'Xã Thanh Liệt', 14, NOW());
insert into ExampleDb.address_ward  (id, name, district_id, created_at) values (212, 'Xã Tả Thanh Oai', 14, NOW());
insert into ExampleDb.address_ward  (id, name, district_id, created_at) values (213, 'Xã Hữu Hoà', 14, NOW());
insert into ExampleDb.address_ward  (id, name, district_id, created_at) values (214, 'Xã Tam Hiệp', 14, NOW());
insert into ExampleDb.address_ward  (id, name, district_id, created_at) values (215, 'Xã Tứ Hiệp', 14, NOW());
insert into ExampleDb.address_ward  (id, name, district_id, created_at) values (216, 'Xã Yên Mỹ', 14, NOW());
insert into ExampleDb.address_ward  (id, name, district_id, created_at) values (217, 'Xã Vĩnh Quỳnh', 14, NOW());
insert into ExampleDb.address_ward  (id, name, district_id, created_at) values (218, 'Xã Ngũ Hiệp', 14, NOW());
insert into ExampleDb.address_ward  (id, name, district_id, created_at) values (219, 'Xã Duyên Hà', 14, NOW());
insert into ExampleDb.address_ward  (id, name, district_id, created_at) values (220, 'Xã Ngọc Hồi', 14, NOW());
insert into ExampleDb.address_ward  (id, name, district_id, created_at) values (221, 'Xã Vạn Phúc', 14, NOW());
insert into ExampleDb.address_ward  (id, name, district_id, created_at) values (222, 'Xã Đại áng', 14, NOW());
insert into ExampleDb.address_ward  (id, name, district_id, created_at) values (223, 'Xã Liên Ninh', 14, NOW());
insert into ExampleDb.address_ward  (id, name, district_id, created_at) values (224, 'Xã Đông Mỹ', 14, NOW());
insert into ExampleDb.address_district  (id, name, province_id, created_at) values (15, 'Quận Bắc Từ Liêm', 1, NOW());
insert into ExampleDb.address_ward  (id, name, district_id, created_at) values (225, 'Phường Thượng Cát', 15, NOW());
insert into ExampleDb.address_ward  (id, name, district_id, created_at) values (226, 'Phường Liên Mạc', 15, NOW());
insert into ExampleDb.address_ward  (id, name, district_id, created_at) values (227, 'Phường Đông Ngạc', 15, NOW());
insert into ExampleDb.address_ward  (id, name, district_id, created_at) values (228, 'Phường Đức Thắng', 15, NOW());
insert into ExampleDb.address_ward  (id, name, district_id, created_at) values (229, 'Phường Thụy Phương', 15, NOW());
insert into ExampleDb.address_ward  (id, name, district_id, created_at) values (230, 'Phường Tây Tựu', 15, NOW());
insert into ExampleDb.address_ward  (id, name, district_id, created_at) values (231, 'Phường Xuân Đỉnh', 15, NOW());
insert into ExampleDb.address_ward  (id, name, district_id, created_at) values (232, 'Phường Xuân Tảo', 15, NOW());
insert into ExampleDb.address_ward  (id, name, district_id, created_at) values (233, 'Phường Minh Khai', 15, NOW());
insert into ExampleDb.address_ward  (id, name, district_id, created_at) values (234, 'Phường Cổ Nhuế 1', 15, NOW());
insert into ExampleDb.address_ward  (id, name, district_id, created_at) values (235, 'Phường Cổ Nhuế 2', 15, NOW());
insert into ExampleDb.address_ward  (id, name, district_id, created_at) values (236, 'Phường Phú Diễn', 15, NOW());
insert into ExampleDb.address_ward  (id, name, district_id, created_at) values (237, 'Phường Phúc Diễn', 15, NOW());
insert into ExampleDb.address_district  (id, name, province_id, created_at) values (16, 'Huyện Mê Linh', 1, NOW());
insert into ExampleDb.address_ward  (id, name, district_id, created_at) values (238, 'Thị trấn Chi Đông', 16, NOW());
insert into ExampleDb.address_ward  (id, name, district_id, created_at) values (239, 'Xã Đại Thịnh', 16, NOW());
insert into ExampleDb.address_ward  (id, name, district_id, created_at) values (240, 'Xã Kim Hoa', 16, NOW());
insert into ExampleDb.address_ward  (id, name, district_id, created_at) values (241, 'Xã Thạch Đà', 16, NOW());
insert into ExampleDb.address_ward  (id, name, district_id, created_at) values (242, 'Xã Tiến Thắng', 16, NOW());
insert into ExampleDb.address_ward  (id, name, district_id, created_at) values (243, 'Xã Tự Lập', 16, NOW());
insert into ExampleDb.address_ward  (id, name, district_id, created_at) values (244, 'Thị trấn Quang Minh', 16, NOW());
insert into ExampleDb.address_ward  (id, name, district_id, created_at) values (245, 'Xã Thanh Lâm', 16, NOW());
insert into ExampleDb.address_ward  (id, name, district_id, created_at) values (246, 'Xã Tam Đồng', 16, NOW());
insert into ExampleDb.address_ward  (id, name, district_id, created_at) values (247, 'Xã Liên Mạc', 16, NOW());
insert into ExampleDb.address_ward  (id, name, district_id, created_at) values (248, 'Xã Vạn Yên', 16, NOW());
insert into ExampleDb.address_ward  (id, name, district_id, created_at) values (249, 'Xã Chu Phan', 16, NOW());
insert into ExampleDb.address_ward  (id, name, district_id, created_at) values (250, 'Xã Tiến Thịnh', 16, NOW());
insert into ExampleDb.address_ward  (id, name, district_id, created_at) values (251, 'Xã Mê Linh', 16, NOW());
insert into ExampleDb.address_ward  (id, name, district_id, created_at) values (252, 'Xã Văn Khê', 16, NOW());
insert into ExampleDb.address_ward  (id, name, district_id, created_at) values (253, 'Xã Hoàng Kim', 16, NOW());
insert into ExampleDb.address_ward  (id, name, district_id, created_at) values (254, 'Xã Tiền Phong', 16, NOW());
insert into ExampleDb.address_ward  (id, name, district_id, created_at) values (255, 'Xã Tráng Việt', 16, NOW());
insert into ExampleDb.address_district  (id, name, province_id, created_at) values (17, 'Quận Hà Đông', 1, NOW());
insert into ExampleDb.address_ward  (id, name, district_id, created_at) values (256, 'Phường Nguyễn Trãi', 17, NOW());
insert into ExampleDb.address_ward  (id, name, district_id, created_at) values (257, 'Phường Mộ Lao', 17, NOW());
insert into ExampleDb.address_ward  (id, name, district_id, created_at) values (258, 'Phường Văn Quán', 17, NOW());
insert into ExampleDb.address_ward  (id, name, district_id, created_at) values (259, 'Phường Vạn Phúc', 17, NOW());
insert into ExampleDb.address_ward  (id, name, district_id, created_at) values (260, 'Phường Yết Kiêu', 17, NOW());
insert into ExampleDb.address_ward  (id, name, district_id, created_at) values (261, 'Phường Quang Trung', 17, NOW());
insert into ExampleDb.address_ward  (id, name, district_id, created_at) values (262, 'Phường La Khê', 17, NOW());
insert into ExampleDb.address_ward  (id, name, district_id, created_at) values (263, 'Phường Phú La', 17, NOW());
insert into ExampleDb.address_ward  (id, name, district_id, created_at) values (264, 'Phường Phúc La', 17, NOW());
insert into ExampleDb.address_ward  (id, name, district_id, created_at) values (265, 'Phường Hà Cầu', 17, NOW());
insert into ExampleDb.address_ward  (id, name, district_id, created_at) values (266, 'Phường Yên Nghĩa', 17, NOW());
insert into ExampleDb.address_ward  (id, name, district_id, created_at) values (267, 'Phường Kiến Hưng', 17, NOW());
insert into ExampleDb.address_ward  (id, name, district_id, created_at) values (268, 'Phường Phú Lãm', 17, NOW());
insert into ExampleDb.address_ward  (id, name, district_id, created_at) values (269, 'Phường Phú Lương', 17, NOW());
insert into ExampleDb.address_ward  (id, name, district_id, created_at) values (270, 'Phường Dương Nội', 17, NOW());
insert into ExampleDb.address_ward  (id, name, district_id, created_at) values (271, 'Phường Đồng Mai', 17, NOW());
insert into ExampleDb.address_ward  (id, name, district_id, created_at) values (272, 'Phường Biên Giang', 17, NOW());
insert into ExampleDb.address_district  (id, name, province_id, created_at) values (18, 'Thị xã Sơn Tây', 1, NOW());
insert into ExampleDb.address_ward  (id, name, district_id, created_at) values (273, 'Phường Lê Lợi', 18, NOW());
insert into ExampleDb.address_ward  (id, name, district_id, created_at) values (274, 'Phường Phú Thịnh', 18, NOW());
insert into ExampleDb.address_ward  (id, name, district_id, created_at) values (275, 'Phường Ngô Quyền', 18, NOW());
insert into ExampleDb.address_ward  (id, name, district_id, created_at) values (276, 'Phường Quang Trung', 18, NOW());
insert into ExampleDb.address_ward  (id, name, district_id, created_at) values (277, 'Phường Sơn Lộc', 18, NOW());
insert into ExampleDb.address_ward  (id, name, district_id, created_at) values (278, 'Phường Xuân Khanh', 18, NOW());
insert into ExampleDb.address_ward  (id, name, district_id, created_at) values (279, 'Xã Đường Lâm', 18, NOW());
insert into ExampleDb.address_ward  (id, name, district_id, created_at) values (280, 'Phường Viên Sơn', 18, NOW());
insert into ExampleDb.address_ward  (id, name, district_id, created_at) values (281, 'Xã Xuân Sơn', 18, NOW());
insert into ExampleDb.address_ward  (id, name, district_id, created_at) values (282, 'Phường Trung Hưng', 18, NOW());
insert into ExampleDb.address_ward  (id, name, district_id, created_at) values (283, 'Xã Thanh Mỹ', 18, NOW());
insert into ExampleDb.address_ward  (id, name, district_id, created_at) values (284, 'Phường Trung Sơn Trầm', 18, NOW());
insert into ExampleDb.address_ward  (id, name, district_id, created_at) values (285, 'Xã Kim Sơn', 18, NOW());
insert into ExampleDb.address_ward  (id, name, district_id, created_at) values (286, 'Xã Sơn Đông', 18, NOW());
insert into ExampleDb.address_ward  (id, name, district_id, created_at) values (287, 'Xã Cổ Đông', 18, NOW());
insert into ExampleDb.address_district  (id, name, province_id, created_at) values (19, 'Huyện Ba Vì', 1, NOW());
insert into ExampleDb.address_ward  (id, name, district_id, created_at) values (288, 'Thị trấn Tây Đằng', 19, NOW());
insert into ExampleDb.address_ward  (id, name, district_id, created_at) values (289, 'Xã Phú Cường', 19, NOW());
insert into ExampleDb.address_ward  (id, name, district_id, created_at) values (290, 'Xã Cổ Đô', 19, NOW());
insert into ExampleDb.address_ward  (id, name, district_id, created_at) values (291, 'Xã Tản Hồng', 19, NOW());
insert into ExampleDb.address_ward  (id, name, district_id, created_at) values (292, 'Xã Vạn Thắng', 19, NOW());
insert into ExampleDb.address_ward  (id, name, district_id, created_at) values (293, 'Xã Châu Sơn', 19, NOW());
insert into ExampleDb.address_ward  (id, name, district_id, created_at) values (294, 'Xã Phong Vân', 19, NOW());
insert into ExampleDb.address_ward  (id, name, district_id, created_at) values (295, 'Xã Phú Đông', 19, NOW());
insert into ExampleDb.address_ward  (id, name, district_id, created_at) values (296, 'Xã Phú Phương', 19, NOW());
insert into ExampleDb.address_ward  (id, name, district_id, created_at) values (297, 'Xã Phú Châu', 19, NOW());
insert into ExampleDb.address_ward  (id, name, district_id, created_at) values (298, 'Xã Thái Hòa', 19, NOW());
insert into ExampleDb.address_ward  (id, name, district_id, created_at) values (299, 'Xã Đồng Thái', 19, NOW());
insert into ExampleDb.address_ward  (id, name, district_id, created_at) values (300, 'Xã Phú Sơn', 19, NOW());
insert into ExampleDb.address_ward  (id, name, district_id, created_at) values (301, 'Xã Minh Châu', 19, NOW());
insert into ExampleDb.address_ward  (id, name, district_id, created_at) values (302, 'Xã Vật Lại', 19, NOW());
insert into ExampleDb.address_ward  (id, name, district_id, created_at) values (303, 'Xã Chu Minh', 19, NOW());
insert into ExampleDb.address_ward  (id, name, district_id, created_at) values (304, 'Xã Tòng Bạt', 19, NOW());
insert into ExampleDb.address_ward  (id, name, district_id, created_at) values (305, 'Xã Cẩm Lĩnh', 19, NOW());
insert into ExampleDb.address_ward  (id, name, district_id, created_at) values (306, 'Xã Sơn Đà', 19, NOW());
insert into ExampleDb.address_ward  (id, name, district_id, created_at) values (307, 'Xã Đông Quang', 19, NOW());
insert into ExampleDb.address_ward  (id, name, district_id, created_at) values (308, 'Xã Tiên Phong', 19, NOW());
insert into ExampleDb.address_ward  (id, name, district_id, created_at) values (309, 'Xã Thụy An', 19, NOW());
insert into ExampleDb.address_ward  (id, name, district_id, created_at) values (310, 'Xã Cam Thượng', 19, NOW());
insert into ExampleDb.address_ward  (id, name, district_id, created_at) values (311, 'Xã Thuần Mỹ', 19, NOW());
insert into ExampleDb.address_ward  (id, name, district_id, created_at) values (312, 'Xã Tản Lĩnh', 19, NOW());
insert into ExampleDb.address_ward  (id, name, district_id, created_at) values (313, 'Xã Ba Trại', 19, NOW());
insert into ExampleDb.address_ward  (id, name, district_id, created_at) values (314, 'Xã Minh Quang', 19, NOW());
insert into ExampleDb.address_ward  (id, name, district_id, created_at) values (315, 'Xã Ba Vì', 19, NOW());
insert into ExampleDb.address_ward  (id, name, district_id, created_at) values (316, 'Xã Vân Hòa', 19, NOW());
insert into ExampleDb.address_ward  (id, name, district_id, created_at) values (317, 'Xã Yên Bài', 19, NOW());
insert into ExampleDb.address_ward  (id, name, district_id, created_at) values (318, 'Xã Khánh Thượng', 19, NOW());
insert into ExampleDb.address_district  (id, name, province_id, created_at) values (20, 'Huyện Phúc Thọ', 1, NOW());
insert into ExampleDb.address_ward  (id, name, district_id, created_at) values (319, 'Thị trấn Phúc Thọ', 20, NOW());
insert into ExampleDb.address_ward  (id, name, district_id, created_at) values (320, 'Xã Vân Hà', 20, NOW());
insert into ExampleDb.address_ward  (id, name, district_id, created_at) values (321, 'Xã Vân Phúc', 20, NOW());
insert into ExampleDb.address_ward  (id, name, district_id, created_at) values (322, 'Xã Vân Nam', 20, NOW());
insert into ExampleDb.address_ward  (id, name, district_id, created_at) values (323, 'Xã Xuân Đình', 20, NOW());
insert into ExampleDb.address_ward  (id, name, district_id, created_at) values (324, 'Xã Sen Phương', 20, NOW());
insert into ExampleDb.address_ward  (id, name, district_id, created_at) values (325, 'Xã Võng Xuyên', 20, NOW());
insert into ExampleDb.address_ward  (id, name, district_id, created_at) values (326, 'Xã Thọ Lộc', 20, NOW());
insert into ExampleDb.address_ward  (id, name, district_id, created_at) values (327, 'Xã Long Xuyên', 20, NOW());
insert into ExampleDb.address_ward  (id, name, district_id, created_at) values (328, 'Xã Thượng Cốc', 20, NOW());
insert into ExampleDb.address_ward  (id, name, district_id, created_at) values (329, 'Xã Hát Môn', 20, NOW());
insert into ExampleDb.address_ward  (id, name, district_id, created_at) values (330, 'Xã Tích Giang', 20, NOW());
insert into ExampleDb.address_ward  (id, name, district_id, created_at) values (331, 'Xã Thanh Đa', 20, NOW());
insert into ExampleDb.address_ward  (id, name, district_id, created_at) values (332, 'Xã Trạch Mỹ Lộc', 20, NOW());
insert into ExampleDb.address_ward  (id, name, district_id, created_at) values (333, 'Xã Phúc Hòa', 20, NOW());
insert into ExampleDb.address_ward  (id, name, district_id, created_at) values (334, 'Xã Ngọc Tảo', 20, NOW());
insert into ExampleDb.address_ward  (id, name, district_id, created_at) values (335, 'Xã Phụng Thượng', 20, NOW());
insert into ExampleDb.address_ward  (id, name, district_id, created_at) values (336, 'Xã Tam Thuấn', 20, NOW());
insert into ExampleDb.address_ward  (id, name, district_id, created_at) values (337, 'Xã Tam Hiệp', 20, NOW());
insert into ExampleDb.address_ward  (id, name, district_id, created_at) values (338, 'Xã Hiệp Thuận', 20, NOW());
insert into ExampleDb.address_ward  (id, name, district_id, created_at) values (339, 'Xã Liên Hiệp', 20, NOW());
insert into ExampleDb.address_district  (id, name, province_id, created_at) values (21, 'Huyện Đan Phượng', 1, NOW());
insert into ExampleDb.address_ward  (id, name, district_id, created_at) values (340, 'Thị trấn Phùng', 21, NOW());
insert into ExampleDb.address_ward  (id, name, district_id, created_at) values (341, 'Xã Trung Châu', 21, NOW());
insert into ExampleDb.address_ward  (id, name, district_id, created_at) values (342, 'Xã Thọ An', 21, NOW());
insert into ExampleDb.address_ward  (id, name, district_id, created_at) values (343, 'Xã Thọ Xuân', 21, NOW());
insert into ExampleDb.address_ward  (id, name, district_id, created_at) values (344, 'Xã Hồng Hà', 21, NOW());
insert into ExampleDb.address_ward  (id, name, district_id, created_at) values (345, 'Xã Liên Hồng', 21, NOW());
insert into ExampleDb.address_ward  (id, name, district_id, created_at) values (346, 'Xã Liên Hà', 21, NOW());
insert into ExampleDb.address_ward  (id, name, district_id, created_at) values (347, 'Xã Hạ Mỗ', 21, NOW());
insert into ExampleDb.address_ward  (id, name, district_id, created_at) values (348, 'Xã Liên Trung', 21, NOW());
insert into ExampleDb.address_ward  (id, name, district_id, created_at) values (349, 'Xã Phương Đình', 21, NOW());
insert into ExampleDb.address_ward  (id, name, district_id, created_at) values (350, 'Xã Thượng Mỗ', 21, NOW());
insert into ExampleDb.address_ward  (id, name, district_id, created_at) values (351, 'Xã Tân Hội', 21, NOW());
insert into ExampleDb.address_ward  (id, name, district_id, created_at) values (352, 'Xã Tân Lập', 21, NOW());
insert into ExampleDb.address_ward  (id, name, district_id, created_at) values (353, 'Xã Đan Phượng', 21, NOW());
insert into ExampleDb.address_ward  (id, name, district_id, created_at) values (354, 'Xã Đồng Tháp', 21, NOW());
insert into ExampleDb.address_ward  (id, name, district_id, created_at) values (355, 'Xã Song Phượng', 21, NOW());
insert into ExampleDb.address_district  (id, name, province_id, created_at) values (22, 'Huyện Hoài Đức', 1, NOW());
insert into ExampleDb.address_ward  (id, name, district_id, created_at) values (356, 'Thị trấn Trạm Trôi', 22, NOW());
insert into ExampleDb.address_ward  (id, name, district_id, created_at) values (357, 'Xã Đức Thượng', 22, NOW());
insert into ExampleDb.address_ward  (id, name, district_id, created_at) values (358, 'Xã Minh Khai', 22, NOW());
insert into ExampleDb.address_ward  (id, name, district_id, created_at) values (359, 'Xã Dương Liễu', 22, NOW());
insert into ExampleDb.address_ward  (id, name, district_id, created_at) values (360, 'Xã Di Trạch', 22, NOW());
insert into ExampleDb.address_ward  (id, name, district_id, created_at) values (361, 'Xã Đức Giang', 22, NOW());
insert into ExampleDb.address_ward  (id, name, district_id, created_at) values (362, 'Xã Cát Quế', 22, NOW());
insert into ExampleDb.address_ward  (id, name, district_id, created_at) values (363, 'Xã Kim Chung', 22, NOW());
insert into ExampleDb.address_ward  (id, name, district_id, created_at) values (364, 'Xã Yên Sở', 22, NOW());
insert into ExampleDb.address_ward  (id, name, district_id, created_at) values (365, 'Xã Sơn Đồng', 22, NOW());
insert into ExampleDb.address_ward  (id, name, district_id, created_at) values (366, 'Xã Vân Canh', 22, NOW());
insert into ExampleDb.address_ward  (id, name, district_id, created_at) values (367, 'Xã Đắc Sở', 22, NOW());
insert into ExampleDb.address_ward  (id, name, district_id, created_at) values (368, 'Xã Lại Yên', 22, NOW());
insert into ExampleDb.address_ward  (id, name, district_id, created_at) values (369, 'Xã Tiền Yên', 22, NOW());
insert into ExampleDb.address_ward  (id, name, district_id, created_at) values (370, 'Xã Song Phương', 22, NOW());
insert into ExampleDb.address_ward  (id, name, district_id, created_at) values (371, 'Xã An Khánh', 22, NOW());
insert into ExampleDb.address_ward  (id, name, district_id, created_at) values (372, 'Xã An Thượng', 22, NOW());
insert into ExampleDb.address_ward  (id, name, district_id, created_at) values (373, 'Xã Vân Côn', 22, NOW());
insert into ExampleDb.address_ward  (id, name, district_id, created_at) values (374, 'Xã La Phù', 22, NOW());
insert into ExampleDb.address_ward  (id, name, district_id, created_at) values (375, 'Xã Đông La', 22, NOW());
insert into ExampleDb.address_district  (id, name, province_id, created_at) values (23, 'Huyện Quốc Oai', 1, NOW());
insert into ExampleDb.address_ward  (id, name, district_id, created_at) values (376, 'Xã Đông Xuân', 23, NOW());
insert into ExampleDb.address_ward  (id, name, district_id, created_at) values (377, 'Thị trấn Quốc Oai', 23, NOW());
insert into ExampleDb.address_ward  (id, name, district_id, created_at) values (378, 'Xã Sài Sơn', 23, NOW());
insert into ExampleDb.address_ward  (id, name, district_id, created_at) values (379, 'Xã Phượng Cách', 23, NOW());
insert into ExampleDb.address_ward  (id, name, district_id, created_at) values (380, 'Xã Yên Sơn', 23, NOW());
insert into ExampleDb.address_ward  (id, name, district_id, created_at) values (381, 'Xã Ngọc Liệp', 23, NOW());
insert into ExampleDb.address_ward  (id, name, district_id, created_at) values (382, 'Xã Ngọc Mỹ', 23, NOW());
insert into ExampleDb.address_ward  (id, name, district_id, created_at) values (383, 'Xã Liệp Tuyết', 23, NOW());
insert into ExampleDb.address_ward  (id, name, district_id, created_at) values (384, 'Xã Thạch Thán', 23, NOW());
insert into ExampleDb.address_ward  (id, name, district_id, created_at) values (385, 'Xã Đồng Quang', 23, NOW());
insert into ExampleDb.address_ward  (id, name, district_id, created_at) values (386, 'Xã Phú Cát', 23, NOW());
insert into ExampleDb.address_ward  (id, name, district_id, created_at) values (387, 'Xã Tuyết Nghĩa', 23, NOW());
insert into ExampleDb.address_ward  (id, name, district_id, created_at) values (388, 'Xã Nghĩa Hương', 23, NOW());
insert into ExampleDb.address_ward  (id, name, district_id, created_at) values (389, 'Xã Cộng Hòa', 23, NOW());
insert into ExampleDb.address_ward  (id, name, district_id, created_at) values (390, 'Xã Tân Phú', 23, NOW());
insert into ExampleDb.address_ward  (id, name, district_id, created_at) values (391, 'Xã Đại Thành', 23, NOW());
insert into ExampleDb.address_ward  (id, name, district_id, created_at) values (392, 'Xã Phú Mãn', 23, NOW());
insert into ExampleDb.address_ward  (id, name, district_id, created_at) values (393, 'Xã Cấn Hữu', 23, NOW());
insert into ExampleDb.address_ward  (id, name, district_id, created_at) values (394, 'Xã Tân Hòa', 23, NOW());
insert into ExampleDb.address_ward  (id, name, district_id, created_at) values (395, 'Xã Hòa Thạch', 23, NOW());
insert into ExampleDb.address_ward  (id, name, district_id, created_at) values (396, 'Xã Đông Yên', 23, NOW());
insert into ExampleDb.address_district  (id, name, province_id, created_at) values (24, 'Huyện Thạch Thất', 1, NOW());
insert into ExampleDb.address_ward  (id, name, district_id, created_at) values (397, 'Xã Yên Trung', 24, NOW());
insert into ExampleDb.address_ward  (id, name, district_id, created_at) values (398, 'Xã Yên Bình', 24, NOW());
insert into ExampleDb.address_ward  (id, name, district_id, created_at) values (399, 'Xã Tiến Xuân', 24, NOW());
insert into ExampleDb.address_ward  (id, name, district_id, created_at) values (400, 'Thị trấn Liên Quan', 24, NOW());
insert into ExampleDb.address_ward  (id, name, district_id, created_at) values (401, 'Xã Đại Đồng', 24, NOW());
insert into ExampleDb.address_ward  (id, name, district_id, created_at) values (402, 'Xã Cẩm Yên', 24, NOW());
insert into ExampleDb.address_ward  (id, name, district_id, created_at) values (403, 'Xã Lại Thượng', 24, NOW());
insert into ExampleDb.address_ward  (id, name, district_id, created_at) values (404, 'Xã Phú Kim', 24, NOW());
insert into ExampleDb.address_ward  (id, name, district_id, created_at) values (405, 'Xã Hương Ngải', 24, NOW());
insert into ExampleDb.address_ward  (id, name, district_id, created_at) values (406, 'Xã Canh Nậu', 24, NOW());
insert into ExampleDb.address_ward  (id, name, district_id, created_at) values (407, 'Xã Kim Quan', 24, NOW());
insert into ExampleDb.address_ward  (id, name, district_id, created_at) values (408, 'Xã Dị Nậu', 24, NOW());
insert into ExampleDb.address_ward  (id, name, district_id, created_at) values (409, 'Xã Bình Yên', 24, NOW());
insert into ExampleDb.address_ward  (id, name, district_id, created_at) values (410, 'Xã Chàng Sơn', 24, NOW());
insert into ExampleDb.address_ward  (id, name, district_id, created_at) values (411, 'Xã Thạch Hoà', 24, NOW());
insert into ExampleDb.address_ward  (id, name, district_id, created_at) values (412, 'Xã Cần Kiệm', 24, NOW());
insert into ExampleDb.address_ward  (id, name, district_id, created_at) values (413, 'Xã Hữu Bằng', 24, NOW());
insert into ExampleDb.address_ward  (id, name, district_id, created_at) values (414, 'Xã Phùng Xá', 24, NOW());
insert into ExampleDb.address_ward  (id, name, district_id, created_at) values (415, 'Xã Tân Xã', 24, NOW());
insert into ExampleDb.address_ward  (id, name, district_id, created_at) values (416, 'Xã Thạch Xá', 24, NOW());
insert into ExampleDb.address_ward  (id, name, district_id, created_at) values (417, 'Xã Bình Phú', 24, NOW());
insert into ExampleDb.address_ward  (id, name, district_id, created_at) values (418, 'Xã Hạ Bằng', 24, NOW());
insert into ExampleDb.address_ward  (id, name, district_id, created_at) values (419, 'Xã Đồng Trúc', 24, NOW());
insert into ExampleDb.address_district  (id, name, province_id, created_at) values (25, 'Huyện Chương Mỹ', 1, NOW());
insert into ExampleDb.address_ward  (id, name, district_id, created_at) values (420, 'Thị trấn Chúc Sơn', 25, NOW());
insert into ExampleDb.address_ward  (id, name, district_id, created_at) values (421, 'Thị trấn Xuân Mai', 25, NOW());
insert into ExampleDb.address_ward  (id, name, district_id, created_at) values (422, 'Xã Phụng Châu', 25, NOW());
insert into ExampleDb.address_ward  (id, name, district_id, created_at) values (423, 'Xã Tiên Phương', 25, NOW());
insert into ExampleDb.address_ward  (id, name, district_id, created_at) values (424, 'Xã Đông Sơn', 25, NOW());
insert into ExampleDb.address_ward  (id, name, district_id, created_at) values (425, 'Xã Đông Phương Yên', 25, NOW());
insert into ExampleDb.address_ward  (id, name, district_id, created_at) values (426, 'Xã Phú Nghĩa', 25, NOW());
insert into ExampleDb.address_ward  (id, name, district_id, created_at) values (427, 'Xã Trường Yên', 25, NOW());
insert into ExampleDb.address_ward  (id, name, district_id, created_at) values (428, 'Xã Ngọc Hòa', 25, NOW());
insert into ExampleDb.address_ward  (id, name, district_id, created_at) values (429, 'Xã Thủy Xuân Tiên', 25, NOW());
insert into ExampleDb.address_ward  (id, name, district_id, created_at) values (430, 'Xã Thanh Bình', 25, NOW());
insert into ExampleDb.address_ward  (id, name, district_id, created_at) values (431, 'Xã Trung Hòa', 25, NOW());
insert into ExampleDb.address_ward  (id, name, district_id, created_at) values (432, 'Xã Đại Yên', 25, NOW());
insert into ExampleDb.address_ward  (id, name, district_id, created_at) values (433, 'Xã Thụy Hương', 25, NOW());
insert into ExampleDb.address_ward  (id, name, district_id, created_at) values (434, 'Xã Tốt Động', 25, NOW());
insert into ExampleDb.address_ward  (id, name, district_id, created_at) values (435, 'Xã Lam Điền', 25, NOW());
insert into ExampleDb.address_ward  (id, name, district_id, created_at) values (436, 'Xã Tân Tiến', 25, NOW());
insert into ExampleDb.address_ward  (id, name, district_id, created_at) values (437, 'Xã Nam Phương Tiến', 25, NOW());
insert into ExampleDb.address_ward  (id, name, district_id, created_at) values (438, 'Xã Hợp Đồng', 25, NOW());
insert into ExampleDb.address_ward  (id, name, district_id, created_at) values (439, 'Xã Hoàng Văn Thụ', 25, NOW());
insert into ExampleDb.address_ward  (id, name, district_id, created_at) values (440, 'Xã Hoàng Diệu', 25, NOW());
insert into ExampleDb.address_ward  (id, name, district_id, created_at) values (441, 'Xã Hữu Văn', 25, NOW());
insert into ExampleDb.address_ward  (id, name, district_id, created_at) values (442, 'Xã Quảng Bị', 25, NOW());
insert into ExampleDb.address_ward  (id, name, district_id, created_at) values (443, 'Xã Mỹ Lương', 25, NOW());
insert into ExampleDb.address_ward  (id, name, district_id, created_at) values (444, 'Xã Thượng Vực', 25, NOW());
insert into ExampleDb.address_ward  (id, name, district_id, created_at) values (445, 'Xã Hồng Phong', 25, NOW());
insert into ExampleDb.address_ward  (id, name, district_id, created_at) values (446, 'Xã Đồng Phú', 25, NOW());
insert into ExampleDb.address_ward  (id, name, district_id, created_at) values (447, 'Xã Trần Phú', 25, NOW());
insert into ExampleDb.address_ward  (id, name, district_id, created_at) values (448, 'Xã Văn Võ', 25, NOW());
insert into ExampleDb.address_ward  (id, name, district_id, created_at) values (449, 'Xã Đồng Lạc', 25, NOW());
insert into ExampleDb.address_ward  (id, name, district_id, created_at) values (450, 'Xã Hòa Chính', 25, NOW());
insert into ExampleDb.address_ward  (id, name, district_id, created_at) values (451, 'Xã Phú Nam An', 25, NOW());
insert into ExampleDb.address_district  (id, name, province_id, created_at) values (26, 'Huyện Thanh Oai', 1, NOW());
insert into ExampleDb.address_ward  (id, name, district_id, created_at) values (452, 'Thị trấn Kim Bài', 26, NOW());
insert into ExampleDb.address_ward  (id, name, district_id, created_at) values (453, 'Xã Cự Khê', 26, NOW());
insert into ExampleDb.address_ward  (id, name, district_id, created_at) values (454, 'Xã Bích Hòa', 26, NOW());
insert into ExampleDb.address_ward  (id, name, district_id, created_at) values (455, 'Xã Mỹ Hưng', 26, NOW());
insert into ExampleDb.address_ward  (id, name, district_id, created_at) values (456, 'Xã Cao Viên', 26, NOW());
insert into ExampleDb.address_ward  (id, name, district_id, created_at) values (457, 'Xã Bình Minh', 26, NOW());
insert into ExampleDb.address_ward  (id, name, district_id, created_at) values (458, 'Xã Tam Hưng', 26, NOW());
insert into ExampleDb.address_ward  (id, name, district_id, created_at) values (459, 'Xã Thanh Cao', 26, NOW());
insert into ExampleDb.address_ward  (id, name, district_id, created_at) values (460, 'Xã Thanh Thùy', 26, NOW());
insert into ExampleDb.address_ward  (id, name, district_id, created_at) values (461, 'Xã Thanh Mai', 26, NOW());
insert into ExampleDb.address_ward  (id, name, district_id, created_at) values (462, 'Xã Thanh Văn', 26, NOW());
insert into ExampleDb.address_ward  (id, name, district_id, created_at) values (463, 'Xã Đỗ Động', 26, NOW());
insert into ExampleDb.address_ward  (id, name, district_id, created_at) values (464, 'Xã Kim An', 26, NOW());
insert into ExampleDb.address_ward  (id, name, district_id, created_at) values (465, 'Xã Kim Thư', 26, NOW());
insert into ExampleDb.address_ward  (id, name, district_id, created_at) values (466, 'Xã Phương Trung', 26, NOW());
insert into ExampleDb.address_ward  (id, name, district_id, created_at) values (467, 'Xã Tân Ước', 26, NOW());
insert into ExampleDb.address_ward  (id, name, district_id, created_at) values (468, 'Xã Dân Hòa', 26, NOW());
insert into ExampleDb.address_ward  (id, name, district_id, created_at) values (469, 'Xã Liên Châu', 26, NOW());
insert into ExampleDb.address_ward  (id, name, district_id, created_at) values (470, 'Xã Cao Dương', 26, NOW());
insert into ExampleDb.address_ward  (id, name, district_id, created_at) values (471, 'Xã Xuân Dương', 26, NOW());
insert into ExampleDb.address_ward  (id, name, district_id, created_at) values (472, 'Xã Hồng Dương', 26, NOW());
insert into ExampleDb.address_district  (id, name, province_id, created_at) values (27, 'Huyện Thường Tín', 1, NOW());
insert into ExampleDb.address_ward  (id, name, district_id, created_at) values (473, 'Thị trấn Thường Tín', 27, NOW());
insert into ExampleDb.address_ward  (id, name, district_id, created_at) values (474, 'Xã Ninh Sở', 27, NOW());
insert into ExampleDb.address_ward  (id, name, district_id, created_at) values (475, 'Xã Nhị Khê', 27, NOW());
insert into ExampleDb.address_ward  (id, name, district_id, created_at) values (476, 'Xã Duyên Thái', 27, NOW());
insert into ExampleDb.address_ward  (id, name, district_id, created_at) values (477, 'Xã Khánh Hà', 27, NOW());
insert into ExampleDb.address_ward  (id, name, district_id, created_at) values (478, 'Xã Hòa Bình', 27, NOW());
insert into ExampleDb.address_ward  (id, name, district_id, created_at) values (479, 'Xã Văn Bình', 27, NOW());
insert into ExampleDb.address_ward  (id, name, district_id, created_at) values (480, 'Xã Hiền Giang', 27, NOW());
insert into ExampleDb.address_ward  (id, name, district_id, created_at) values (481, 'Xã Hồng Vân', 27, NOW());
insert into ExampleDb.address_ward  (id, name, district_id, created_at) values (482, 'Xã Vân Tảo', 27, NOW());
insert into ExampleDb.address_ward  (id, name, district_id, created_at) values (483, 'Xã Liên Phương', 27, NOW());
insert into ExampleDb.address_ward  (id, name, district_id, created_at) values (484, 'Xã Văn Phú', 27, NOW());
insert into ExampleDb.address_ward  (id, name, district_id, created_at) values (485, 'Xã Tự Nhiên', 27, NOW());
insert into ExampleDb.address_ward  (id, name, district_id, created_at) values (486, 'Xã Tiền Phong', 27, NOW());
insert into ExampleDb.address_ward  (id, name, district_id, created_at) values (487, 'Xã Hà Hồi', 27, NOW());
insert into ExampleDb.address_ward  (id, name, district_id, created_at) values (488, 'Xã Thư Phú', 27, NOW());
insert into ExampleDb.address_ward  (id, name, district_id, created_at) values (489, 'Xã Nguyễn Trãi', 27, NOW());
insert into ExampleDb.address_ward  (id, name, district_id, created_at) values (490, 'Xã Quất Động', 27, NOW());
insert into ExampleDb.address_ward  (id, name, district_id, created_at) values (491, 'Xã Chương Dương', 27, NOW());
insert into ExampleDb.address_ward  (id, name, district_id, created_at) values (492, 'Xã Tân Minh', 27, NOW());
insert into ExampleDb.address_ward  (id, name, district_id, created_at) values (493, 'Xã Lê Lợi', 27, NOW());
insert into ExampleDb.address_ward  (id, name, district_id, created_at) values (494, 'Xã Thắng Lợi', 27, NOW());
insert into ExampleDb.address_ward  (id, name, district_id, created_at) values (495, 'Xã Dũng Tiến', 27, NOW());
insert into ExampleDb.address_ward  (id, name, district_id, created_at) values (496, 'Xã Thống Nhất', 27, NOW());
insert into ExampleDb.address_ward  (id, name, district_id, created_at) values (497, 'Xã Nghiêm Xuyên', 27, NOW());
insert into ExampleDb.address_ward  (id, name, district_id, created_at) values (498, 'Xã Tô Hiệu', 27, NOW());
insert into ExampleDb.address_ward  (id, name, district_id, created_at) values (499, 'Xã Văn Tự', 27, NOW());
insert into ExampleDb.address_ward  (id, name, district_id, created_at) values (500, 'Xã Vạn Điểm', 27, NOW());
insert into ExampleDb.address_ward  (id, name, district_id, created_at) values (501, 'Xã Minh Cường', 27, NOW());
insert into ExampleDb.address_district  (id, name, province_id, created_at) values (28, 'Huyện Phú Xuyên', 1, NOW());
insert into ExampleDb.address_ward  (id, name, district_id, created_at) values (502, 'Thị trấn Phú Minh', 28, NOW());
insert into ExampleDb.address_ward  (id, name, district_id, created_at) values (503, 'Thị trấn Phú Xuyên', 28, NOW());
insert into ExampleDb.address_ward  (id, name, district_id, created_at) values (504, 'Xã Hồng Minh', 28, NOW());
insert into ExampleDb.address_ward  (id, name, district_id, created_at) values (505, 'Xã Phượng Dực', 28, NOW());
insert into ExampleDb.address_ward  (id, name, district_id, created_at) values (506, 'Xã Nam Tiến', 28, NOW());
insert into ExampleDb.address_ward  (id, name, district_id, created_at) values (507, 'Xã Tri Trung', 28, NOW());
insert into ExampleDb.address_ward  (id, name, district_id, created_at) values (508, 'Xã Đại Thắng', 28, NOW());
insert into ExampleDb.address_ward  (id, name, district_id, created_at) values (509, 'Xã Phú Túc', 28, NOW());
insert into ExampleDb.address_ward  (id, name, district_id, created_at) values (510, 'Xã Văn Hoàng', 28, NOW());
insert into ExampleDb.address_ward  (id, name, district_id, created_at) values (511, 'Xã Hồng Thái', 28, NOW());
insert into ExampleDb.address_ward  (id, name, district_id, created_at) values (512, 'Xã Hoàng Long', 28, NOW());
insert into ExampleDb.address_ward  (id, name, district_id, created_at) values (513, 'Xã Quang Trung', 28, NOW());
insert into ExampleDb.address_ward  (id, name, district_id, created_at) values (514, 'Xã Nam Phong', 28, NOW());
insert into ExampleDb.address_ward  (id, name, district_id, created_at) values (515, 'Xã Nam Triều', 28, NOW());
insert into ExampleDb.address_ward  (id, name, district_id, created_at) values (516, 'Xã Tân Dân', 28, NOW());
insert into ExampleDb.address_ward  (id, name, district_id, created_at) values (517, 'Xã Sơn Hà', 28, NOW());
insert into ExampleDb.address_ward  (id, name, district_id, created_at) values (518, 'Xã Chuyên Mỹ', 28, NOW());
insert into ExampleDb.address_ward  (id, name, district_id, created_at) values (519, 'Xã Khai Thái', 28, NOW());
insert into ExampleDb.address_ward  (id, name, district_id, created_at) values (520, 'Xã Phúc Tiến', 28, NOW());
insert into ExampleDb.address_ward  (id, name, district_id, created_at) values (521, 'Xã Vân Từ', 28, NOW());
insert into ExampleDb.address_ward  (id, name, district_id, created_at) values (522, 'Xã Tri Thủy', 28, NOW());
insert into ExampleDb.address_ward  (id, name, district_id, created_at) values (523, 'Xã Đại Xuyên', 28, NOW());
insert into ExampleDb.address_ward  (id, name, district_id, created_at) values (524, 'Xã Phú Yên', 28, NOW());
insert into ExampleDb.address_ward  (id, name, district_id, created_at) values (525, 'Xã Bạch Hạ', 28, NOW());
insert into ExampleDb.address_ward  (id, name, district_id, created_at) values (526, 'Xã Quang Lãng', 28, NOW());
insert into ExampleDb.address_ward  (id, name, district_id, created_at) values (527, 'Xã Châu Can', 28, NOW());
insert into ExampleDb.address_ward  (id, name, district_id, created_at) values (528, 'Xã Minh Tân', 28, NOW());
insert into ExampleDb.address_district  (id, name, province_id, created_at) values (29, 'Huyện Ứng Hòa', 1, NOW());
insert into ExampleDb.address_ward  (id, name, district_id, created_at) values (529, 'Thị trấn Vân Đình', 29, NOW());
insert into ExampleDb.address_ward  (id, name, district_id, created_at) values (530, 'Xã Viên An', 29, NOW());
insert into ExampleDb.address_ward  (id, name, district_id, created_at) values (531, 'Xã Viên Nội', 29, NOW());
insert into ExampleDb.address_ward  (id, name, district_id, created_at) values (532, 'Xã Hoa Sơn', 29, NOW());
insert into ExampleDb.address_ward  (id, name, district_id, created_at) values (533, 'Xã Quảng Phú Cầu', 29, NOW());
insert into ExampleDb.address_ward  (id, name, district_id, created_at) values (534, 'Xã Trường Thịnh', 29, NOW());
insert into ExampleDb.address_ward  (id, name, district_id, created_at) values (535, 'Xã Cao Thành', 29, NOW());
insert into ExampleDb.address_ward  (id, name, district_id, created_at) values (536, 'Xã Liên Bạt', 29, NOW());
insert into ExampleDb.address_ward  (id, name, district_id, created_at) values (537, 'Xã Sơn Công', 29, NOW());
insert into ExampleDb.address_ward  (id, name, district_id, created_at) values (538, 'Xã Đồng Tiến', 29, NOW());
insert into ExampleDb.address_ward  (id, name, district_id, created_at) values (539, 'Xã Phương Tú', 29, NOW());
insert into ExampleDb.address_ward  (id, name, district_id, created_at) values (540, 'Xã Trung Tú', 29, NOW());
insert into ExampleDb.address_ward  (id, name, district_id, created_at) values (541, 'Xã Đồng Tân', 29, NOW());
insert into ExampleDb.address_ward  (id, name, district_id, created_at) values (542, 'Xã Tảo Dương Văn', 29, NOW());
insert into ExampleDb.address_ward  (id, name, district_id, created_at) values (543, 'Xã Vạn Thái', 29, NOW());
insert into ExampleDb.address_ward  (id, name, district_id, created_at) values (544, 'Xã Minh Đức', 29, NOW());
insert into ExampleDb.address_ward  (id, name, district_id, created_at) values (545, 'Xã Hòa Lâm', 29, NOW());
insert into ExampleDb.address_ward  (id, name, district_id, created_at) values (546, 'Xã Hòa Xá', 29, NOW());
insert into ExampleDb.address_ward  (id, name, district_id, created_at) values (547, 'Xã Trầm Lộng', 29, NOW());
insert into ExampleDb.address_ward  (id, name, district_id, created_at) values (548, 'Xã Kim Đường', 29, NOW());
insert into ExampleDb.address_ward  (id, name, district_id, created_at) values (549, 'Xã Hòa Nam', 29, NOW());
insert into ExampleDb.address_ward  (id, name, district_id, created_at) values (550, 'Xã Hòa Phú', 29, NOW());
insert into ExampleDb.address_ward  (id, name, district_id, created_at) values (551, 'Xã Đội Bình', 29, NOW());
insert into ExampleDb.address_ward  (id, name, district_id, created_at) values (552, 'Xã Đại Hùng', 29, NOW());
insert into ExampleDb.address_ward  (id, name, district_id, created_at) values (553, 'Xã Đông Lỗ', 29, NOW());
insert into ExampleDb.address_ward  (id, name, district_id, created_at) values (554, 'Xã Phù Lưu', 29, NOW());
insert into ExampleDb.address_ward  (id, name, district_id, created_at) values (555, 'Xã Đại Cường', 29, NOW());
insert into ExampleDb.address_ward  (id, name, district_id, created_at) values (556, 'Xã Lưu Hoàng', 29, NOW());
insert into ExampleDb.address_ward  (id, name, district_id, created_at) values (557, 'Xã Hồng Quang', 29, NOW());
insert into ExampleDb.address_district  (id, name, province_id, created_at) values (30, 'Huyện Mỹ Đức', 1, NOW());
insert into ExampleDb.address_ward  (id, name, district_id, created_at) values (558, 'Thị trấn Đại Nghĩa', 30, NOW());
insert into ExampleDb.address_ward  (id, name, district_id, created_at) values (559, 'Xã Đồng Tâm', 30, NOW());
insert into ExampleDb.address_ward  (id, name, district_id, created_at) values (560, 'Xã Thượng Lâm', 30, NOW());
insert into ExampleDb.address_ward  (id, name, district_id, created_at) values (561, 'Xã Tuy Lai', 30, NOW());
insert into ExampleDb.address_ward  (id, name, district_id, created_at) values (562, 'Xã Phúc Lâm', 30, NOW());
insert into ExampleDb.address_ward  (id, name, district_id, created_at) values (563, 'Xã Mỹ Thành', 30, NOW());
insert into ExampleDb.address_ward  (id, name, district_id, created_at) values (564, 'Xã Bột Xuyên', 30, NOW());
insert into ExampleDb.address_ward  (id, name, district_id, created_at) values (565, 'Xã An Mỹ', 30, NOW());
insert into ExampleDb.address_ward  (id, name, district_id, created_at) values (566, 'Xã Hồng Sơn', 30, NOW());
insert into ExampleDb.address_ward  (id, name, district_id, created_at) values (567, 'Xã Lê Thanh', 30, NOW());
insert into ExampleDb.address_ward  (id, name, district_id, created_at) values (568, 'Xã Xuy Xá', 30, NOW());
insert into ExampleDb.address_ward  (id, name, district_id, created_at) values (569, 'Xã Phùng Xá', 30, NOW());
insert into ExampleDb.address_ward  (id, name, district_id, created_at) values (570, 'Xã Phù Lưu Tế', 30, NOW());
insert into ExampleDb.address_ward  (id, name, district_id, created_at) values (571, 'Xã Đại Hưng', 30, NOW());
insert into ExampleDb.address_ward  (id, name, district_id, created_at) values (572, 'Xã Vạn Kim', 30, NOW());
insert into ExampleDb.address_ward  (id, name, district_id, created_at) values (573, 'Xã Đốc Tín', 30, NOW());
insert into ExampleDb.address_ward  (id, name, district_id, created_at) values (574, 'Xã Hương Sơn', 30, NOW());
insert into ExampleDb.address_ward  (id, name, district_id, created_at) values (575, 'Xã Hùng Tiến', 30, NOW());
insert into ExampleDb.address_ward  (id, name, district_id, created_at) values (576, 'Xã An Tiến', 30, NOW());
insert into ExampleDb.address_ward  (id, name, district_id, created_at) values (577, 'Xã Hợp Tiến', 30, NOW());
insert into ExampleDb.address_ward  (id, name, district_id, created_at) values (578, 'Xã Hợp Thanh', 30, NOW());
insert into ExampleDb.address_ward  (id, name, district_id, created_at) values (579, 'Xã An Phú', 30, NOW());
insert into ExampleDb.address_province (id, name, created_at) values (2, 'Tỉnh Hà Giang', NOW());
insert into ExampleDb.address_district  (id, name, province_id, created_at) values (31, 'Thành phố Hà Giang', 2, NOW());
insert into ExampleDb.address_ward  (id, name, district_id, created_at) values (580, 'Phường Quang Trung', 31, NOW());
insert into ExampleDb.address_ward  (id, name, district_id, created_at) values (581, 'Phường Trần Phú', 31, NOW());
insert into ExampleDb.address_ward  (id, name, district_id, created_at) values (582, 'Phường Ngọc Hà', 31, NOW());
insert into ExampleDb.address_ward  (id, name, district_id, created_at) values (583, 'Phường Nguyễn Trãi', 31, NOW());
insert into ExampleDb.address_ward  (id, name, district_id, created_at) values (584, 'Phường Minh Khai', 31, NOW());
insert into ExampleDb.address_ward  (id, name, district_id, created_at) values (585, 'Xã Ngọc Đường', 31, NOW());
insert into ExampleDb.address_ward  (id, name, district_id, created_at) values (586, 'Xã Phương Độ', 31, NOW());
insert into ExampleDb.address_ward  (id, name, district_id, created_at) values (587, 'Xã Phương Thiện', 31, NOW());
insert into ExampleDb.address_district  (id, name, province_id, created_at) values (32, 'Huyện Đồng Văn', 2, NOW());
insert into ExampleDb.address_ward  (id, name, district_id, created_at) values (588, 'Thị trấn Phó Bảng', 32, NOW());
insert into ExampleDb.address_ward  (id, name, district_id, created_at) values (589, 'Xã Lũng Cú', 32, NOW());
insert into ExampleDb.address_ward  (id, name, district_id, created_at) values (590, 'Xã Má Lé', 32, NOW());
insert into ExampleDb.address_ward  (id, name, district_id, created_at) values (591, 'Thị trấn Đồng Văn', 32, NOW());
insert into ExampleDb.address_ward  (id, name, district_id, created_at) values (592, 'Xã Lũng Táo', 32, NOW());
insert into ExampleDb.address_ward  (id, name, district_id, created_at) values (593, 'Xã Phố Là', 32, NOW());
insert into ExampleDb.address_ward  (id, name, district_id, created_at) values (594, 'Xã Thài Phìn Tủng', 32, NOW());
insert into ExampleDb.address_ward  (id, name, district_id, created_at) values (595, 'Xã Sủng Là', 32, NOW());
insert into ExampleDb.address_ward  (id, name, district_id, created_at) values (596, 'Xã Xà Phìn', 32, NOW());
insert into ExampleDb.address_ward  (id, name, district_id, created_at) values (597, 'Xã Tả Phìn', 32, NOW());
insert into ExampleDb.address_ward  (id, name, district_id, created_at) values (598, 'Xã Tả Lủng', 32, NOW());
insert into ExampleDb.address_ward  (id, name, district_id, created_at) values (599, 'Xã Phố Cáo', 32, NOW());
insert into ExampleDb.address_ward  (id, name, district_id, created_at) values (600, 'Xã Sính Lủng', 32, NOW());
insert into ExampleDb.address_ward  (id, name, district_id, created_at) values (601, 'Xã Sảng Tủng', 32, NOW());
insert into ExampleDb.address_ward  (id, name, district_id, created_at) values (602, 'Xã Lũng Thầu', 32, NOW());
insert into ExampleDb.address_ward  (id, name, district_id, created_at) values (603, 'Xã Hố Quáng Phìn', 32, NOW());
insert into ExampleDb.address_ward  (id, name, district_id, created_at) values (604, 'Xã Vần Chải', 32, NOW());
insert into ExampleDb.address_ward  (id, name, district_id, created_at) values (605, 'Xã Lũng Phìn', 32, NOW());
insert into ExampleDb.address_ward  (id, name, district_id, created_at) values (606, 'Xã Sủng Trái', 32, NOW());
insert into ExampleDb.address_district  (id, name, province_id, created_at) values (33, 'Huyện Mèo Vạc', 2, NOW());
insert into ExampleDb.address_ward  (id, name, district_id, created_at) values (607, 'Thị trấn Mèo Vạc', 33, NOW());
insert into ExampleDb.address_ward  (id, name, district_id, created_at) values (608, 'Xã Thượng Phùng', 33, NOW());
insert into ExampleDb.address_ward  (id, name, district_id, created_at) values (609, 'Xã Pải Lủng', 33, NOW());
insert into ExampleDb.address_ward  (id, name, district_id, created_at) values (610, 'Xã Xín Cái', 33, NOW());
insert into ExampleDb.address_ward  (id, name, district_id, created_at) values (611, 'Xã Pả Vi', 33, NOW());
insert into ExampleDb.address_ward  (id, name, district_id, created_at) values (612, 'Xã Giàng Chu Phìn', 33, NOW());
insert into ExampleDb.address_ward  (id, name, district_id, created_at) values (613, 'Xã Sủng Trà', 33, NOW());
insert into ExampleDb.address_ward  (id, name, district_id, created_at) values (614, 'Xã Sủng Máng', 33, NOW());
insert into ExampleDb.address_ward  (id, name, district_id, created_at) values (615, 'Xã Sơn Vĩ', 33, NOW());
insert into ExampleDb.address_ward  (id, name, district_id, created_at) values (616, 'Xã Tả Lủng', 33, NOW());
insert into ExampleDb.address_ward  (id, name, district_id, created_at) values (617, 'Xã Cán Chu Phìn', 33, NOW());
insert into ExampleDb.address_ward  (id, name, district_id, created_at) values (618, 'Xã Lũng Pù', 33, NOW());
insert into ExampleDb.address_ward  (id, name, district_id, created_at) values (619, 'Xã Lũng Chinh', 33, NOW());
insert into ExampleDb.address_ward  (id, name, district_id, created_at) values (620, 'Xã Tát Ngà', 33, NOW());
insert into ExampleDb.address_ward  (id, name, district_id, created_at) values (621, 'Xã Nậm Ban', 33, NOW());
insert into ExampleDb.address_ward  (id, name, district_id, created_at) values (622, 'Xã Khâu Vai', 33, NOW());
insert into ExampleDb.address_ward  (id, name, district_id, created_at) values (623, 'Xã Niêm Tòng', 33, NOW());
insert into ExampleDb.address_ward  (id, name, district_id, created_at) values (624, 'Xã Niêm Sơn', 33, NOW());
insert into ExampleDb.address_district  (id, name, province_id, created_at) values (34, 'Huyện Yên Minh', 2, NOW());
insert into ExampleDb.address_ward  (id, name, district_id, created_at) values (625, 'Thị trấn Yên Minh', 34, NOW());
insert into ExampleDb.address_ward  (id, name, district_id, created_at) values (626, 'Xã Thắng Mố', 34, NOW());
insert into ExampleDb.address_ward  (id, name, district_id, created_at) values (627, 'Xã Phú Lũng', 34, NOW());
insert into ExampleDb.address_ward  (id, name, district_id, created_at) values (628, 'Xã Sủng Tráng', 34, NOW());
insert into ExampleDb.address_ward  (id, name, district_id, created_at) values (629, 'Xã Bạch Đích', 34, NOW());
insert into ExampleDb.address_ward  (id, name, district_id, created_at) values (630, 'Xã Na Khê', 34, NOW());
insert into ExampleDb.address_ward  (id, name, district_id, created_at) values (631, 'Xã Sủng Thài', 34, NOW());
insert into ExampleDb.address_ward  (id, name, district_id, created_at) values (632, 'Xã Hữu Vinh', 34, NOW());
insert into ExampleDb.address_ward  (id, name, district_id, created_at) values (633, 'Xã Lao Và Chải', 34, NOW());
insert into ExampleDb.address_ward  (id, name, district_id, created_at) values (634, 'Xã Mậu Duệ', 34, NOW());
insert into ExampleDb.address_ward  (id, name, district_id, created_at) values (635, 'Xã Đông Minh', 34, NOW());
insert into ExampleDb.address_ward  (id, name, district_id, created_at) values (636, 'Xã Mậu Long', 34, NOW());
insert into ExampleDb.address_ward  (id, name, district_id, created_at) values (637, 'Xã Ngam La', 34, NOW());
insert into ExampleDb.address_ward  (id, name, district_id, created_at) values (638, 'Xã Ngọc Long', 34, NOW());
insert into ExampleDb.address_ward  (id, name, district_id, created_at) values (639, 'Xã Đường Thượng', 34, NOW());
insert into ExampleDb.address_ward  (id, name, district_id, created_at) values (640, 'Xã Lũng Hồ', 34, NOW());
insert into ExampleDb.address_ward  (id, name, district_id, created_at) values (641, 'Xã Du Tiến', 34, NOW());
insert into ExampleDb.address_ward  (id, name, district_id, created_at) values (642, 'Xã Du Già', 34, NOW());
insert into ExampleDb.address_district  (id, name, province_id, created_at) values (35, 'Huyện Quản Bạ', 2, NOW());
insert into ExampleDb.address_ward  (id, name, district_id, created_at) values (643, 'Thị trấn Tam Sơn', 35, NOW());
insert into ExampleDb.address_ward  (id, name, district_id, created_at) values (644, 'Xã Bát Đại Sơn', 35, NOW());
insert into ExampleDb.address_ward  (id, name, district_id, created_at) values (645, 'Xã Nghĩa Thuận', 35, NOW());
insert into ExampleDb.address_ward  (id, name, district_id, created_at) values (646, 'Xã Cán Tỷ', 35, NOW());
insert into ExampleDb.address_ward  (id, name, district_id, created_at) values (647, 'Xã Cao Mã Pờ', 35, NOW());
insert into ExampleDb.address_ward  (id, name, district_id, created_at) values (648, 'Xã Thanh Vân', 35, NOW());
insert into ExampleDb.address_ward  (id, name, district_id, created_at) values (649, 'Xã Tùng Vài', 35, NOW());
insert into ExampleDb.address_ward  (id, name, district_id, created_at) values (650, 'Xã Đông Hà', 35, NOW());
insert into ExampleDb.address_ward  (id, name, district_id, created_at) values (651, 'Xã Quản Bạ', 35, NOW());
insert into ExampleDb.address_ward  (id, name, district_id, created_at) values (652, 'Xã Lùng Tám', 35, NOW());
insert into ExampleDb.address_ward  (id, name, district_id, created_at) values (653, 'Xã Quyết Tiến', 35, NOW());
insert into ExampleDb.address_ward  (id, name, district_id, created_at) values (654, 'Xã Tả Ván', 35, NOW());
insert into ExampleDb.address_ward  (id, name, district_id, created_at) values (655, 'Xã Thái An', 35, NOW());
insert into ExampleDb.address_district  (id, name, province_id, created_at) values (36, 'Huyện Vị Xuyên', 2, NOW());
insert into ExampleDb.address_ward  (id, name, district_id, created_at) values (656, 'Xã Kim Thạch', 36, NOW());
insert into ExampleDb.address_ward  (id, name, district_id, created_at) values (657, 'Xã Phú Linh', 36, NOW());
insert into ExampleDb.address_ward  (id, name, district_id, created_at) values (658, 'Xã Kim Linh', 36, NOW());
insert into ExampleDb.address_ward  (id, name, district_id, created_at) values (659, 'Thị trấn Vị Xuyên', 36, NOW());
insert into ExampleDb.address_ward  (id, name, district_id, created_at) values (660, 'Thị trấn Nông Trường Việt Lâm', 36, NOW());
insert into ExampleDb.address_ward  (id, name, district_id, created_at) values (661, 'Xã Minh Tân', 36, NOW());
insert into ExampleDb.address_ward  (id, name, district_id, created_at) values (662, 'Xã Thuận Hoà', 36, NOW());
insert into ExampleDb.address_ward  (id, name, district_id, created_at) values (663, 'Xã Tùng Bá', 36, NOW());
insert into ExampleDb.address_ward  (id, name, district_id, created_at) values (664, 'Xã Thanh Thủy', 36, NOW());
insert into ExampleDb.address_ward  (id, name, district_id, created_at) values (665, 'Xã Thanh Đức', 36, NOW());
insert into ExampleDb.address_ward  (id, name, district_id, created_at) values (666, 'Xã Phong Quang', 36, NOW());
insert into ExampleDb.address_ward  (id, name, district_id, created_at) values (667, 'Xã Xín Chải', 36, NOW());
insert into ExampleDb.address_ward  (id, name, district_id, created_at) values (668, 'Xã Phương Tiến', 36, NOW());
insert into ExampleDb.address_ward  (id, name, district_id, created_at) values (669, 'Xã Lao Chải', 36, NOW());
insert into ExampleDb.address_ward  (id, name, district_id, created_at) values (670, 'Xã Cao Bồ', 36, NOW());
insert into ExampleDb.address_ward  (id, name, district_id, created_at) values (671, 'Xã Đạo Đức', 36, NOW());
insert into ExampleDb.address_ward  (id, name, district_id, created_at) values (672, 'Xã Thượng Sơn', 36, NOW());
insert into ExampleDb.address_ward  (id, name, district_id, created_at) values (673, 'Xã Linh Hồ', 36, NOW());
insert into ExampleDb.address_ward  (id, name, district_id, created_at) values (674, 'Xã Quảng Ngần', 36, NOW());
insert into ExampleDb.address_ward  (id, name, district_id, created_at) values (675, 'Xã Việt Lâm', 36, NOW());
insert into ExampleDb.address_ward  (id, name, district_id, created_at) values (676, 'Xã Ngọc Linh', 36, NOW());
insert into ExampleDb.address_ward  (id, name, district_id, created_at) values (677, 'Xã Ngọc Minh', 36, NOW());
insert into ExampleDb.address_ward  (id, name, district_id, created_at) values (678, 'Xã Bạch Ngọc', 36, NOW());
insert into ExampleDb.address_ward  (id, name, district_id, created_at) values (679, 'Xã Trung Thành', 36, NOW());
insert into ExampleDb.address_district  (id, name, province_id, created_at) values (37, 'Huyện Bắc Mê', 2, NOW());
insert into ExampleDb.address_ward  (id, name, district_id, created_at) values (680, 'Xã Minh Sơn', 37, NOW());
insert into ExampleDb.address_ward  (id, name, district_id, created_at) values (681, 'Xã Giáp Trung', 37, NOW());
insert into ExampleDb.address_ward  (id, name, district_id, created_at) values (682, 'Xã Yên Định', 37, NOW());
insert into ExampleDb.address_ward  (id, name, district_id, created_at) values (683, 'Thị trấn Yên Phú', 37, NOW());
insert into ExampleDb.address_ward  (id, name, district_id, created_at) values (684, 'Xã Minh Ngọc', 37, NOW());
insert into ExampleDb.address_ward  (id, name, district_id, created_at) values (685, 'Xã Yên Phong', 37, NOW());
insert into ExampleDb.address_ward  (id, name, district_id, created_at) values (686, 'Xã Lạc Nông', 37, NOW());
insert into ExampleDb.address_ward  (id, name, district_id, created_at) values (687, 'Xã Phú Nam', 37, NOW());
insert into ExampleDb.address_ward  (id, name, district_id, created_at) values (688, 'Xã Yên Cường', 37, NOW());
insert into ExampleDb.address_ward  (id, name, district_id, created_at) values (689, 'Xã Thượng Tân', 37, NOW());
insert into ExampleDb.address_ward  (id, name, district_id, created_at) values (690, 'Xã Đường Âm', 37, NOW());
insert into ExampleDb.address_ward  (id, name, district_id, created_at) values (691, 'Xã Đường Hồng', 37, NOW());
insert into ExampleDb.address_ward  (id, name, district_id, created_at) values (692, 'Xã Phiêng Luông', 37, NOW());
insert into ExampleDb.address_district  (id, name, province_id, created_at) values (38, 'Huyện Hoàng Su Phì', 2, NOW());
insert into ExampleDb.address_ward  (id, name, district_id, created_at) values (693, 'Thị trấn Vinh Quang', 38, NOW());
insert into ExampleDb.address_ward  (id, name, district_id, created_at) values (694, 'Xã Bản Máy', 38, NOW());
insert into ExampleDb.address_ward  (id, name, district_id, created_at) values (695, 'Xã Thàng Tín', 38, NOW());
insert into ExampleDb.address_ward  (id, name, district_id, created_at) values (696, 'Xã Thèn Chu Phìn', 38, NOW());
insert into ExampleDb.address_ward  (id, name, district_id, created_at) values (697, 'Xã Pố Lồ', 38, NOW());
insert into ExampleDb.address_ward  (id, name, district_id, created_at) values (698, 'Xã Bản Phùng', 38, NOW());
insert into ExampleDb.address_ward  (id, name, district_id, created_at) values (699, 'Xã Túng Sán', 38, NOW());
insert into ExampleDb.address_ward  (id, name, district_id, created_at) values (700, 'Xã Chiến Phố', 38, NOW());
insert into ExampleDb.address_ward  (id, name, district_id, created_at) values (701, 'Xã Đản Ván', 38, NOW());
insert into ExampleDb.address_ward  (id, name, district_id, created_at) values (702, 'Xã Tụ Nhân', 38, NOW());
insert into ExampleDb.address_ward  (id, name, district_id, created_at) values (703, 'Xã Tân Tiến', 38, NOW());
insert into ExampleDb.address_ward  (id, name, district_id, created_at) values (704, 'Xã Nàng Đôn', 38, NOW());
insert into ExampleDb.address_ward  (id, name, district_id, created_at) values (705, 'Xã Pờ Ly Ngài', 38, NOW());
insert into ExampleDb.address_ward  (id, name, district_id, created_at) values (706, 'Xã Sán Xả Hồ', 38, NOW());
insert into ExampleDb.address_ward  (id, name, district_id, created_at) values (707, 'Xã Bản Luốc', 38, NOW());
insert into ExampleDb.address_ward  (id, name, district_id, created_at) values (708, 'Xã Ngàm Đăng Vài', 38, NOW());
insert into ExampleDb.address_ward  (id, name, district_id, created_at) values (709, 'Xã Bản Nhùng', 38, NOW());
insert into ExampleDb.address_ward  (id, name, district_id, created_at) values (710, 'Xã Tả Sử Choóng', 38, NOW());
insert into ExampleDb.address_ward  (id, name, district_id, created_at) values (711, 'Xã Nậm Dịch', 38, NOW());
insert into ExampleDb.address_ward  (id, name, district_id, created_at) values (712, 'Xã Hồ Thầu', 38, NOW());
insert into ExampleDb.address_ward  (id, name, district_id, created_at) values (713, 'Xã Nam Sơn', 38, NOW());
insert into ExampleDb.address_ward  (id, name, district_id, created_at) values (714, 'Xã Nậm Tỵ', 38, NOW());
insert into ExampleDb.address_ward  (id, name, district_id, created_at) values (715, 'Xã Thông Nguyên', 38, NOW());
insert into ExampleDb.address_ward  (id, name, district_id, created_at) values (716, 'Xã Nậm Khòa', 38, NOW());
insert into ExampleDb.address_district  (id, name, province_id, created_at) values (39, 'Huyện Xín Mần', 2, NOW());
insert into ExampleDb.address_ward  (id, name, district_id, created_at) values (717, 'Thị trấn Cốc Pài', 39, NOW());
insert into ExampleDb.address_ward  (id, name, district_id, created_at) values (718, 'Xã Nàn Xỉn', 39, NOW());
insert into ExampleDb.address_ward  (id, name, district_id, created_at) values (719, 'Xã Bản Díu', 39, NOW());
insert into ExampleDb.address_ward  (id, name, district_id, created_at) values (720, 'Xã Chí Cà', 39, NOW());
insert into ExampleDb.address_ward  (id, name, district_id, created_at) values (721, 'Xã Xín Mần', 39, NOW());
insert into ExampleDb.address_ward  (id, name, district_id, created_at) values (722, 'Xã Thèn Phàng', 39, NOW());
insert into ExampleDb.address_ward  (id, name, district_id, created_at) values (723, 'Xã Trung Thịnh', 39, NOW());
insert into ExampleDb.address_ward  (id, name, district_id, created_at) values (724, 'Xã Pà Vầy Sủ', 39, NOW());
insert into ExampleDb.address_ward  (id, name, district_id, created_at) values (725, 'Xã Cốc Rế', 39, NOW());
insert into ExampleDb.address_ward  (id, name, district_id, created_at) values (726, 'Xã Thu Tà', 39, NOW());
insert into ExampleDb.address_ward  (id, name, district_id, created_at) values (727, 'Xã Nàn Ma', 39, NOW());
insert into ExampleDb.address_ward  (id, name, district_id, created_at) values (728, 'Xã Tả Nhìu', 39, NOW());
insert into ExampleDb.address_ward  (id, name, district_id, created_at) values (729, 'Xã Bản Ngò', 39, NOW());
insert into ExampleDb.address_ward  (id, name, district_id, created_at) values (730, 'Xã Chế Là', 39, NOW());
insert into ExampleDb.address_ward  (id, name, district_id, created_at) values (731, 'Xã Nấm Dẩn', 39, NOW());
insert into ExampleDb.address_ward  (id, name, district_id, created_at) values (732, 'Xã Quảng Nguyên', 39, NOW());
insert into ExampleDb.address_ward  (id, name, district_id, created_at) values (733, 'Xã Nà Chì', 39, NOW());
insert into ExampleDb.address_ward  (id, name, district_id, created_at) values (734, 'Xã Khuôn Lùng', 39, NOW());
insert into ExampleDb.address_district  (id, name, province_id, created_at) values (40, 'Huyện Bắc Quang', 2, NOW());
insert into ExampleDb.address_ward  (id, name, district_id, created_at) values (735, 'Thị trấn Việt Quang', 40, NOW());
insert into ExampleDb.address_ward  (id, name, district_id, created_at) values (736, 'Thị trấn Vĩnh Tuy', 40, NOW());
insert into ExampleDb.address_ward  (id, name, district_id, created_at) values (737, 'Xã Tân Lập', 40, NOW());
insert into ExampleDb.address_ward  (id, name, district_id, created_at) values (738, 'Xã Tân Thành', 40, NOW());
insert into ExampleDb.address_ward  (id, name, district_id, created_at) values (739, 'Xã Đồng Tiến', 40, NOW());
insert into ExampleDb.address_ward  (id, name, district_id, created_at) values (740, 'Xã Đồng Tâm', 40, NOW());
insert into ExampleDb.address_ward  (id, name, district_id, created_at) values (741, 'Xã Tân Quang', 40, NOW());
insert into ExampleDb.address_ward  (id, name, district_id, created_at) values (742, 'Xã Thượng Bình', 40, NOW());
insert into ExampleDb.address_ward  (id, name, district_id, created_at) values (743, 'Xã Hữu Sản', 40, NOW());
insert into ExampleDb.address_ward  (id, name, district_id, created_at) values (744, 'Xã Kim Ngọc', 40, NOW());
insert into ExampleDb.address_ward  (id, name, district_id, created_at) values (745, 'Xã Việt Vinh', 40, NOW());
insert into ExampleDb.address_ward  (id, name, district_id, created_at) values (746, 'Xã Bằng Hành', 40, NOW());
insert into ExampleDb.address_ward  (id, name, district_id, created_at) values (747, 'Xã Quang Minh', 40, NOW());
insert into ExampleDb.address_ward  (id, name, district_id, created_at) values (748, 'Xã Liên Hiệp', 40, NOW());
insert into ExampleDb.address_ward  (id, name, district_id, created_at) values (749, 'Xã Vô Điếm', 40, NOW());
insert into ExampleDb.address_ward  (id, name, district_id, created_at) values (750, 'Xã Việt Hồng', 40, NOW());
insert into ExampleDb.address_ward  (id, name, district_id, created_at) values (751, 'Xã Hùng An', 40, NOW());
insert into ExampleDb.address_ward  (id, name, district_id, created_at) values (752, 'Xã Đức Xuân', 40, NOW());
insert into ExampleDb.address_ward  (id, name, district_id, created_at) values (753, 'Xã Tiên Kiều', 40, NOW());
insert into ExampleDb.address_ward  (id, name, district_id, created_at) values (754, 'Xã Vĩnh Hảo', 40, NOW());
insert into ExampleDb.address_ward  (id, name, district_id, created_at) values (755, 'Xã Vĩnh Phúc', 40, NOW());
insert into ExampleDb.address_ward  (id, name, district_id, created_at) values (756, 'Xã Đồng Yên', 40, NOW());
insert into ExampleDb.address_ward  (id, name, district_id, created_at) values (757, 'Xã Đông Thành', 40, NOW());
insert into ExampleDb.address_district  (id, name, province_id, created_at) values (41, 'Huyện Quang Bình', 2, NOW());
insert into ExampleDb.address_ward  (id, name, district_id, created_at) values (758, 'Xã Xuân Minh', 41, NOW());
insert into ExampleDb.address_ward  (id, name, district_id, created_at) values (759, 'Xã Tiên Nguyên', 41, NOW());
insert into ExampleDb.address_ward  (id, name, district_id, created_at) values (760, 'Xã Tân Nam', 41, NOW());
insert into ExampleDb.address_ward  (id, name, district_id, created_at) values (761, 'Xã Bản Rịa', 41, NOW());
insert into ExampleDb.address_ward  (id, name, district_id, created_at) values (762, 'Xã Yên Thành', 41, NOW());
insert into ExampleDb.address_ward  (id, name, district_id, created_at) values (763, 'Thị trấn Yên Bình', 41, NOW());
insert into ExampleDb.address_ward  (id, name, district_id, created_at) values (764, 'Xã Tân Trịnh', 41, NOW());
insert into ExampleDb.address_ward  (id, name, district_id, created_at) values (765, 'Xã Tân Bắc', 41, NOW());
insert into ExampleDb.address_ward  (id, name, district_id, created_at) values (766, 'Xã Bằng Lang', 41, NOW());
insert into ExampleDb.address_ward  (id, name, district_id, created_at) values (767, 'Xã Yên Hà', 41, NOW());
insert into ExampleDb.address_ward  (id, name, district_id, created_at) values (768, 'Xã Hương Sơn', 41, NOW());
insert into ExampleDb.address_ward  (id, name, district_id, created_at) values (769, 'Xã Xuân Giang', 41, NOW());
insert into ExampleDb.address_ward  (id, name, district_id, created_at) values (770, 'Xã Nà Khương', 41, NOW());
insert into ExampleDb.address_ward  (id, name, district_id, created_at) values (771, 'Xã Tiên Yên', 41, NOW());
insert into ExampleDb.address_ward  (id, name, district_id, created_at) values (772, 'Xã Vĩ Thượng', 41, NOW());
insert into ExampleDb.address_province (id, name, created_at) values (3, 'Tỉnh Cao Bằng', NOW());
insert into ExampleDb.address_district  (id, name, province_id, created_at) values (42, 'Thành phố Cao Bằng', 3, NOW());
insert into ExampleDb.address_ward  (id, name, district_id, created_at) values (773, 'Phường Sông Hiến', 42, NOW());
insert into ExampleDb.address_ward  (id, name, district_id, created_at) values (774, 'Phường Sông Bằng', 42, NOW());
insert into ExampleDb.address_ward  (id, name, district_id, created_at) values (775, 'Phường Hợp Giang', 42, NOW());
insert into ExampleDb.address_ward  (id, name, district_id, created_at) values (776, 'Phường Tân Giang', 42, NOW());
insert into ExampleDb.address_ward  (id, name, district_id, created_at) values (777, 'Phường Ngọc Xuân', 42, NOW());
insert into ExampleDb.address_ward  (id, name, district_id, created_at) values (778, 'Phường Đề Thám', 42, NOW());
insert into ExampleDb.address_ward  (id, name, district_id, created_at) values (779, 'Phường Hoà Chung', 42, NOW());
insert into ExampleDb.address_ward  (id, name, district_id, created_at) values (780, 'Phường Duyệt Trung', 42, NOW());
insert into ExampleDb.address_ward  (id, name, district_id, created_at) values (781, 'Xã Vĩnh Quang', 42, NOW());
insert into ExampleDb.address_ward  (id, name, district_id, created_at) values (782, 'Xã Hưng Đạo', 42, NOW());
insert into ExampleDb.address_ward  (id, name, district_id, created_at) values (783, 'Xã Chu Trinh', 42, NOW());
insert into ExampleDb.address_district  (id, name, province_id, created_at) values (43, 'Huyện Bảo Lâm', 3, NOW());
insert into ExampleDb.address_ward  (id, name, district_id, created_at) values (784, 'Thị trấn Pác Miầu', 43, NOW());
insert into ExampleDb.address_ward  (id, name, district_id, created_at) values (785, 'Xã Đức Hạnh', 43, NOW());
insert into ExampleDb.address_ward  (id, name, district_id, created_at) values (786, 'Xã Lý Bôn', 43, NOW());
insert into ExampleDb.address_ward  (id, name, district_id, created_at) values (787, 'Xã Nam Cao', 43, NOW());
insert into ExampleDb.address_ward  (id, name, district_id, created_at) values (788, 'Xã Nam Quang', 43, NOW());
insert into ExampleDb.address_ward  (id, name, district_id, created_at) values (789, 'Xã Vĩnh Quang', 43, NOW());
insert into ExampleDb.address_ward  (id, name, district_id, created_at) values (790, 'Xã Quảng Lâm', 43, NOW());
insert into ExampleDb.address_ward  (id, name, district_id, created_at) values (791, 'Xã Thạch Lâm', 43, NOW());
insert into ExampleDb.address_ward  (id, name, district_id, created_at) values (792, 'Xã Vĩnh Phong', 43, NOW());
insert into ExampleDb.address_ward  (id, name, district_id, created_at) values (793, 'Xã Mông Ân', 43, NOW());
insert into ExampleDb.address_ward  (id, name, district_id, created_at) values (794, 'Xã Thái Học', 43, NOW());
insert into ExampleDb.address_ward  (id, name, district_id, created_at) values (795, 'Xã Thái Sơn', 43, NOW());
insert into ExampleDb.address_ward  (id, name, district_id, created_at) values (796, 'Xã Yên Thổ', 43, NOW());
insert into ExampleDb.address_district  (id, name, province_id, created_at) values (44, 'Huyện Bảo Lạc', 3, NOW());
insert into ExampleDb.address_ward  (id, name, district_id, created_at) values (797, 'Thị trấn Bảo Lạc', 44, NOW());
insert into ExampleDb.address_ward  (id, name, district_id, created_at) values (798, 'Xã Cốc Pàng', 44, NOW());
insert into ExampleDb.address_ward  (id, name, district_id, created_at) values (799, 'Xã Thượng Hà', 44, NOW());
insert into ExampleDb.address_ward  (id, name, district_id, created_at) values (800, 'Xã Cô Ba', 44, NOW());
insert into ExampleDb.address_ward  (id, name, district_id, created_at) values (801, 'Xã Bảo Toàn', 44, NOW());
insert into ExampleDb.address_ward  (id, name, district_id, created_at) values (802, 'Xã Khánh Xuân', 44, NOW());
insert into ExampleDb.address_ward  (id, name, district_id, created_at) values (803, 'Xã Xuân Trường', 44, NOW());
insert into ExampleDb.address_ward  (id, name, district_id, created_at) values (804, 'Xã Hồng Trị', 44, NOW());
insert into ExampleDb.address_ward  (id, name, district_id, created_at) values (805, 'Xã Kim Cúc', 44, NOW());
insert into ExampleDb.address_ward  (id, name, district_id, created_at) values (806, 'Xã Phan Thanh', 44, NOW());
insert into ExampleDb.address_ward  (id, name, district_id, created_at) values (807, 'Xã Hồng An', 44, NOW());
insert into ExampleDb.address_ward  (id, name, district_id, created_at) values (808, 'Xã Hưng Đạo', 44, NOW());
insert into ExampleDb.address_ward  (id, name, district_id, created_at) values (809, 'Xã Hưng Thịnh', 44, NOW());
insert into ExampleDb.address_ward  (id, name, district_id, created_at) values (810, 'Xã Huy Giáp', 44, NOW());
insert into ExampleDb.address_ward  (id, name, district_id, created_at) values (811, 'Xã Đình Phùng', 44, NOW());
insert into ExampleDb.address_ward  (id, name, district_id, created_at) values (812, 'Xã Sơn Lập', 44, NOW());
insert into ExampleDb.address_ward  (id, name, district_id, created_at) values (813, 'Xã Sơn Lộ', 44, NOW());
insert into ExampleDb.address_district  (id, name, province_id, created_at) values (45, 'Huyện Hà Quảng', 3, NOW());
insert into ExampleDb.address_ward  (id, name, district_id, created_at) values (814, 'Thị trấn Thông Nông', 45, NOW());
insert into ExampleDb.address_ward  (id, name, district_id, created_at) values (815, 'Xã Cần Yên', 45, NOW());
insert into ExampleDb.address_ward  (id, name, district_id, created_at) values (816, 'Xã Cần Nông', 45, NOW());
insert into ExampleDb.address_ward  (id, name, district_id, created_at) values (817, 'Xã Lương Thông', 45, NOW());
insert into ExampleDb.address_ward  (id, name, district_id, created_at) values (818, 'Xã Đa Thông', 45, NOW());
insert into ExampleDb.address_ward  (id, name, district_id, created_at) values (819, 'Xã Ngọc Động', 45, NOW());
insert into ExampleDb.address_ward  (id, name, district_id, created_at) values (820, 'Xã Yên Sơn', 45, NOW());
insert into ExampleDb.address_ward  (id, name, district_id, created_at) values (821, 'Xã Lương Can', 45, NOW());
insert into ExampleDb.address_ward  (id, name, district_id, created_at) values (822, 'Xã Thanh Long', 45, NOW());
insert into ExampleDb.address_ward  (id, name, district_id, created_at) values (823, 'Thị trấn Xuân Hòa', 45, NOW());
insert into ExampleDb.address_ward  (id, name, district_id, created_at) values (824, 'Xã Lũng Nặm', 45, NOW());
insert into ExampleDb.address_ward  (id, name, district_id, created_at) values (825, 'Xã Trường Hà', 45, NOW());
insert into ExampleDb.address_ward  (id, name, district_id, created_at) values (826, 'Xã Cải Viên', 45, NOW());
insert into ExampleDb.address_ward  (id, name, district_id, created_at) values (827, 'Xã Nội Thôn', 45, NOW());
insert into ExampleDb.address_ward  (id, name, district_id, created_at) values (828, 'Xã Tổng Cọt', 45, NOW());
insert into ExampleDb.address_ward  (id, name, district_id, created_at) values (829, 'Xã Sóc Hà', 45, NOW());
insert into ExampleDb.address_ward  (id, name, district_id, created_at) values (830, 'Xã Thượng Thôn', 45, NOW());
insert into ExampleDb.address_ward  (id, name, district_id, created_at) values (831, 'Xã Hồng Sỹ', 45, NOW());
insert into ExampleDb.address_ward  (id, name, district_id, created_at) values (832, 'Xã Quý Quân', 45, NOW());
insert into ExampleDb.address_ward  (id, name, district_id, created_at) values (833, 'Xã Mã Ba', 45, NOW());
insert into ExampleDb.address_ward  (id, name, district_id, created_at) values (834, 'Xã Ngọc Đào', 45, NOW());
insert into ExampleDb.address_district  (id, name, province_id, created_at) values (46, 'Huyện Trùng Khánh', 3, NOW());
insert into ExampleDb.address_ward  (id, name, district_id, created_at) values (835, 'Thị trấn Trà Lĩnh', 46, NOW());
insert into ExampleDb.address_ward  (id, name, district_id, created_at) values (836, 'Xã Tri Phương', 46, NOW());
insert into ExampleDb.address_ward  (id, name, district_id, created_at) values (837, 'Xã Quang Hán', 46, NOW());
insert into ExampleDb.address_ward  (id, name, district_id, created_at) values (838, 'Xã Xuân Nội', 46, NOW());
insert into ExampleDb.address_ward  (id, name, district_id, created_at) values (839, 'Xã Quang Trung', 46, NOW());
insert into ExampleDb.address_ward  (id, name, district_id, created_at) values (840, 'Xã Quang Vinh', 46, NOW());
insert into ExampleDb.address_ward  (id, name, district_id, created_at) values (841, 'Xã Cao Chương', 46, NOW());
insert into ExampleDb.address_ward  (id, name, district_id, created_at) values (842, 'Thị trấn Trùng Khánh', 46, NOW());
insert into ExampleDb.address_ward  (id, name, district_id, created_at) values (843, 'Xã Ngọc Khê', 46, NOW());
insert into ExampleDb.address_ward  (id, name, district_id, created_at) values (844, 'Xã Ngọc Côn', 46, NOW());
insert into ExampleDb.address_ward  (id, name, district_id, created_at) values (845, 'Xã Phong Nậm', 46, NOW());
insert into ExampleDb.address_ward  (id, name, district_id, created_at) values (846, 'Xã Đình Phong', 46, NOW());
insert into ExampleDb.address_ward  (id, name, district_id, created_at) values (847, 'Xã Đàm Thuỷ', 46, NOW());
insert into ExampleDb.address_ward  (id, name, district_id, created_at) values (848, 'Xã Khâm Thành', 46, NOW());
insert into ExampleDb.address_ward  (id, name, district_id, created_at) values (849, 'Xã Chí Viễn', 46, NOW());
insert into ExampleDb.address_ward  (id, name, district_id, created_at) values (850, 'Xã Lăng Hiếu', 46, NOW());
insert into ExampleDb.address_ward  (id, name, district_id, created_at) values (851, 'Xã Phong Châu', 46, NOW());
insert into ExampleDb.address_ward  (id, name, district_id, created_at) values (852, 'Xã Trung Phúc', 46, NOW());
insert into ExampleDb.address_ward  (id, name, district_id, created_at) values (853, 'Xã Cao Thăng', 46, NOW());
insert into ExampleDb.address_ward  (id, name, district_id, created_at) values (854, 'Xã Đức Hồng', 46, NOW());
insert into ExampleDb.address_ward  (id, name, district_id, created_at) values (855, 'Xã Đoài Dương', 46, NOW());
insert into ExampleDb.address_district  (id, name, province_id, created_at) values (47, 'Huyện Hạ Lang', 3, NOW());
insert into ExampleDb.address_ward  (id, name, district_id, created_at) values (856, 'Xã Minh Long', 47, NOW());
insert into ExampleDb.address_ward  (id, name, district_id, created_at) values (857, 'Xã Lý Quốc', 47, NOW());
insert into ExampleDb.address_ward  (id, name, district_id, created_at) values (858, 'Xã Thắng Lợi', 47, NOW());
insert into ExampleDb.address_ward  (id, name, district_id, created_at) values (859, 'Xã Đồng Loan', 47, NOW());
insert into ExampleDb.address_ward  (id, name, district_id, created_at) values (860, 'Xã Đức Quang', 47, NOW());
insert into ExampleDb.address_ward  (id, name, district_id, created_at) values (861, 'Xã Kim Loan', 47, NOW());
insert into ExampleDb.address_ward  (id, name, district_id, created_at) values (862, 'Xã Quang Long', 47, NOW());
insert into ExampleDb.address_ward  (id, name, district_id, created_at) values (863, 'Xã An Lạc', 47, NOW());
insert into ExampleDb.address_ward  (id, name, district_id, created_at) values (864, 'Thị trấn Thanh Nhật', 47, NOW());
insert into ExampleDb.address_ward  (id, name, district_id, created_at) values (865, 'Xã Vinh Quý', 47, NOW());
insert into ExampleDb.address_ward  (id, name, district_id, created_at) values (866, 'Xã Thống Nhất', 47, NOW());
insert into ExampleDb.address_ward  (id, name, district_id, created_at) values (867, 'Xã Cô Ngân', 47, NOW());
insert into ExampleDb.address_ward  (id, name, district_id, created_at) values (868, 'Xã Thị Hoa', 47, NOW());
insert into ExampleDb.address_district  (id, name, province_id, created_at) values (48, 'Huyện Quảng Hòa', 3, NOW());
insert into ExampleDb.address_ward  (id, name, district_id, created_at) values (869, 'Xã Quốc Toản', 48, NOW());
insert into ExampleDb.address_ward  (id, name, district_id, created_at) values (870, 'Thị trấn Quảng Uyên', 48, NOW());
insert into ExampleDb.address_ward  (id, name, district_id, created_at) values (871, 'Xã Phi Hải', 48, NOW());
insert into ExampleDb.address_ward  (id, name, district_id, created_at) values (872, 'Xã Quảng Hưng', 48, NOW());
insert into ExampleDb.address_ward  (id, name, district_id, created_at) values (873, 'Xã Độc Lập', 48, NOW());
insert into ExampleDb.address_ward  (id, name, district_id, created_at) values (874, 'Xã Cai Bộ', 48, NOW());
insert into ExampleDb.address_ward  (id, name, district_id, created_at) values (875, 'Xã Phúc Sen', 48, NOW());
insert into ExampleDb.address_ward  (id, name, district_id, created_at) values (876, 'Xã Chí Thảo', 48, NOW());
insert into ExampleDb.address_ward  (id, name, district_id, created_at) values (877, 'Xã Tự Do', 48, NOW());
insert into ExampleDb.address_ward  (id, name, district_id, created_at) values (878, 'Xã Hồng Quang', 48, NOW());
insert into ExampleDb.address_ward  (id, name, district_id, created_at) values (879, 'Xã Ngọc Động', 48, NOW());
insert into ExampleDb.address_ward  (id, name, district_id, created_at) values (880, 'Xã Hạnh Phúc', 48, NOW());
insert into ExampleDb.address_ward  (id, name, district_id, created_at) values (881, 'Thị trấn Tà Lùng', 48, NOW());
insert into ExampleDb.address_ward  (id, name, district_id, created_at) values (882, 'Xã Bế Văn Đàn', 48, NOW());
insert into ExampleDb.address_ward  (id, name, district_id, created_at) values (883, 'Xã Cách Linh', 48, NOW());
insert into ExampleDb.address_ward  (id, name, district_id, created_at) values (884, 'Xã Đại Sơn', 48, NOW());
insert into ExampleDb.address_ward  (id, name, district_id, created_at) values (885, 'Xã Tiên Thành', 48, NOW());
insert into ExampleDb.address_ward  (id, name, district_id, created_at) values (886, 'Thị trấn Hoà Thuận', 48, NOW());
insert into ExampleDb.address_ward  (id, name, district_id, created_at) values (887, 'Xã Mỹ Hưng', 48, NOW());
insert into ExampleDb.address_district  (id, name, province_id, created_at) values (49, 'Huyện Hoà An', 3, NOW());
insert into ExampleDb.address_ward  (id, name, district_id, created_at) values (888, 'Thị trấn Nước Hai', 49, NOW());
insert into ExampleDb.address_ward  (id, name, district_id, created_at) values (889, 'Xã Dân Chủ', 49, NOW());
insert into ExampleDb.address_ward  (id, name, district_id, created_at) values (890, 'Xã Nam Tuấn', 49, NOW());
insert into ExampleDb.address_ward  (id, name, district_id, created_at) values (891, 'Xã Đại Tiến', 49, NOW());
insert into ExampleDb.address_ward  (id, name, district_id, created_at) values (892, 'Xã Đức Long', 49, NOW());
insert into ExampleDb.address_ward  (id, name, district_id, created_at) values (893, 'Xã Ngũ Lão', 49, NOW());
insert into ExampleDb.address_ward  (id, name, district_id, created_at) values (894, 'Xã Trương Lương', 49, NOW());
insert into ExampleDb.address_ward  (id, name, district_id, created_at) values (895, 'Xã Hồng Việt', 49, NOW());
insert into ExampleDb.address_ward  (id, name, district_id, created_at) values (896, 'Xã Hoàng Tung', 49, NOW());
insert into ExampleDb.address_ward  (id, name, district_id, created_at) values (897, 'Xã Nguyễn Huệ', 49, NOW());
insert into ExampleDb.address_ward  (id, name, district_id, created_at) values (898, 'Xã Quang Trung', 49, NOW());
insert into ExampleDb.address_ward  (id, name, district_id, created_at) values (899, 'Xã Bạch Đằng', 49, NOW());
insert into ExampleDb.address_ward  (id, name, district_id, created_at) values (900, 'Xã Bình Dương', 49, NOW());
insert into ExampleDb.address_ward  (id, name, district_id, created_at) values (901, 'Xã Lê Chung', 49, NOW());
insert into ExampleDb.address_ward  (id, name, district_id, created_at) values (902, 'Xã Hồng Nam', 49, NOW());
insert into ExampleDb.address_district  (id, name, province_id, created_at) values (50, 'Huyện Nguyên Bình', 3, NOW());
insert into ExampleDb.address_ward  (id, name, district_id, created_at) values (903, 'Thị trấn Nguyên Bình', 50, NOW());
insert into ExampleDb.address_ward  (id, name, district_id, created_at) values (904, 'Thị trấn Tĩnh Túc', 50, NOW());
insert into ExampleDb.address_ward  (id, name, district_id, created_at) values (905, 'Xã Yên Lạc', 50, NOW());
insert into ExampleDb.address_ward  (id, name, district_id, created_at) values (906, 'Xã Triệu Nguyên', 50, NOW());
insert into ExampleDb.address_ward  (id, name, district_id, created_at) values (907, 'Xã Ca Thành', 50, NOW());
insert into ExampleDb.address_ward  (id, name, district_id, created_at) values (908, 'Xã Vũ Nông', 50, NOW());
insert into ExampleDb.address_ward  (id, name, district_id, created_at) values (909, 'Xã Minh Tâm', 50, NOW());
insert into ExampleDb.address_ward  (id, name, district_id, created_at) values (910, 'Xã Thể Dục', 50, NOW());
insert into ExampleDb.address_ward  (id, name, district_id, created_at) values (911, 'Xã Mai Long', 50, NOW());
insert into ExampleDb.address_ward  (id, name, district_id, created_at) values (912, 'Xã Vũ Minh', 50, NOW());
insert into ExampleDb.address_ward  (id, name, district_id, created_at) values (913, 'Xã Hoa Thám', 50, NOW());
insert into ExampleDb.address_ward  (id, name, district_id, created_at) values (914, 'Xã Phan Thanh', 50, NOW());
insert into ExampleDb.address_ward  (id, name, district_id, created_at) values (915, 'Xã Quang Thành', 50, NOW());
insert into ExampleDb.address_ward  (id, name, district_id, created_at) values (916, 'Xã Tam Kim', 50, NOW());
insert into ExampleDb.address_ward  (id, name, district_id, created_at) values (917, 'Xã Thành Công', 50, NOW());
insert into ExampleDb.address_ward  (id, name, district_id, created_at) values (918, 'Xã Thịnh Vượng', 50, NOW());
insert into ExampleDb.address_ward  (id, name, district_id, created_at) values (919, 'Xã Hưng Đạo', 50, NOW());
insert into ExampleDb.address_district  (id, name, province_id, created_at) values (51, 'Huyện Thạch An', 3, NOW());
insert into ExampleDb.address_ward  (id, name, district_id, created_at) values (920, 'Thị trấn Đông Khê', 51, NOW());
insert into ExampleDb.address_ward  (id, name, district_id, created_at) values (921, 'Xã Canh Tân', 51, NOW());
insert into ExampleDb.address_ward  (id, name, district_id, created_at) values (922, 'Xã Kim Đồng', 51, NOW());
insert into ExampleDb.address_ward  (id, name, district_id, created_at) values (923, 'Xã Minh Khai', 51, NOW());
insert into ExampleDb.address_ward  (id, name, district_id, created_at) values (924, 'Xã Đức Thông', 51, NOW());
insert into ExampleDb.address_ward  (id, name, district_id, created_at) values (925, 'Xã Thái Cường', 51, NOW());
insert into ExampleDb.address_ward  (id, name, district_id, created_at) values (926, 'Xã Vân Trình', 51, NOW());
insert into ExampleDb.address_ward  (id, name, district_id, created_at) values (927, 'Xã Thụy Hùng', 51, NOW());
insert into ExampleDb.address_ward  (id, name, district_id, created_at) values (928, 'Xã Quang Trọng', 51, NOW());
insert into ExampleDb.address_ward  (id, name, district_id, created_at) values (929, 'Xã Trọng Con', 51, NOW());
insert into ExampleDb.address_ward  (id, name, district_id, created_at) values (930, 'Xã Lê Lai', 51, NOW());
insert into ExampleDb.address_ward  (id, name, district_id, created_at) values (931, 'Xã Đức Long', 51, NOW());
insert into ExampleDb.address_ward  (id, name, district_id, created_at) values (932, 'Xã Lê Lợi', 51, NOW());
insert into ExampleDb.address_ward  (id, name, district_id, created_at) values (933, 'Xã Đức Xuân', 51, NOW());
insert into ExampleDb.address_province (id, name, created_at) values (4, 'Tỉnh Bắc Kạn', NOW());
insert into ExampleDb.address_district  (id, name, province_id, created_at) values (52, 'Thành Phố Bắc Kạn', 4, NOW());
insert into ExampleDb.address_ward  (id, name, district_id, created_at) values (934, 'Phường Nguyễn Thị Minh Khai', 52, NOW());
insert into ExampleDb.address_ward  (id, name, district_id, created_at) values (935, 'Phường Sông Cầu', 52, NOW());
insert into ExampleDb.address_ward  (id, name, district_id, created_at) values (936, 'Phường Đức Xuân', 52, NOW());
insert into ExampleDb.address_ward  (id, name, district_id, created_at) values (937, 'Phường Phùng Chí Kiên', 52, NOW());
insert into ExampleDb.address_ward  (id, name, district_id, created_at) values (938, 'Phường Huyền Tụng', 52, NOW());
insert into ExampleDb.address_ward  (id, name, district_id, created_at) values (939, 'Xã Dương Quang', 52, NOW());
insert into ExampleDb.address_ward  (id, name, district_id, created_at) values (940, 'Xã Nông Thượng', 52, NOW());
insert into ExampleDb.address_ward  (id, name, district_id, created_at) values (941, 'Phường Xuất Hóa', 52, NOW());
insert into ExampleDb.address_district  (id, name, province_id, created_at) values (53, 'Huyện Pác Nặm', 4, NOW());
insert into ExampleDb.address_ward  (id, name, district_id, created_at) values (942, 'Xã Bằng Thành', 53, NOW());
insert into ExampleDb.address_ward  (id, name, district_id, created_at) values (943, 'Xã Nhạn Môn', 53, NOW());
insert into ExampleDb.address_ward  (id, name, district_id, created_at) values (944, 'Xã Bộc Bố', 53, NOW());
insert into ExampleDb.address_ward  (id, name, district_id, created_at) values (945, 'Xã Công Bằng', 53, NOW());
insert into ExampleDb.address_ward  (id, name, district_id, created_at) values (946, 'Xã Giáo Hiệu', 53, NOW());
insert into ExampleDb.address_ward  (id, name, district_id, created_at) values (947, 'Xã Xuân La', 53, NOW());
insert into ExampleDb.address_ward  (id, name, district_id, created_at) values (948, 'Xã An Thắng', 53, NOW());
insert into ExampleDb.address_ward  (id, name, district_id, created_at) values (949, 'Xã Cổ Linh', 53, NOW());
insert into ExampleDb.address_ward  (id, name, district_id, created_at) values (950, 'Xã Nghiên Loan', 53, NOW());
insert into ExampleDb.address_ward  (id, name, district_id, created_at) values (951, 'Xã Cao Tân', 53, NOW());
insert into ExampleDb.address_district  (id, name, province_id, created_at) values (54, 'Huyện Ba Bể', 4, NOW());
insert into ExampleDb.address_ward  (id, name, district_id, created_at) values (952, 'Thị trấn Chợ Rã', 54, NOW());
insert into ExampleDb.address_ward  (id, name, district_id, created_at) values (953, 'Xã Bành Trạch', 54, NOW());
insert into ExampleDb.address_ward  (id, name, district_id, created_at) values (954, 'Xã Phúc Lộc', 54, NOW());
insert into ExampleDb.address_ward  (id, name, district_id, created_at) values (955, 'Xã Hà Hiệu', 54, NOW());
insert into ExampleDb.address_ward  (id, name, district_id, created_at) values (956, 'Xã Cao Thượng', 54, NOW());
insert into ExampleDb.address_ward  (id, name, district_id, created_at) values (957, 'Xã Khang Ninh', 54, NOW());
insert into ExampleDb.address_ward  (id, name, district_id, created_at) values (958, 'Xã Nam Mẫu', 54, NOW());
insert into ExampleDb.address_ward  (id, name, district_id, created_at) values (959, 'Xã Thượng Giáo', 54, NOW());
insert into ExampleDb.address_ward  (id, name, district_id, created_at) values (960, 'Xã Địa Linh', 54, NOW());
insert into ExampleDb.address_ward  (id, name, district_id, created_at) values (961, 'Xã Yến Dương', 54, NOW());
insert into ExampleDb.address_ward  (id, name, district_id, created_at) values (962, 'Xã Chu Hương', 54, NOW());
insert into ExampleDb.address_ward  (id, name, district_id, created_at) values (963, 'Xã Quảng Khê', 54, NOW());
insert into ExampleDb.address_ward  (id, name, district_id, created_at) values (964, 'Xã Mỹ Phương', 54, NOW());
insert into ExampleDb.address_ward  (id, name, district_id, created_at) values (965, 'Xã Hoàng Trĩ', 54, NOW());
insert into ExampleDb.address_ward  (id, name, district_id, created_at) values (966, 'Xã Đồng Phúc', 54, NOW());
insert into ExampleDb.address_district  (id, name, province_id, created_at) values (55, 'Huyện Ngân Sơn', 4, NOW());
insert into ExampleDb.address_ward  (id, name, district_id, created_at) values (967, 'Thị trấn Nà Phặc', 55, NOW());
insert into ExampleDb.address_ward  (id, name, district_id, created_at) values (968, 'Xã Thượng Ân', 55, NOW());
insert into ExampleDb.address_ward  (id, name, district_id, created_at) values (969, 'Xã Bằng Vân', 55, NOW());
insert into ExampleDb.address_ward  (id, name, district_id, created_at) values (970, 'Xã Cốc Đán', 55, NOW());
insert into ExampleDb.address_ward  (id, name, district_id, created_at) values (971, 'Xã Trung Hoà', 55, NOW());
insert into ExampleDb.address_ward  (id, name, district_id, created_at) values (972, 'Xã Đức Vân', 55, NOW());
insert into ExampleDb.address_ward  (id, name, district_id, created_at) values (973, 'Xã Vân Tùng', 55, NOW());
insert into ExampleDb.address_ward  (id, name, district_id, created_at) values (974, 'Xã Thượng Quan', 55, NOW());
insert into ExampleDb.address_ward  (id, name, district_id, created_at) values (975, 'Xã Hiệp Lực', 55, NOW());
insert into ExampleDb.address_ward  (id, name, district_id, created_at) values (976, 'Xã Thuần Mang', 55, NOW());
insert into ExampleDb.address_district  (id, name, province_id, created_at) values (56, 'Huyện Bạch Thông', 4, NOW());
insert into ExampleDb.address_ward  (id, name, district_id, created_at) values (977, 'Thị trấn Phủ Thông', 56, NOW());
insert into ExampleDb.address_ward  (id, name, district_id, created_at) values (978, 'Xã Vi Hương', 56, NOW());
insert into ExampleDb.address_ward  (id, name, district_id, created_at) values (979, 'Xã Sĩ Bình', 56, NOW());
insert into ExampleDb.address_ward  (id, name, district_id, created_at) values (980, 'Xã Vũ Muộn', 56, NOW());
insert into ExampleDb.address_ward  (id, name, district_id, created_at) values (981, 'Xã Đôn Phong', 56, NOW());
insert into ExampleDb.address_ward  (id, name, district_id, created_at) values (982, 'Xã Lục Bình', 56, NOW());
insert into ExampleDb.address_ward  (id, name, district_id, created_at) values (983, 'Xã Tân Tú', 56, NOW());
insert into ExampleDb.address_ward  (id, name, district_id, created_at) values (984, 'Xã Nguyên Phúc', 56, NOW());
insert into ExampleDb.address_ward  (id, name, district_id, created_at) values (985, 'Xã Cao Sơn', 56, NOW());
insert into ExampleDb.address_ward  (id, name, district_id, created_at) values (986, 'Xã Quân Hà', 56, NOW());
insert into ExampleDb.address_ward  (id, name, district_id, created_at) values (987, 'Xã Cẩm Giàng', 56, NOW());
insert into ExampleDb.address_ward  (id, name, district_id, created_at) values (988, 'Xã Mỹ Thanh', 56, NOW());
insert into ExampleDb.address_ward  (id, name, district_id, created_at) values (989, 'Xã Dương Phong', 56, NOW());
insert into ExampleDb.address_ward  (id, name, district_id, created_at) values (990, 'Xã Quang Thuận', 56, NOW());
insert into ExampleDb.address_district  (id, name, province_id, created_at) values (57, 'Huyện Chợ Đồn', 4, NOW());
insert into ExampleDb.address_ward  (id, name, district_id, created_at) values (991, 'Thị trấn Bằng Lũng', 57, NOW());
insert into ExampleDb.address_ward  (id, name, district_id, created_at) values (992, 'Xã Xuân Lạc', 57, NOW());
insert into ExampleDb.address_ward  (id, name, district_id, created_at) values (993, 'Xã Nam Cường', 57, NOW());
insert into ExampleDb.address_ward  (id, name, district_id, created_at) values (994, 'Xã Đồng Lạc', 57, NOW());
insert into ExampleDb.address_ward  (id, name, district_id, created_at) values (995, 'Xã Tân Lập', 57, NOW());
insert into ExampleDb.address_ward  (id, name, district_id, created_at) values (996, 'Xã Bản Thi', 57, NOW());
insert into ExampleDb.address_ward  (id, name, district_id, created_at) values (997, 'Xã Quảng Bạch', 57, NOW());
insert into ExampleDb.address_ward  (id, name, district_id, created_at) values (998, 'Xã Bằng Phúc', 57, NOW());
insert into ExampleDb.address_ward  (id, name, district_id, created_at) values (999, 'Xã Yên Thịnh', 57, NOW());
insert into ExampleDb.address_ward  (id, name, district_id, created_at) values (1000, 'Xã Yên Thượng', 57, NOW());
insert into ExampleDb.address_ward  (id, name, district_id, created_at) values (1001, 'Xã Phương Viên', 57, NOW());
insert into ExampleDb.address_ward  (id, name, district_id, created_at) values (1002, 'Xã Ngọc Phái', 57, NOW());
insert into ExampleDb.address_ward  (id, name, district_id, created_at) values (1003, 'Xã Đồng Thắng', 57, NOW());
insert into ExampleDb.address_ward  (id, name, district_id, created_at) values (1004, 'Xã Lương Bằng', 57, NOW());
insert into ExampleDb.address_ward  (id, name, district_id, created_at) values (1005, 'Xã Bằng Lãng', 57, NOW());
insert into ExampleDb.address_ward  (id, name, district_id, created_at) values (1006, 'Xã Đại Sảo', 57, NOW());
insert into ExampleDb.address_ward  (id, name, district_id, created_at) values (1007, 'Xã Nghĩa Tá', 57, NOW());
insert into ExampleDb.address_ward  (id, name, district_id, created_at) values (1008, 'Xã Yên Mỹ', 57, NOW());
insert into ExampleDb.address_ward  (id, name, district_id, created_at) values (1009, 'Xã Bình Trung', 57, NOW());
insert into ExampleDb.address_ward  (id, name, district_id, created_at) values (1010, 'Xã Yên Phong', 57, NOW());
insert into ExampleDb.address_district  (id, name, province_id, created_at) values (58, 'Huyện Chợ Mới', 4, NOW());
insert into ExampleDb.address_ward  (id, name, district_id, created_at) values (1011, 'Thị trấn Đồng Tâm', 58, NOW());
insert into ExampleDb.address_ward  (id, name, district_id, created_at) values (1012, 'Xã Tân Sơn', 58, NOW());
insert into ExampleDb.address_ward  (id, name, district_id, created_at) values (1013, 'Xã Thanh Vận', 58, NOW());
insert into ExampleDb.address_ward  (id, name, district_id, created_at) values (1014, 'Xã Mai Lạp', 58, NOW());
insert into ExampleDb.address_ward  (id, name, district_id, created_at) values (1015, 'Xã Hoà Mục', 58, NOW());
insert into ExampleDb.address_ward  (id, name, district_id, created_at) values (1016, 'Xã Thanh Mai', 58, NOW());
insert into ExampleDb.address_ward  (id, name, district_id, created_at) values (1017, 'Xã Cao Kỳ', 58, NOW());
insert into ExampleDb.address_ward  (id, name, district_id, created_at) values (1018, 'Xã Nông Hạ', 58, NOW());
insert into ExampleDb.address_ward  (id, name, district_id, created_at) values (1019, 'Xã Yên Cư', 58, NOW());
insert into ExampleDb.address_ward  (id, name, district_id, created_at) values (1020, 'Xã Thanh Thịnh', 58, NOW());
insert into ExampleDb.address_ward  (id, name, district_id, created_at) values (1021, 'Xã Yên Hân', 58, NOW());
insert into ExampleDb.address_ward  (id, name, district_id, created_at) values (1022, 'Xã Như Cố', 58, NOW());
insert into ExampleDb.address_ward  (id, name, district_id, created_at) values (1023, 'Xã Bình Văn', 58, NOW());
insert into ExampleDb.address_ward  (id, name, district_id, created_at) values (1024, 'Xã Quảng Chu', 58, NOW());
insert into ExampleDb.address_district  (id, name, province_id, created_at) values (59, 'Huyện Na Rì', 4, NOW());
insert into ExampleDb.address_ward  (id, name, district_id, created_at) values (1025, 'Xã Văn Vũ', 59, NOW());
insert into ExampleDb.address_ward  (id, name, district_id, created_at) values (1026, 'Xã Văn Lang', 59, NOW());
insert into ExampleDb.address_ward  (id, name, district_id, created_at) values (1027, 'Xã Lương Thượng', 59, NOW());
insert into ExampleDb.address_ward  (id, name, district_id, created_at) values (1028, 'Xã Kim Hỷ', 59, NOW());
insert into ExampleDb.address_ward  (id, name, district_id, created_at) values (1029, 'Xã Cường Lợi', 59, NOW());
insert into ExampleDb.address_ward  (id, name, district_id, created_at) values (1030, 'Thị trấn Yến Lạc', 59, NOW());
insert into ExampleDb.address_ward  (id, name, district_id, created_at) values (1031, 'Xã Kim Lư', 59, NOW());
insert into ExampleDb.address_ward  (id, name, district_id, created_at) values (1032, 'Xã Sơn Thành', 59, NOW());
insert into ExampleDb.address_ward  (id, name, district_id, created_at) values (1033, 'Xã Văn Minh', 59, NOW());
insert into ExampleDb.address_ward  (id, name, district_id, created_at) values (1034, 'Xã Côn Minh', 59, NOW());
insert into ExampleDb.address_ward  (id, name, district_id, created_at) values (1035, 'Xã Cư Lễ', 59, NOW());
insert into ExampleDb.address_ward  (id, name, district_id, created_at) values (1036, 'Xã Trần Phú', 59, NOW());
insert into ExampleDb.address_ward  (id, name, district_id, created_at) values (1037, 'Xã Quang Phong', 59, NOW());
insert into ExampleDb.address_ward  (id, name, district_id, created_at) values (1038, 'Xã Dương Sơn', 59, NOW());
insert into ExampleDb.address_ward  (id, name, district_id, created_at) values (1039, 'Xã Xuân Dương', 59, NOW());
insert into ExampleDb.address_ward  (id, name, district_id, created_at) values (1040, 'Xã Đổng Xá', 59, NOW());
insert into ExampleDb.address_ward  (id, name, district_id, created_at) values (1041, 'Xã Liêm Thuỷ', 59, NOW());
insert into ExampleDb.address_province (id, name, created_at) values (5, 'Tỉnh Tuyên Quang', NOW());
insert into ExampleDb.address_district  (id, name, province_id, created_at) values (60, 'Thành phố Tuyên Quang', 5, NOW());
insert into ExampleDb.address_ward  (id, name, district_id, created_at) values (1042, 'Phường Phan Thiết', 60, NOW());
insert into ExampleDb.address_ward  (id, name, district_id, created_at) values (1043, 'Phường Minh Xuân', 60, NOW());
insert into ExampleDb.address_ward  (id, name, district_id, created_at) values (1044, 'Phường Tân Quang', 60, NOW());
insert into ExampleDb.address_ward  (id, name, district_id, created_at) values (1045, 'Xã Tràng Đà', 60, NOW());
insert into ExampleDb.address_ward  (id, name, district_id, created_at) values (1046, 'Phường Nông Tiến', 60, NOW());
insert into ExampleDb.address_ward  (id, name, district_id, created_at) values (1047, 'Phường Ỷ La', 60, NOW());
insert into ExampleDb.address_ward  (id, name, district_id, created_at) values (1048, 'Phường Tân Hà', 60, NOW());
insert into ExampleDb.address_ward  (id, name, district_id, created_at) values (1049, 'Phường Hưng Thành', 60, NOW());
insert into ExampleDb.address_ward  (id, name, district_id, created_at) values (1050, 'Xã Kim Phú', 60, NOW());
insert into ExampleDb.address_ward  (id, name, district_id, created_at) values (1051, 'Xã An Khang', 60, NOW());
insert into ExampleDb.address_ward  (id, name, district_id, created_at) values (1052, 'Phường Mỹ Lâm', 60, NOW());
insert into ExampleDb.address_ward  (id, name, district_id, created_at) values (1053, 'Phường An Tường', 60, NOW());
insert into ExampleDb.address_ward  (id, name, district_id, created_at) values (1054, 'Xã Lưỡng Vượng', 60, NOW());
insert into ExampleDb.address_ward  (id, name, district_id, created_at) values (1055, 'Xã Thái Long', 60, NOW());
insert into ExampleDb.address_ward  (id, name, district_id, created_at) values (1056, 'Phường Đội Cấn', 60, NOW());
insert into ExampleDb.address_district  (id, name, province_id, created_at) values (61, 'Huyện Lâm Bình', 5, NOW());
insert into ExampleDb.address_ward  (id, name, district_id, created_at) values (1057, 'Xã Phúc Yên', 61, NOW());
insert into ExampleDb.address_ward  (id, name, district_id, created_at) values (1058, 'Xã Xuân Lập', 61, NOW());
insert into ExampleDb.address_ward  (id, name, district_id, created_at) values (1059, 'Xã Khuôn Hà', 61, NOW());
insert into ExampleDb.address_ward  (id, name, district_id, created_at) values (1060, 'Thị trấn Lăng Can', 61, NOW());
insert into ExampleDb.address_ward  (id, name, district_id, created_at) values (1061, 'Xã Thượng Lâm', 61, NOW());
insert into ExampleDb.address_ward  (id, name, district_id, created_at) values (1062, 'Xã Bình An', 61, NOW());
insert into ExampleDb.address_ward  (id, name, district_id, created_at) values (1063, 'Xã Hồng Quang', 61, NOW());
insert into ExampleDb.address_ward  (id, name, district_id, created_at) values (1064, 'Xã Thổ Bình', 61, NOW());
insert into ExampleDb.address_ward  (id, name, district_id, created_at) values (1065, 'Xã Phúc Sơn', 61, NOW());
insert into ExampleDb.address_ward  (id, name, district_id, created_at) values (1066, 'Xã Minh Quang', 61, NOW());
insert into ExampleDb.address_district  (id, name, province_id, created_at) values (62, 'Huyện Na Hang', 5, NOW());
insert into ExampleDb.address_ward  (id, name, district_id, created_at) values (1067, 'Thị trấn Na Hang', 62, NOW());
insert into ExampleDb.address_ward  (id, name, district_id, created_at) values (1068, 'Xã Sinh Long', 62, NOW());
insert into ExampleDb.address_ward  (id, name, district_id, created_at) values (1069, 'Xã Thượng Giáp', 62, NOW());
insert into ExampleDb.address_ward  (id, name, district_id, created_at) values (1070, 'Xã Thượng Nông', 62, NOW());
insert into ExampleDb.address_ward  (id, name, district_id, created_at) values (1071, 'Xã Côn Lôn', 62, NOW());
insert into ExampleDb.address_ward  (id, name, district_id, created_at) values (1072, 'Xã Yên Hoa', 62, NOW());
insert into ExampleDb.address_ward  (id, name, district_id, created_at) values (1073, 'Xã Hồng Thái', 62, NOW());
insert into ExampleDb.address_ward  (id, name, district_id, created_at) values (1074, 'Xã Đà Vị', 62, NOW());
insert into ExampleDb.address_ward  (id, name, district_id, created_at) values (1075, 'Xã Khau Tinh', 62, NOW());
insert into ExampleDb.address_ward  (id, name, district_id, created_at) values (1076, 'Xã Sơn Phú', 62, NOW());
insert into ExampleDb.address_ward  (id, name, district_id, created_at) values (1077, 'Xã Năng Khả', 62, NOW());
insert into ExampleDb.address_ward  (id, name, district_id, created_at) values (1078, 'Xã Thanh Tương', 62, NOW());
insert into ExampleDb.address_district  (id, name, province_id, created_at) values (63, 'Huyện Chiêm Hóa', 5, NOW());
insert into ExampleDb.address_ward  (id, name, district_id, created_at) values (1079, 'Thị trấn Vĩnh Lộc', 63, NOW());
insert into ExampleDb.address_ward  (id, name, district_id, created_at) values (1080, 'Xã Trung Hà', 63, NOW());
insert into ExampleDb.address_ward  (id, name, district_id, created_at) values (1081, 'Xã Tân Mỹ', 63, NOW());
insert into ExampleDb.address_ward  (id, name, district_id, created_at) values (1082, 'Xã Hà Lang', 63, NOW());
insert into ExampleDb.address_ward  (id, name, district_id, created_at) values (1083, 'Xã Hùng Mỹ', 63, NOW());
insert into ExampleDb.address_ward  (id, name, district_id, created_at) values (1084, 'Xã Yên Lập', 63, NOW());
insert into ExampleDb.address_ward  (id, name, district_id, created_at) values (1085, 'Xã Tân An', 63, NOW());
insert into ExampleDb.address_ward  (id, name, district_id, created_at) values (1086, 'Xã Bình Phú', 63, NOW());
insert into ExampleDb.address_ward  (id, name, district_id, created_at) values (1087, 'Xã Xuân Quang', 63, NOW());
insert into ExampleDb.address_ward  (id, name, district_id, created_at) values (1088, 'Xã Ngọc Hội', 63, NOW());
insert into ExampleDb.address_ward  (id, name, district_id, created_at) values (1089, 'Xã Phú Bình', 63, NOW());
insert into ExampleDb.address_ward  (id, name, district_id, created_at) values (1090, 'Xã Hòa Phú', 63, NOW());
insert into ExampleDb.address_ward  (id, name, district_id, created_at) values (1091, 'Xã Phúc Thịnh', 63, NOW());
insert into ExampleDb.address_ward  (id, name, district_id, created_at) values (1092, 'Xã Kiên Đài', 63, NOW());
insert into ExampleDb.address_ward  (id, name, district_id, created_at) values (1093, 'Xã Tân Thịnh', 63, NOW());
insert into ExampleDb.address_ward  (id, name, district_id, created_at) values (1094, 'Xã Trung Hòa', 63, NOW());
insert into ExampleDb.address_ward  (id, name, district_id, created_at) values (1095, 'Xã Kim Bình', 63, NOW());
insert into ExampleDb.address_ward  (id, name, district_id, created_at) values (1096, 'Xã Hòa An', 63, NOW());
insert into ExampleDb.address_ward  (id, name, district_id, created_at) values (1097, 'Xã Vinh Quang', 63, NOW());
insert into ExampleDb.address_ward  (id, name, district_id, created_at) values (1098, 'Xã Tri Phú', 63, NOW());
insert into ExampleDb.address_ward  (id, name, district_id, created_at) values (1099, 'Xã Nhân Lý', 63, NOW());
insert into ExampleDb.address_ward  (id, name, district_id, created_at) values (1100, 'Xã Yên Nguyên', 63, NOW());
insert into ExampleDb.address_ward  (id, name, district_id, created_at) values (1101, 'Xã Linh Phú', 63, NOW());
insert into ExampleDb.address_ward  (id, name, district_id, created_at) values (1102, 'Xã Bình Nhân', 63, NOW());
insert into ExampleDb.address_district  (id, name, province_id, created_at) values (64, 'Huyện Hàm Yên', 5, NOW());
insert into ExampleDb.address_ward  (id, name, district_id, created_at) values (1103, 'Thị trấn Tân Yên', 64, NOW());
insert into ExampleDb.address_ward  (id, name, district_id, created_at) values (1104, 'Xã Yên Thuận', 64, NOW());
insert into ExampleDb.address_ward  (id, name, district_id, created_at) values (1105, 'Xã Bạch Xa', 64, NOW());
insert into ExampleDb.address_ward  (id, name, district_id, created_at) values (1106, 'Xã Minh Khương', 64, NOW());
insert into ExampleDb.address_ward  (id, name, district_id, created_at) values (1107, 'Xã Yên Lâm', 64, NOW());
insert into ExampleDb.address_ward  (id, name, district_id, created_at) values (1108, 'Xã Minh Dân', 64, NOW());
insert into ExampleDb.address_ward  (id, name, district_id, created_at) values (1109, 'Xã Phù Lưu', 64, NOW());
insert into ExampleDb.address_ward  (id, name, district_id, created_at) values (1110, 'Xã Minh Hương', 64, NOW());
insert into ExampleDb.address_ward  (id, name, district_id, created_at) values (1111, 'Xã Yên Phú', 64, NOW());
insert into ExampleDb.address_ward  (id, name, district_id, created_at) values (1112, 'Xã Tân Thành', 64, NOW());
insert into ExampleDb.address_ward  (id, name, district_id, created_at) values (1113, 'Xã Bình Xa', 64, NOW());
insert into ExampleDb.address_ward  (id, name, district_id, created_at) values (1114, 'Xã Thái Sơn', 64, NOW());
insert into ExampleDb.address_ward  (id, name, district_id, created_at) values (1115, 'Xã Nhân Mục', 64, NOW());
insert into ExampleDb.address_ward  (id, name, district_id, created_at) values (1116, 'Xã Thành Long', 64, NOW());
insert into ExampleDb.address_ward  (id, name, district_id, created_at) values (1117, 'Xã Bằng Cốc', 64, NOW());
insert into ExampleDb.address_ward  (id, name, district_id, created_at) values (1118, 'Xã Thái Hòa', 64, NOW());
insert into ExampleDb.address_ward  (id, name, district_id, created_at) values (1119, 'Xã Đức Ninh', 64, NOW());
insert into ExampleDb.address_ward  (id, name, district_id, created_at) values (1120, 'Xã Hùng Đức', 64, NOW());
insert into ExampleDb.address_district  (id, name, province_id, created_at) values (65, 'Huyện Yên Sơn', 5, NOW());
insert into ExampleDb.address_ward  (id, name, district_id, created_at) values (1121, 'Xã Quí Quân', 65, NOW());
insert into ExampleDb.address_ward  (id, name, district_id, created_at) values (1122, 'Xã Lực Hành', 65, NOW());
insert into ExampleDb.address_ward  (id, name, district_id, created_at) values (1123, 'Xã Kiến Thiết', 65, NOW());
insert into ExampleDb.address_ward  (id, name, district_id, created_at) values (1124, 'Xã Trung Minh', 65, NOW());
insert into ExampleDb.address_ward  (id, name, district_id, created_at) values (1125, 'Xã Chiêu Yên', 65, NOW());
insert into ExampleDb.address_ward  (id, name, district_id, created_at) values (1126, 'Xã Trung Trực', 65, NOW());
insert into ExampleDb.address_ward  (id, name, district_id, created_at) values (1127, 'Xã Xuân Vân', 65, NOW());
insert into ExampleDb.address_ward  (id, name, district_id, created_at) values (1128, 'Xã Phúc Ninh', 65, NOW());
insert into ExampleDb.address_ward  (id, name, district_id, created_at) values (1129, 'Xã Hùng Lợi', 65, NOW());
insert into ExampleDb.address_ward  (id, name, district_id, created_at) values (1130, 'Xã Trung Sơn', 65, NOW());
insert into ExampleDb.address_ward  (id, name, district_id, created_at) values (1131, 'Xã Tân Tiến', 65, NOW());
insert into ExampleDb.address_ward  (id, name, district_id, created_at) values (1132, 'Xã Tứ Quận', 65, NOW());
insert into ExampleDb.address_ward  (id, name, district_id, created_at) values (1133, 'Xã Đạo Viện', 65, NOW());
insert into ExampleDb.address_ward  (id, name, district_id, created_at) values (1134, 'Xã Tân Long', 65, NOW());
insert into ExampleDb.address_ward  (id, name, district_id, created_at) values (1135, 'Thị trấn Yên Sơn', 65, NOW());
insert into ExampleDb.address_ward  (id, name, district_id, created_at) values (1136, 'Xã Kim Quan', 65, NOW());
insert into ExampleDb.address_ward  (id, name, district_id, created_at) values (1137, 'Xã Lang Quán', 65, NOW());
insert into ExampleDb.address_ward  (id, name, district_id, created_at) values (1138, 'Xã Phú Thịnh', 65, NOW());
insert into ExampleDb.address_ward  (id, name, district_id, created_at) values (1139, 'Xã Công Đa', 65, NOW());
insert into ExampleDb.address_ward  (id, name, district_id, created_at) values (1140, 'Xã Trung Môn', 65, NOW());
insert into ExampleDb.address_ward  (id, name, district_id, created_at) values (1141, 'Xã Chân Sơn', 65, NOW());
insert into ExampleDb.address_ward  (id, name, district_id, created_at) values (1142, 'Xã Thái Bình', 65, NOW());
insert into ExampleDb.address_ward  (id, name, district_id, created_at) values (1143, 'Xã Tiến Bộ', 65, NOW());
insert into ExampleDb.address_ward  (id, name, district_id, created_at) values (1144, 'Xã Mỹ Bằng', 65, NOW());
insert into ExampleDb.address_ward  (id, name, district_id, created_at) values (1145, 'Xã Hoàng Khai', 65, NOW());
insert into ExampleDb.address_ward  (id, name, district_id, created_at) values (1146, 'Xã Nhữ Hán', 65, NOW());
insert into ExampleDb.address_ward  (id, name, district_id, created_at) values (1147, 'Xã Nhữ Khê', 65, NOW());
insert into ExampleDb.address_ward  (id, name, district_id, created_at) values (1148, 'Xã Đội Bình', 65, NOW());
insert into ExampleDb.address_district  (id, name, province_id, created_at) values (66, 'Huyện Sơn Dương', 5, NOW());
insert into ExampleDb.address_ward  (id, name, district_id, created_at) values (1149, 'Thị trấn Sơn Dương', 66, NOW());
insert into ExampleDb.address_ward  (id, name, district_id, created_at) values (1150, 'Xã Trung Yên', 66, NOW());
insert into ExampleDb.address_ward  (id, name, district_id, created_at) values (1151, 'Xã Minh Thanh', 66, NOW());
insert into ExampleDb.address_ward  (id, name, district_id, created_at) values (1152, 'Xã Tân Trào', 66, NOW());
insert into ExampleDb.address_ward  (id, name, district_id, created_at) values (1153, 'Xã Vĩnh Lợi', 66, NOW());
insert into ExampleDb.address_ward  (id, name, district_id, created_at) values (1154, 'Xã Thượng Ấm', 66, NOW());
insert into ExampleDb.address_ward  (id, name, district_id, created_at) values (1155, 'Xã Bình Yên', 66, NOW());
insert into ExampleDb.address_ward  (id, name, district_id, created_at) values (1156, 'Xã Lương Thiện', 66, NOW());
insert into ExampleDb.address_ward  (id, name, district_id, created_at) values (1157, 'Xã Tú Thịnh', 66, NOW());
insert into ExampleDb.address_ward  (id, name, district_id, created_at) values (1158, 'Xã Cấp Tiến', 66, NOW());
insert into ExampleDb.address_ward  (id, name, district_id, created_at) values (1159, 'Xã Hợp Thành', 66, NOW());
insert into ExampleDb.address_ward  (id, name, district_id, created_at) values (1160, 'Xã Phúc Ứng', 66, NOW());
insert into ExampleDb.address_ward  (id, name, district_id, created_at) values (1161, 'Xã Đông Thọ', 66, NOW());
insert into ExampleDb.address_ward  (id, name, district_id, created_at) values (1162, 'Xã Kháng Nhật', 66, NOW());
insert into ExampleDb.address_ward  (id, name, district_id, created_at) values (1163, 'Xã Hợp Hòa', 66, NOW());
insert into ExampleDb.address_ward  (id, name, district_id, created_at) values (1164, 'Xã Quyết Thắng', 66, NOW());
insert into ExampleDb.address_ward  (id, name, district_id, created_at) values (1165, 'Xã Đồng Quý', 66, NOW());
insert into ExampleDb.address_ward  (id, name, district_id, created_at) values (1166, 'Xã Tân Thanh', 66, NOW());
insert into ExampleDb.address_ward  (id, name, district_id, created_at) values (1167, 'Xã Vân Sơn', 66, NOW());
insert into ExampleDb.address_ward  (id, name, district_id, created_at) values (1168, 'Xã Văn Phú', 66, NOW());
insert into ExampleDb.address_ward  (id, name, district_id, created_at) values (1169, 'Xã Chi Thiết', 66, NOW());
insert into ExampleDb.address_ward  (id, name, district_id, created_at) values (1170, 'Xã Đông Lợi', 66, NOW());
insert into ExampleDb.address_ward  (id, name, district_id, created_at) values (1171, 'Xã Thiện Kế', 66, NOW());
insert into ExampleDb.address_ward  (id, name, district_id, created_at) values (1172, 'Xã Hồng Lạc', 66, NOW());
insert into ExampleDb.address_ward  (id, name, district_id, created_at) values (1173, 'Xã Phú Lương', 66, NOW());
insert into ExampleDb.address_ward  (id, name, district_id, created_at) values (1174, 'Xã Ninh Lai', 66, NOW());
insert into ExampleDb.address_ward  (id, name, district_id, created_at) values (1175, 'Xã Đại Phú', 66, NOW());
insert into ExampleDb.address_ward  (id, name, district_id, created_at) values (1176, 'Xã Sơn Nam', 66, NOW());
insert into ExampleDb.address_ward  (id, name, district_id, created_at) values (1177, 'Xã Hào Phú', 66, NOW());
insert into ExampleDb.address_ward  (id, name, district_id, created_at) values (1178, 'Xã Tam Đa', 66, NOW());
insert into ExampleDb.address_ward  (id, name, district_id, created_at) values (1179, 'Xã Trường Sinh', 66, NOW());
insert into ExampleDb.address_province (id, name, created_at) values (6, 'Tỉnh Lào Cai', NOW());
insert into ExampleDb.address_district  (id, name, province_id, created_at) values (67, 'Thành phố Lào Cai', 6, NOW());
insert into ExampleDb.address_ward  (id, name, district_id, created_at) values (1180, 'Phường Duyên Hải', 67, NOW());
insert into ExampleDb.address_ward  (id, name, district_id, created_at) values (1181, 'Phường Lào Cai', 67, NOW());
insert into ExampleDb.address_ward  (id, name, district_id, created_at) values (1182, 'Phường Cốc Lếu', 67, NOW());
insert into ExampleDb.address_ward  (id, name, district_id, created_at) values (1183, 'Phường Kim Tân', 67, NOW());
insert into ExampleDb.address_ward  (id, name, district_id, created_at) values (1184, 'Phường Bắc Lệnh', 67, NOW());
insert into ExampleDb.address_ward  (id, name, district_id, created_at) values (1185, 'Phường Pom Hán', 67, NOW());
insert into ExampleDb.address_ward  (id, name, district_id, created_at) values (1186, 'Phường Xuân Tăng', 67, NOW());
insert into ExampleDb.address_ward  (id, name, district_id, created_at) values (1187, 'Phường Bình Minh', 67, NOW());
insert into ExampleDb.address_ward  (id, name, district_id, created_at) values (1188, 'Xã Thống Nhất', 67, NOW());
insert into ExampleDb.address_ward  (id, name, district_id, created_at) values (1189, 'Xã Đồng Tuyển', 67, NOW());
insert into ExampleDb.address_ward  (id, name, district_id, created_at) values (1190, 'Xã Vạn Hoà', 67, NOW());
insert into ExampleDb.address_ward  (id, name, district_id, created_at) values (1191, 'Phường Bắc Cường', 67, NOW());
insert into ExampleDb.address_ward  (id, name, district_id, created_at) values (1192, 'Phường Nam Cường', 67, NOW());
insert into ExampleDb.address_ward  (id, name, district_id, created_at) values (1193, 'Xã Cam Đường', 67, NOW());
insert into ExampleDb.address_ward  (id, name, district_id, created_at) values (1194, 'Xã Tả Phời', 67, NOW());
insert into ExampleDb.address_ward  (id, name, district_id, created_at) values (1195, 'Xã Hợp Thành', 67, NOW());
insert into ExampleDb.address_ward  (id, name, district_id, created_at) values (1196, 'Xã Cốc San', 67, NOW());
insert into ExampleDb.address_district  (id, name, province_id, created_at) values (68, 'Huyện Bát Xát', 6, NOW());
insert into ExampleDb.address_ward  (id, name, district_id, created_at) values (1197, 'Thị trấn Bát Xát', 68, NOW());
insert into ExampleDb.address_ward  (id, name, district_id, created_at) values (1198, 'Xã A Mú Sung', 68, NOW());
insert into ExampleDb.address_ward  (id, name, district_id, created_at) values (1199, 'Xã Nậm Chạc', 68, NOW());
insert into ExampleDb.address_ward  (id, name, district_id, created_at) values (1200, 'Xã A Lù', 68, NOW());
insert into ExampleDb.address_ward  (id, name, district_id, created_at) values (1201, 'Xã Trịnh Tường', 68, NOW());
insert into ExampleDb.address_ward  (id, name, district_id, created_at) values (1202, 'Xã Y Tý', 68, NOW());
insert into ExampleDb.address_ward  (id, name, district_id, created_at) values (1203, 'Xã Cốc Mỳ', 68, NOW());
insert into ExampleDb.address_ward  (id, name, district_id, created_at) values (1204, 'Xã Dền Sáng', 68, NOW());
insert into ExampleDb.address_ward  (id, name, district_id, created_at) values (1205, 'Xã Bản Vược', 68, NOW());
insert into ExampleDb.address_ward  (id, name, district_id, created_at) values (1206, 'Xã Sàng Ma Sáo', 68, NOW());
insert into ExampleDb.address_ward  (id, name, district_id, created_at) values (1207, 'Xã Bản Qua', 68, NOW());
insert into ExampleDb.address_ward  (id, name, district_id, created_at) values (1208, 'Xã Mường Vi', 68, NOW());
insert into ExampleDb.address_ward  (id, name, district_id, created_at) values (1209, 'Xã Dền Thàng', 68, NOW());
insert into ExampleDb.address_ward  (id, name, district_id, created_at) values (1210, 'Xã Bản Xèo', 68, NOW());
insert into ExampleDb.address_ward  (id, name, district_id, created_at) values (1211, 'Xã Mường Hum', 68, NOW());
insert into ExampleDb.address_ward  (id, name, district_id, created_at) values (1212, 'Xã Trung Lèng Hồ', 68, NOW());
insert into ExampleDb.address_ward  (id, name, district_id, created_at) values (1213, 'Xã Quang Kim', 68, NOW());
insert into ExampleDb.address_ward  (id, name, district_id, created_at) values (1214, 'Xã Pa Cheo', 68, NOW());
insert into ExampleDb.address_ward  (id, name, district_id, created_at) values (1215, 'Xã Nậm Pung', 68, NOW());
insert into ExampleDb.address_ward  (id, name, district_id, created_at) values (1216, 'Xã Phìn Ngan', 68, NOW());
insert into ExampleDb.address_ward  (id, name, district_id, created_at) values (1217, 'Xã Tòng Sành', 68, NOW());
insert into ExampleDb.address_district  (id, name, province_id, created_at) values (69, 'Huyện Mường Khương', 6, NOW());
insert into ExampleDb.address_ward  (id, name, district_id, created_at) values (1218, 'Xã Pha Long', 69, NOW());
insert into ExampleDb.address_ward  (id, name, district_id, created_at) values (1219, 'Xã Tả Ngải Chồ', 69, NOW());
insert into ExampleDb.address_ward  (id, name, district_id, created_at) values (1220, 'Xã Tung Chung Phố', 69, NOW());
insert into ExampleDb.address_ward  (id, name, district_id, created_at) values (1221, 'Thị trấn Mường Khương', 69, NOW());
insert into ExampleDb.address_ward  (id, name, district_id, created_at) values (1222, 'Xã Dìn Chin', 69, NOW());
insert into ExampleDb.address_ward  (id, name, district_id, created_at) values (1223, 'Xã Tả Gia Khâu', 69, NOW());
insert into ExampleDb.address_ward  (id, name, district_id, created_at) values (1224, 'Xã Nậm Chảy', 69, NOW());
insert into ExampleDb.address_ward  (id, name, district_id, created_at) values (1225, 'Xã Nấm Lư', 69, NOW());
insert into ExampleDb.address_ward  (id, name, district_id, created_at) values (1226, 'Xã Lùng Khấu Nhin', 69, NOW());
insert into ExampleDb.address_ward  (id, name, district_id, created_at) values (1227, 'Xã Thanh Bình', 69, NOW());
insert into ExampleDb.address_ward  (id, name, district_id, created_at) values (1228, 'Xã Cao Sơn', 69, NOW());
insert into ExampleDb.address_ward  (id, name, district_id, created_at) values (1229, 'Xã Lùng Vai', 69, NOW());
insert into ExampleDb.address_ward  (id, name, district_id, created_at) values (1230, 'Xã Bản Lầu', 69, NOW());
insert into ExampleDb.address_ward  (id, name, district_id, created_at) values (1231, 'Xã La Pan Tẩn', 69, NOW());
insert into ExampleDb.address_ward  (id, name, district_id, created_at) values (1232, 'Xã Tả Thàng', 69, NOW());
insert into ExampleDb.address_ward  (id, name, district_id, created_at) values (1233, 'Xã Bản Sen', 69, NOW());
insert into ExampleDb.address_district  (id, name, province_id, created_at) values (70, 'Huyện Si Ma Cai', 6, NOW());
insert into ExampleDb.address_ward  (id, name, district_id, created_at) values (1234, 'Xã Nàn Sán', 70, NOW());
insert into ExampleDb.address_ward  (id, name, district_id, created_at) values (1235, 'Xã Thào Chư Phìn', 70, NOW());
insert into ExampleDb.address_ward  (id, name, district_id, created_at) values (1236, 'Xã Bản Mế', 70, NOW());
insert into ExampleDb.address_ward  (id, name, district_id, created_at) values (1237, 'Thị trấn Si Ma Cai', 70, NOW());
insert into ExampleDb.address_ward  (id, name, district_id, created_at) values (1238, 'Xã Sán Chải', 70, NOW());
insert into ExampleDb.address_ward  (id, name, district_id, created_at) values (1239, 'Xã Lùng Thẩn', 70, NOW());
insert into ExampleDb.address_ward  (id, name, district_id, created_at) values (1240, 'Xã Cán Cấu', 70, NOW());
insert into ExampleDb.address_ward  (id, name, district_id, created_at) values (1241, 'Xã Sín Chéng', 70, NOW());
insert into ExampleDb.address_ward  (id, name, district_id, created_at) values (1242, 'Xã Quan Hồ Thẩn', 70, NOW());
insert into ExampleDb.address_ward  (id, name, district_id, created_at) values (1243, 'Xã Nàn Xín', 70, NOW());
insert into ExampleDb.address_district  (id, name, province_id, created_at) values (71, 'Huyện Bắc Hà', 6, NOW());
insert into ExampleDb.address_ward  (id, name, district_id, created_at) values (1244, 'Thị trấn Bắc Hà', 71, NOW());
insert into ExampleDb.address_ward  (id, name, district_id, created_at) values (1245, 'Xã Lùng Cải', 71, NOW());
insert into ExampleDb.address_ward  (id, name, district_id, created_at) values (1246, 'Xã Lùng Phình', 71, NOW());
insert into ExampleDb.address_ward  (id, name, district_id, created_at) values (1247, 'Xã Tả Van Chư', 71, NOW());
insert into ExampleDb.address_ward  (id, name, district_id, created_at) values (1248, 'Xã Tả Củ Tỷ', 71, NOW());
insert into ExampleDb.address_ward  (id, name, district_id, created_at) values (1249, 'Xã Thải Giàng Phố', 71, NOW());
insert into ExampleDb.address_ward  (id, name, district_id, created_at) values (1250, 'Xã Hoàng Thu Phố', 71, NOW());
insert into ExampleDb.address_ward  (id, name, district_id, created_at) values (1251, 'Xã Bản Phố', 71, NOW());
insert into ExampleDb.address_ward  (id, name, district_id, created_at) values (1252, 'Xã Bản Liền', 71, NOW());
insert into ExampleDb.address_ward  (id, name, district_id, created_at) values (1253, 'Xã Tà Chải', 71, NOW());
insert into ExampleDb.address_ward  (id, name, district_id, created_at) values (1254, 'Xã Na Hối', 71, NOW());
insert into ExampleDb.address_ward  (id, name, district_id, created_at) values (1255, 'Xã Cốc Ly', 71, NOW());
insert into ExampleDb.address_ward  (id, name, district_id, created_at) values (1256, 'Xã Nậm Mòn', 71, NOW());
insert into ExampleDb.address_ward  (id, name, district_id, created_at) values (1257, 'Xã Nậm Đét', 71, NOW());
insert into ExampleDb.address_ward  (id, name, district_id, created_at) values (1258, 'Xã Nậm Khánh', 71, NOW());
insert into ExampleDb.address_ward  (id, name, district_id, created_at) values (1259, 'Xã Bảo Nhai', 71, NOW());
insert into ExampleDb.address_ward  (id, name, district_id, created_at) values (1260, 'Xã Nậm Lúc', 71, NOW());
insert into ExampleDb.address_ward  (id, name, district_id, created_at) values (1261, 'Xã Cốc Lầu', 71, NOW());
insert into ExampleDb.address_ward  (id, name, district_id, created_at) values (1262, 'Xã Bản Cái', 71, NOW());
insert into ExampleDb.address_district  (id, name, province_id, created_at) values (72, 'Huyện Bảo Thắng', 6, NOW());
insert into ExampleDb.address_ward  (id, name, district_id, created_at) values (1263, 'Thị trấn N.T Phong Hải', 72, NOW());
insert into ExampleDb.address_ward  (id, name, district_id, created_at) values (1264, 'Thị trấn Phố Lu', 72, NOW());
insert into ExampleDb.address_ward  (id, name, district_id, created_at) values (1265, 'Thị trấn Tằng Loỏng', 72, NOW());
insert into ExampleDb.address_ward  (id, name, district_id, created_at) values (1266, 'Xã Bản Phiệt', 72, NOW());
insert into ExampleDb.address_ward  (id, name, district_id, created_at) values (1267, 'Xã Bản Cầm', 72, NOW());
insert into ExampleDb.address_ward  (id, name, district_id, created_at) values (1268, 'Xã Thái Niên', 72, NOW());
insert into ExampleDb.address_ward  (id, name, district_id, created_at) values (1269, 'Xã Phong Niên', 72, NOW());
insert into ExampleDb.address_ward  (id, name, district_id, created_at) values (1270, 'Xã Gia Phú', 72, NOW());
insert into ExampleDb.address_ward  (id, name, district_id, created_at) values (1271, 'Xã Xuân Quang', 72, NOW());
insert into ExampleDb.address_ward  (id, name, district_id, created_at) values (1272, 'Xã Sơn Hải', 72, NOW());
insert into ExampleDb.address_ward  (id, name, district_id, created_at) values (1273, 'Xã Xuân Giao', 72, NOW());
insert into ExampleDb.address_ward  (id, name, district_id, created_at) values (1274, 'Xã Trì Quang', 72, NOW());
insert into ExampleDb.address_ward  (id, name, district_id, created_at) values (1275, 'Xã Sơn Hà', 72, NOW());
insert into ExampleDb.address_ward  (id, name, district_id, created_at) values (1276, 'Xã Phú Nhuận', 72, NOW());
insert into ExampleDb.address_district  (id, name, province_id, created_at) values (73, 'Huyện Bảo Yên', 6, NOW());
insert into ExampleDb.address_ward  (id, name, district_id, created_at) values (1277, 'Thị trấn Phố Ràng', 73, NOW());
insert into ExampleDb.address_ward  (id, name, district_id, created_at) values (1278, 'Xã Tân Tiến', 73, NOW());
insert into ExampleDb.address_ward  (id, name, district_id, created_at) values (1279, 'Xã Nghĩa Đô', 73, NOW());
insert into ExampleDb.address_ward  (id, name, district_id, created_at) values (1280, 'Xã Vĩnh Yên', 73, NOW());
insert into ExampleDb.address_ward  (id, name, district_id, created_at) values (1281, 'Xã Điện Quan', 73, NOW());
insert into ExampleDb.address_ward  (id, name, district_id, created_at) values (1282, 'Xã Xuân Hoà', 73, NOW());
insert into ExampleDb.address_ward  (id, name, district_id, created_at) values (1283, 'Xã Tân Dương', 73, NOW());
insert into ExampleDb.address_ward  (id, name, district_id, created_at) values (1284, 'Xã Thượng Hà', 73, NOW());
insert into ExampleDb.address_ward  (id, name, district_id, created_at) values (1285, 'Xã Kim Sơn', 73, NOW());
insert into ExampleDb.address_ward  (id, name, district_id, created_at) values (1286, 'Xã Cam Cọn', 73, NOW());
insert into ExampleDb.address_ward  (id, name, district_id, created_at) values (1287, 'Xã Minh Tân', 73, NOW());
insert into ExampleDb.address_ward  (id, name, district_id, created_at) values (1288, 'Xã Xuân Thượng', 73, NOW());
insert into ExampleDb.address_ward  (id, name, district_id, created_at) values (1289, 'Xã Việt Tiến', 73, NOW());
insert into ExampleDb.address_ward  (id, name, district_id, created_at) values (1290, 'Xã Yên Sơn', 73, NOW());
insert into ExampleDb.address_ward  (id, name, district_id, created_at) values (1291, 'Xã Bảo Hà', 73, NOW());
insert into ExampleDb.address_ward  (id, name, district_id, created_at) values (1292, 'Xã Lương Sơn', 73, NOW());
insert into ExampleDb.address_ward  (id, name, district_id, created_at) values (1293, 'Xã Phúc Khánh', 73, NOW());
insert into ExampleDb.address_district  (id, name, province_id, created_at) values (74, 'Thị xã Sa Pa', 6, NOW());
insert into ExampleDb.address_ward  (id, name, district_id, created_at) values (1294, 'Phường Sa Pa', 74, NOW());
insert into ExampleDb.address_ward  (id, name, district_id, created_at) values (1295, 'Phường Sa Pả', 74, NOW());
insert into ExampleDb.address_ward  (id, name, district_id, created_at) values (1296, 'Phường Ô Quý Hồ', 74, NOW());
insert into ExampleDb.address_ward  (id, name, district_id, created_at) values (1297, 'Xã Ngũ Chỉ Sơn', 74, NOW());
insert into ExampleDb.address_ward  (id, name, district_id, created_at) values (1298, 'Phường Phan Si Păng', 74, NOW());
insert into ExampleDb.address_ward  (id, name, district_id, created_at) values (1299, 'Xã Trung Chải', 74, NOW());
insert into ExampleDb.address_ward  (id, name, district_id, created_at) values (1300, 'Xã Tả Phìn', 74, NOW());
insert into ExampleDb.address_ward  (id, name, district_id, created_at) values (1301, 'Phường Hàm Rồng', 74, NOW());
insert into ExampleDb.address_ward  (id, name, district_id, created_at) values (1302, 'Xã Hoàng Liên', 74, NOW());
insert into ExampleDb.address_ward  (id, name, district_id, created_at) values (1303, 'Xã Thanh Bình', 74, NOW());
insert into ExampleDb.address_ward  (id, name, district_id, created_at) values (1304, 'Phường Cầu Mây', 74, NOW());
insert into ExampleDb.address_ward  (id, name, district_id, created_at) values (1305, 'Xã Mường Hoa', 74, NOW());
insert into ExampleDb.address_ward  (id, name, district_id, created_at) values (1306, 'Xã Tả Van', 74, NOW());
insert into ExampleDb.address_ward  (id, name, district_id, created_at) values (1307, 'Xã Mường Bo', 74, NOW());
insert into ExampleDb.address_ward  (id, name, district_id, created_at) values (1308, 'Xã Bản Hồ', 74, NOW());
insert into ExampleDb.address_ward  (id, name, district_id, created_at) values (1309, 'Xã Liên Minh', 74, NOW());
insert into ExampleDb.address_district  (id, name, province_id, created_at) values (75, 'Huyện Văn Bàn', 6, NOW());
insert into ExampleDb.address_ward  (id, name, district_id, created_at) values (1310, 'Thị trấn Khánh Yên', 75, NOW());
insert into ExampleDb.address_ward  (id, name, district_id, created_at) values (1311, 'Xã Võ Lao', 75, NOW());
insert into ExampleDb.address_ward  (id, name, district_id, created_at) values (1312, 'Xã Sơn Thuỷ', 75, NOW());
insert into ExampleDb.address_ward  (id, name, district_id, created_at) values (1313, 'Xã Nậm Mả', 75, NOW());
insert into ExampleDb.address_ward  (id, name, district_id, created_at) values (1314, 'Xã Tân Thượng', 75, NOW());
insert into ExampleDb.address_ward  (id, name, district_id, created_at) values (1315, 'Xã Nậm Rạng', 75, NOW());
insert into ExampleDb.address_ward  (id, name, district_id, created_at) values (1316, 'Xã Nậm Chầy', 75, NOW());
insert into ExampleDb.address_ward  (id, name, district_id, created_at) values (1317, 'Xã Tân An', 75, NOW());
insert into ExampleDb.address_ward  (id, name, district_id, created_at) values (1318, 'Xã Khánh Yên Thượng', 75, NOW());
insert into ExampleDb.address_ward  (id, name, district_id, created_at) values (1319, 'Xã Nậm Xé', 75, NOW());
insert into ExampleDb.address_ward  (id, name, district_id, created_at) values (1320, 'Xã Dần Thàng', 75, NOW());
insert into ExampleDb.address_ward  (id, name, district_id, created_at) values (1321, 'Xã Chiềng Ken', 75, NOW());
insert into ExampleDb.address_ward  (id, name, district_id, created_at) values (1322, 'Xã Làng Giàng', 75, NOW());
insert into ExampleDb.address_ward  (id, name, district_id, created_at) values (1323, 'Xã Hoà Mạc', 75, NOW());
insert into ExampleDb.address_ward  (id, name, district_id, created_at) values (1324, 'Xã Khánh Yên Trung', 75, NOW());
insert into ExampleDb.address_ward  (id, name, district_id, created_at) values (1325, 'Xã Khánh Yên Hạ', 75, NOW());
insert into ExampleDb.address_ward  (id, name, district_id, created_at) values (1326, 'Xã Dương Quỳ', 75, NOW());
insert into ExampleDb.address_ward  (id, name, district_id, created_at) values (1327, 'Xã Nậm Tha', 75, NOW());
insert into ExampleDb.address_ward  (id, name, district_id, created_at) values (1328, 'Xã Minh Lương', 75, NOW());
insert into ExampleDb.address_ward  (id, name, district_id, created_at) values (1329, 'Xã Thẩm Dương', 75, NOW());
insert into ExampleDb.address_ward  (id, name, district_id, created_at) values (1330, 'Xã Liêm Phú', 75, NOW());
insert into ExampleDb.address_ward  (id, name, district_id, created_at) values (1331, 'Xã Nậm Xây', 75, NOW());
insert into ExampleDb.address_province (id, name, created_at) values (7, 'Tỉnh Điện Biên', NOW());
insert into ExampleDb.address_district  (id, name, province_id, created_at) values (76, 'Thành phố Điện Biên Phủ', 7, NOW());
insert into ExampleDb.address_ward  (id, name, district_id, created_at) values (1332, 'Phường Noong Bua', 76, NOW());
insert into ExampleDb.address_ward  (id, name, district_id, created_at) values (1333, 'Phường Him Lam', 76, NOW());
insert into ExampleDb.address_ward  (id, name, district_id, created_at) values (1334, 'Phường Thanh Bình', 76, NOW());
insert into ExampleDb.address_ward  (id, name, district_id, created_at) values (1335, 'Phường Tân Thanh', 76, NOW());
insert into ExampleDb.address_ward  (id, name, district_id, created_at) values (1336, 'Phường Mường Thanh', 76, NOW());
insert into ExampleDb.address_ward  (id, name, district_id, created_at) values (1337, 'Phường Nam Thanh', 76, NOW());
insert into ExampleDb.address_ward  (id, name, district_id, created_at) values (1338, 'Phường Thanh Trường', 76, NOW());
insert into ExampleDb.address_ward  (id, name, district_id, created_at) values (1339, 'Xã Thanh Minh', 76, NOW());
insert into ExampleDb.address_ward  (id, name, district_id, created_at) values (1340, 'Xã Nà Tấu', 76, NOW());
insert into ExampleDb.address_ward  (id, name, district_id, created_at) values (1341, 'Xã Nà Nhạn', 76, NOW());
insert into ExampleDb.address_ward  (id, name, district_id, created_at) values (1342, 'Xã Mường Phăng', 76, NOW());
insert into ExampleDb.address_ward  (id, name, district_id, created_at) values (1343, 'Xã Pá Khoang', 76, NOW());
insert into ExampleDb.address_district  (id, name, province_id, created_at) values (77, 'Thị Xã Mường Lay', 7, NOW());
insert into ExampleDb.address_ward  (id, name, district_id, created_at) values (1344, 'Phường Sông Đà', 77, NOW());
insert into ExampleDb.address_ward  (id, name, district_id, created_at) values (1345, 'Phường Na Lay', 77, NOW());
insert into ExampleDb.address_ward  (id, name, district_id, created_at) values (1346, 'Xã Lay Nưa', 77, NOW());
insert into ExampleDb.address_district  (id, name, province_id, created_at) values (78, 'Huyện Mường Nhé', 7, NOW());
insert into ExampleDb.address_ward  (id, name, district_id, created_at) values (1347, 'Xã Sín Thầu', 78, NOW());
insert into ExampleDb.address_ward  (id, name, district_id, created_at) values (1348, 'Xã Sen Thượng', 78, NOW());
insert into ExampleDb.address_ward  (id, name, district_id, created_at) values (1349, 'Xã Chung Chải', 78, NOW());
insert into ExampleDb.address_ward  (id, name, district_id, created_at) values (1350, 'Xã Leng Su Sìn', 78, NOW());
insert into ExampleDb.address_ward  (id, name, district_id, created_at) values (1351, 'Xã Pá Mỳ', 78, NOW());
insert into ExampleDb.address_ward  (id, name, district_id, created_at) values (1352, 'Xã Mường Nhé', 78, NOW());
insert into ExampleDb.address_ward  (id, name, district_id, created_at) values (1353, 'Xã Nậm Vì', 78, NOW());
insert into ExampleDb.address_ward  (id, name, district_id, created_at) values (1354, 'Xã Nậm Kè', 78, NOW());
insert into ExampleDb.address_ward  (id, name, district_id, created_at) values (1355, 'Xã Mường Toong', 78, NOW());
insert into ExampleDb.address_ward  (id, name, district_id, created_at) values (1356, 'Xã Quảng Lâm', 78, NOW());
insert into ExampleDb.address_ward  (id, name, district_id, created_at) values (1357, 'Xã Huổi Lếnh', 78, NOW());
insert into ExampleDb.address_district  (id, name, province_id, created_at) values (79, 'Huyện Mường Chà', 7, NOW());
insert into ExampleDb.address_ward  (id, name, district_id, created_at) values (1358, 'Thị Trấn Mường Chà', 79, NOW());
insert into ExampleDb.address_ward  (id, name, district_id, created_at) values (1359, 'Xã Xá Tổng', 79, NOW());
insert into ExampleDb.address_ward  (id, name, district_id, created_at) values (1360, 'Xã Mường Tùng', 79, NOW());
insert into ExampleDb.address_ward  (id, name, district_id, created_at) values (1361, 'Xã Hừa Ngài', 79, NOW());
insert into ExampleDb.address_ward  (id, name, district_id, created_at) values (1362, 'Xã Huổi Mí', 79, NOW());
insert into ExampleDb.address_ward  (id, name, district_id, created_at) values (1363, 'Xã Pa Ham', 79, NOW());
insert into ExampleDb.address_ward  (id, name, district_id, created_at) values (1364, 'Xã Nậm Nèn', 79, NOW());
insert into ExampleDb.address_ward  (id, name, district_id, created_at) values (1365, 'Xã Huổi Lèng', 79, NOW());
insert into ExampleDb.address_ward  (id, name, district_id, created_at) values (1366, 'Xã Sa Lông', 79, NOW());
insert into ExampleDb.address_ward  (id, name, district_id, created_at) values (1367, 'Xã Ma Thì Hồ', 79, NOW());
insert into ExampleDb.address_ward  (id, name, district_id, created_at) values (1368, 'Xã Na Sang', 79, NOW());
insert into ExampleDb.address_ward  (id, name, district_id, created_at) values (1369, 'Xã Mường Mươn', 79, NOW());
insert into ExampleDb.address_district  (id, name, province_id, created_at) values (80, 'Huyện Tủa Chùa', 7, NOW());
insert into ExampleDb.address_ward  (id, name, district_id, created_at) values (1370, 'Thị trấn Tủa Chùa', 80, NOW());
insert into ExampleDb.address_ward  (id, name, district_id, created_at) values (1371, 'Xã Huổi Só', 80, NOW());
insert into ExampleDb.address_ward  (id, name, district_id, created_at) values (1372, 'Xã Xín Chải', 80, NOW());
insert into ExampleDb.address_ward  (id, name, district_id, created_at) values (1373, 'Xã Tả Sìn Thàng', 80, NOW());
insert into ExampleDb.address_ward  (id, name, district_id, created_at) values (1374, 'Xã Lao Xả Phình', 80, NOW());
insert into ExampleDb.address_ward  (id, name, district_id, created_at) values (1375, 'Xã Tả Phìn', 80, NOW());
insert into ExampleDb.address_ward  (id, name, district_id, created_at) values (1376, 'Xã Tủa Thàng', 80, NOW());
insert into ExampleDb.address_ward  (id, name, district_id, created_at) values (1377, 'Xã Trung Thu', 80, NOW());
insert into ExampleDb.address_ward  (id, name, district_id, created_at) values (1378, 'Xã Sính Phình', 80, NOW());
insert into ExampleDb.address_ward  (id, name, district_id, created_at) values (1379, 'Xã Sáng Nhè', 80, NOW());
insert into ExampleDb.address_ward  (id, name, district_id, created_at) values (1380, 'Xã Mường Đun', 80, NOW());
insert into ExampleDb.address_ward  (id, name, district_id, created_at) values (1381, 'Xã Mường Báng', 80, NOW());
insert into ExampleDb.address_district  (id, name, province_id, created_at) values (81, 'Huyện Tuần Giáo', 7, NOW());
insert into ExampleDb.address_ward  (id, name, district_id, created_at) values (1382, 'Thị trấn Tuần Giáo', 81, NOW());
insert into ExampleDb.address_ward  (id, name, district_id, created_at) values (1383, 'Xã Phình Sáng', 81, NOW());
insert into ExampleDb.address_ward  (id, name, district_id, created_at) values (1384, 'Xã Rạng Đông', 81, NOW());
insert into ExampleDb.address_ward  (id, name, district_id, created_at) values (1385, 'Xã Mùn Chung', 81, NOW());
insert into ExampleDb.address_ward  (id, name, district_id, created_at) values (1386, 'Xã Nà Tòng', 81, NOW());
insert into ExampleDb.address_ward  (id, name, district_id, created_at) values (1387, 'Xã Ta Ma', 81, NOW());
insert into ExampleDb.address_ward  (id, name, district_id, created_at) values (1388, 'Xã Mường Mùn', 81, NOW());
insert into ExampleDb.address_ward  (id, name, district_id, created_at) values (1389, 'Xã Pú Xi', 81, NOW());
insert into ExampleDb.address_ward  (id, name, district_id, created_at) values (1390, 'Xã Pú Nhung', 81, NOW());
insert into ExampleDb.address_ward  (id, name, district_id, created_at) values (1391, 'Xã Quài Nưa', 81, NOW());
insert into ExampleDb.address_ward  (id, name, district_id, created_at) values (1392, 'Xã Mường Thín', 81, NOW());
insert into ExampleDb.address_ward  (id, name, district_id, created_at) values (1393, 'Xã Tỏa Tình', 81, NOW());
insert into ExampleDb.address_ward  (id, name, district_id, created_at) values (1394, 'Xã Nà Sáy', 81, NOW());
insert into ExampleDb.address_ward  (id, name, district_id, created_at) values (1395, 'Xã Mường Khong', 81, NOW());
insert into ExampleDb.address_ward  (id, name, district_id, created_at) values (1396, 'Xã Quài Cang', 81, NOW());
insert into ExampleDb.address_ward  (id, name, district_id, created_at) values (1397, 'Xã Quài Tở', 81, NOW());
insert into ExampleDb.address_ward  (id, name, district_id, created_at) values (1398, 'Xã Chiềng Sinh', 81, NOW());
insert into ExampleDb.address_ward  (id, name, district_id, created_at) values (1399, 'Xã Chiềng Đông', 81, NOW());
insert into ExampleDb.address_ward  (id, name, district_id, created_at) values (1400, 'Xã Tênh Phông', 81, NOW());
insert into ExampleDb.address_district  (id, name, province_id, created_at) values (82, 'Huyện Điện Biên', 7, NOW());
insert into ExampleDb.address_ward  (id, name, district_id, created_at) values (1401, 'Xã Mường Pồn', 82, NOW());
insert into ExampleDb.address_ward  (id, name, district_id, created_at) values (1402, 'Xã Thanh Nưa', 82, NOW());
insert into ExampleDb.address_ward  (id, name, district_id, created_at) values (1403, 'Xã Hua Thanh', 82, NOW());
insert into ExampleDb.address_ward  (id, name, district_id, created_at) values (1404, 'Xã Thanh Luông', 82, NOW());
insert into ExampleDb.address_ward  (id, name, district_id, created_at) values (1405, 'Xã Thanh Hưng', 82, NOW());
insert into ExampleDb.address_ward  (id, name, district_id, created_at) values (1406, 'Xã Thanh Xương', 82, NOW());
insert into ExampleDb.address_ward  (id, name, district_id, created_at) values (1407, 'Xã Thanh Chăn', 82, NOW());
insert into ExampleDb.address_ward  (id, name, district_id, created_at) values (1408, 'Xã Pa Thơm', 82, NOW());
insert into ExampleDb.address_ward  (id, name, district_id, created_at) values (1409, 'Xã Thanh An', 82, NOW());
insert into ExampleDb.address_ward  (id, name, district_id, created_at) values (1410, 'Xã Thanh Yên', 82, NOW());
insert into ExampleDb.address_ward  (id, name, district_id, created_at) values (1411, 'Xã Noong Luống', 82, NOW());
insert into ExampleDb.address_ward  (id, name, district_id, created_at) values (1412, 'Xã Noọng Hẹt', 82, NOW());
insert into ExampleDb.address_ward  (id, name, district_id, created_at) values (1413, 'Xã Sam Mứn', 82, NOW());
insert into ExampleDb.address_ward  (id, name, district_id, created_at) values (1414, 'Xã Pom Lót', 82, NOW());
insert into ExampleDb.address_ward  (id, name, district_id, created_at) values (1415, 'Xã Núa Ngam', 82, NOW());
insert into ExampleDb.address_ward  (id, name, district_id, created_at) values (1416, 'Xã Hẹ Muông', 82, NOW());
insert into ExampleDb.address_ward  (id, name, district_id, created_at) values (1417, 'Xã Na Ư', 82, NOW());
insert into ExampleDb.address_ward  (id, name, district_id, created_at) values (1418, 'Xã Mường Nhà', 82, NOW());
insert into ExampleDb.address_ward  (id, name, district_id, created_at) values (1419, 'Xã Na Tông', 82, NOW());
insert into ExampleDb.address_ward  (id, name, district_id, created_at) values (1420, 'Xã Mường Lói', 82, NOW());
insert into ExampleDb.address_ward  (id, name, district_id, created_at) values (1421, 'Xã Phu Luông', 82, NOW());
insert into ExampleDb.address_district  (id, name, province_id, created_at) values (83, 'Huyện Điện Biên Đông', 7, NOW());
insert into ExampleDb.address_ward  (id, name, district_id, created_at) values (1422, 'Thị trấn Điện Biên Đông', 83, NOW());
insert into ExampleDb.address_ward  (id, name, district_id, created_at) values (1423, 'Xã Na Son', 83, NOW());
insert into ExampleDb.address_ward  (id, name, district_id, created_at) values (1424, 'Xã Phì Nhừ', 83, NOW());
insert into ExampleDb.address_ward  (id, name, district_id, created_at) values (1425, 'Xã Chiềng Sơ', 83, NOW());
insert into ExampleDb.address_ward  (id, name, district_id, created_at) values (1426, 'Xã Mường Luân', 83, NOW());
insert into ExampleDb.address_ward  (id, name, district_id, created_at) values (1427, 'Xã Pú Nhi', 83, NOW());
insert into ExampleDb.address_ward  (id, name, district_id, created_at) values (1428, 'Xã Nong U', 83, NOW());
insert into ExampleDb.address_ward  (id, name, district_id, created_at) values (1429, 'Xã Xa Dung', 83, NOW());
insert into ExampleDb.address_ward  (id, name, district_id, created_at) values (1430, 'Xã Keo Lôm', 83, NOW());
insert into ExampleDb.address_ward  (id, name, district_id, created_at) values (1431, 'Xã Luân Giới', 83, NOW());
insert into ExampleDb.address_ward  (id, name, district_id, created_at) values (1432, 'Xã Phình Giàng', 83, NOW());
insert into ExampleDb.address_ward  (id, name, district_id, created_at) values (1433, 'Xã Pú Hồng', 83, NOW());
insert into ExampleDb.address_ward  (id, name, district_id, created_at) values (1434, 'Xã Tìa Dình', 83, NOW());
insert into ExampleDb.address_ward  (id, name, district_id, created_at) values (1435, 'Xã Háng Lìa', 83, NOW());
insert into ExampleDb.address_district  (id, name, province_id, created_at) values (84, 'Huyện Mường Ảng', 7, NOW());
insert into ExampleDb.address_ward  (id, name, district_id, created_at) values (1436, 'Thị trấn Mường Ảng', 84, NOW());
insert into ExampleDb.address_ward  (id, name, district_id, created_at) values (1437, 'Xã Mường Đăng', 84, NOW());
insert into ExampleDb.address_ward  (id, name, district_id, created_at) values (1438, 'Xã Ngối Cáy', 84, NOW());
insert into ExampleDb.address_ward  (id, name, district_id, created_at) values (1439, 'Xã Ẳng Tở', 84, NOW());
insert into ExampleDb.address_ward  (id, name, district_id, created_at) values (1440, 'Xã Búng Lao', 84, NOW());
insert into ExampleDb.address_ward  (id, name, district_id, created_at) values (1441, 'Xã Xuân Lao', 84, NOW());
insert into ExampleDb.address_ward  (id, name, district_id, created_at) values (1442, 'Xã Ẳng Nưa', 84, NOW());
insert into ExampleDb.address_ward  (id, name, district_id, created_at) values (1443, 'Xã Ẳng Cang', 84, NOW());
insert into ExampleDb.address_ward  (id, name, district_id, created_at) values (1444, 'Xã Nặm Lịch', 84, NOW());
insert into ExampleDb.address_ward  (id, name, district_id, created_at) values (1445, 'Xã Mường Lạn', 84, NOW());
insert into ExampleDb.address_district  (id, name, province_id, created_at) values (85, 'Huyện Nậm Pồ', 7, NOW());
insert into ExampleDb.address_ward  (id, name, district_id, created_at) values (1446, 'Xã Nậm Tin', 85, NOW());
insert into ExampleDb.address_ward  (id, name, district_id, created_at) values (1447, 'Xã Pa Tần', 85, NOW());
insert into ExampleDb.address_ward  (id, name, district_id, created_at) values (1448, 'Xã Chà Cang', 85, NOW());
insert into ExampleDb.address_ward  (id, name, district_id, created_at) values (1449, 'Xã Na Cô Sa', 85, NOW());
insert into ExampleDb.address_ward  (id, name, district_id, created_at) values (1450, 'Xã Nà Khoa', 85, NOW());
insert into ExampleDb.address_ward  (id, name, district_id, created_at) values (1451, 'Xã Nà Hỳ', 85, NOW());
insert into ExampleDb.address_ward  (id, name, district_id, created_at) values (1452, 'Xã Nà Bủng', 85, NOW());
insert into ExampleDb.address_ward  (id, name, district_id, created_at) values (1453, 'Xã Nậm Nhừ', 85, NOW());
insert into ExampleDb.address_ward  (id, name, district_id, created_at) values (1454, 'Xã Nậm Chua', 85, NOW());
insert into ExampleDb.address_ward  (id, name, district_id, created_at) values (1455, 'Xã Nậm Khăn', 85, NOW());
insert into ExampleDb.address_ward  (id, name, district_id, created_at) values (1456, 'Xã Chà Tở', 85, NOW());
insert into ExampleDb.address_ward  (id, name, district_id, created_at) values (1457, 'Xã Vàng Đán', 85, NOW());
insert into ExampleDb.address_ward  (id, name, district_id, created_at) values (1458, 'Xã Chà Nưa', 85, NOW());
insert into ExampleDb.address_ward  (id, name, district_id, created_at) values (1459, 'Xã Phìn Hồ', 85, NOW());
insert into ExampleDb.address_ward  (id, name, district_id, created_at) values (1460, 'Xã Si Pa Phìn', 85, NOW());
insert into ExampleDb.address_province (id, name, created_at) values (8, 'Tỉnh Lai Châu', NOW());
insert into ExampleDb.address_district  (id, name, province_id, created_at) values (86, 'Thành phố Lai Châu', 8, NOW());
insert into ExampleDb.address_ward  (id, name, district_id, created_at) values (1461, 'Phường Quyết Thắng', 86, NOW());
insert into ExampleDb.address_ward  (id, name, district_id, created_at) values (1462, 'Phường Tân Phong', 86, NOW());
insert into ExampleDb.address_ward  (id, name, district_id, created_at) values (1463, 'Phường Quyết Tiến', 86, NOW());
insert into ExampleDb.address_ward  (id, name, district_id, created_at) values (1464, 'Phường Đoàn Kết', 86, NOW());
insert into ExampleDb.address_ward  (id, name, district_id, created_at) values (1465, 'Xã Sùng Phài', 86, NOW());
insert into ExampleDb.address_ward  (id, name, district_id, created_at) values (1466, 'Phường Đông Phong', 86, NOW());
insert into ExampleDb.address_ward  (id, name, district_id, created_at) values (1467, 'Xã San Thàng', 86, NOW());
insert into ExampleDb.address_district  (id, name, province_id, created_at) values (87, 'Huyện Tam Đường', 8, NOW());
insert into ExampleDb.address_ward  (id, name, district_id, created_at) values (1468, 'Thị trấn Tam Đường', 87, NOW());
insert into ExampleDb.address_ward  (id, name, district_id, created_at) values (1469, 'Xã Thèn Sin', 87, NOW());
insert into ExampleDb.address_ward  (id, name, district_id, created_at) values (1470, 'Xã Tả Lèng', 87, NOW());
insert into ExampleDb.address_ward  (id, name, district_id, created_at) values (1471, 'Xã Giang Ma', 87, NOW());
insert into ExampleDb.address_ward  (id, name, district_id, created_at) values (1472, 'Xã Hồ Thầu', 87, NOW());
insert into ExampleDb.address_ward  (id, name, district_id, created_at) values (1473, 'Xã Bình Lư', 87, NOW());
insert into ExampleDb.address_ward  (id, name, district_id, created_at) values (1474, 'Xã Sơn Bình', 87, NOW());
insert into ExampleDb.address_ward  (id, name, district_id, created_at) values (1475, 'Xã Nùng Nàng', 87, NOW());
insert into ExampleDb.address_ward  (id, name, district_id, created_at) values (1476, 'Xã Bản Giang', 87, NOW());
insert into ExampleDb.address_ward  (id, name, district_id, created_at) values (1477, 'Xã Bản Hon', 87, NOW());
insert into ExampleDb.address_ward  (id, name, district_id, created_at) values (1478, 'Xã Bản Bo', 87, NOW());
insert into ExampleDb.address_ward  (id, name, district_id, created_at) values (1479, 'Xã Nà Tăm', 87, NOW());
insert into ExampleDb.address_ward  (id, name, district_id, created_at) values (1480, 'Xã Khun Há', 87, NOW());
insert into ExampleDb.address_district  (id, name, province_id, created_at) values (88, 'Huyện Mường Tè', 8, NOW());
insert into ExampleDb.address_ward  (id, name, district_id, created_at) values (1481, 'Thị trấn Mường Tè', 88, NOW());
insert into ExampleDb.address_ward  (id, name, district_id, created_at) values (1482, 'Xã Thu Lũm', 88, NOW());
insert into ExampleDb.address_ward  (id, name, district_id, created_at) values (1483, 'Xã Ka Lăng', 88, NOW());
insert into ExampleDb.address_ward  (id, name, district_id, created_at) values (1484, 'Xã Tá Bạ', 88, NOW());
insert into ExampleDb.address_ward  (id, name, district_id, created_at) values (1485, 'Xã Pa ủ', 88, NOW());
insert into ExampleDb.address_ward  (id, name, district_id, created_at) values (1486, 'Xã Mường Tè', 88, NOW());
insert into ExampleDb.address_ward  (id, name, district_id, created_at) values (1487, 'Xã Pa Vệ Sử', 88, NOW());
insert into ExampleDb.address_ward  (id, name, district_id, created_at) values (1488, 'Xã Mù Cả', 88, NOW());
insert into ExampleDb.address_ward  (id, name, district_id, created_at) values (1489, 'Xã Bum Tở', 88, NOW());
insert into ExampleDb.address_ward  (id, name, district_id, created_at) values (1490, 'Xã Nậm Khao', 88, NOW());
insert into ExampleDb.address_ward  (id, name, district_id, created_at) values (1491, 'Xã Tà Tổng', 88, NOW());
insert into ExampleDb.address_ward  (id, name, district_id, created_at) values (1492, 'Xã Bum Nưa', 88, NOW());
insert into ExampleDb.address_ward  (id, name, district_id, created_at) values (1493, 'Xã Vàng San', 88, NOW());
insert into ExampleDb.address_ward  (id, name, district_id, created_at) values (1494, 'Xã Kan Hồ', 88, NOW());
insert into ExampleDb.address_district  (id, name, province_id, created_at) values (89, 'Huyện Sìn Hồ', 8, NOW());
insert into ExampleDb.address_ward  (id, name, district_id, created_at) values (1495, 'Thị trấn Sìn Hồ', 89, NOW());
insert into ExampleDb.address_ward  (id, name, district_id, created_at) values (1496, 'Xã Chăn Nưa', 89, NOW());
insert into ExampleDb.address_ward  (id, name, district_id, created_at) values (1497, 'Xã Pa Tần', 89, NOW());
insert into ExampleDb.address_ward  (id, name, district_id, created_at) values (1498, 'Xã Phìn Hồ', 89, NOW());
insert into ExampleDb.address_ward  (id, name, district_id, created_at) values (1499, 'Xã Hồng Thu', 89, NOW());
insert into ExampleDb.address_ward  (id, name, district_id, created_at) values (1500, 'Xã Phăng Sô Lin', 89, NOW());
insert into ExampleDb.address_ward  (id, name, district_id, created_at) values (1501, 'Xã Ma Quai', 89, NOW());
insert into ExampleDb.address_ward  (id, name, district_id, created_at) values (1502, 'Xã Lùng Thàng', 89, NOW());
insert into ExampleDb.address_ward  (id, name, district_id, created_at) values (1503, 'Xã Tả Phìn', 89, NOW());
insert into ExampleDb.address_ward  (id, name, district_id, created_at) values (1504, 'Xã Sà Dề Phìn', 89, NOW());
insert into ExampleDb.address_ward  (id, name, district_id, created_at) values (1505, 'Xã Nậm Tăm', 89, NOW());
insert into ExampleDb.address_ward  (id, name, district_id, created_at) values (1506, 'Xã Tả Ngảo', 89, NOW());
insert into ExampleDb.address_ward  (id, name, district_id, created_at) values (1507, 'Xã Pu Sam Cáp', 89, NOW());
insert into ExampleDb.address_ward  (id, name, district_id, created_at) values (1508, 'Xã Nậm Cha', 89, NOW());
insert into ExampleDb.address_ward  (id, name, district_id, created_at) values (1509, 'Xã Pa Khoá', 89, NOW());
insert into ExampleDb.address_ward  (id, name, district_id, created_at) values (1510, 'Xã Làng Mô', 89, NOW());
insert into ExampleDb.address_ward  (id, name, district_id, created_at) values (1511, 'Xã Noong Hẻo', 89, NOW());
insert into ExampleDb.address_ward  (id, name, district_id, created_at) values (1512, 'Xã Nậm Mạ', 89, NOW());
insert into ExampleDb.address_ward  (id, name, district_id, created_at) values (1513, 'Xã Căn Co', 89, NOW());
insert into ExampleDb.address_ward  (id, name, district_id, created_at) values (1514, 'Xã Tủa Sín Chải', 89, NOW());
insert into ExampleDb.address_ward  (id, name, district_id, created_at) values (1515, 'Xã Nậm Cuổi', 89, NOW());
insert into ExampleDb.address_ward  (id, name, district_id, created_at) values (1516, 'Xã Nậm Hăn', 89, NOW());
insert into ExampleDb.address_district  (id, name, province_id, created_at) values (90, 'Huyện Phong Thổ', 8, NOW());
insert into ExampleDb.address_ward  (id, name, district_id, created_at) values (1517, 'Xã Lả Nhì Thàng', 90, NOW());
insert into ExampleDb.address_ward  (id, name, district_id, created_at) values (1518, 'Xã Huổi Luông', 90, NOW());
insert into ExampleDb.address_ward  (id, name, district_id, created_at) values (1519, 'Thị trấn Phong Thổ', 90, NOW());
insert into ExampleDb.address_ward  (id, name, district_id, created_at) values (1520, 'Xã Sì Lở Lầu', 90, NOW());
insert into ExampleDb.address_ward  (id, name, district_id, created_at) values (1521, 'Xã Mồ Sì San', 90, NOW());
insert into ExampleDb.address_ward  (id, name, district_id, created_at) values (1522, 'Xã Pa Vây Sử', 90, NOW());
insert into ExampleDb.address_ward  (id, name, district_id, created_at) values (1523, 'Xã Vàng Ma Chải', 90, NOW());
insert into ExampleDb.address_ward  (id, name, district_id, created_at) values (1524, 'Xã Tông Qua Lìn', 90, NOW());
insert into ExampleDb.address_ward  (id, name, district_id, created_at) values (1525, 'Xã Mù Sang', 90, NOW());
insert into ExampleDb.address_ward  (id, name, district_id, created_at) values (1526, 'Xã Dào San', 90, NOW());
insert into ExampleDb.address_ward  (id, name, district_id, created_at) values (1527, 'Xã Ma Ly Pho', 90, NOW());
insert into ExampleDb.address_ward  (id, name, district_id, created_at) values (1528, 'Xã Bản Lang', 90, NOW());
insert into ExampleDb.address_ward  (id, name, district_id, created_at) values (1529, 'Xã Hoang Thèn', 90, NOW());
insert into ExampleDb.address_ward  (id, name, district_id, created_at) values (1530, 'Xã Khổng Lào', 90, NOW());
insert into ExampleDb.address_ward  (id, name, district_id, created_at) values (1531, 'Xã Nậm Xe', 90, NOW());
insert into ExampleDb.address_ward  (id, name, district_id, created_at) values (1532, 'Xã Mường So', 90, NOW());
insert into ExampleDb.address_ward  (id, name, district_id, created_at) values (1533, 'Xã Sin Suối Hồ', 90, NOW());
insert into ExampleDb.address_district  (id, name, province_id, created_at) values (91, 'Huyện Than Uyên', 8, NOW());
insert into ExampleDb.address_ward  (id, name, district_id, created_at) values (1534, 'Thị trấn Than Uyên', 91, NOW());
insert into ExampleDb.address_ward  (id, name, district_id, created_at) values (1535, 'Xã Phúc Than', 91, NOW());
insert into ExampleDb.address_ward  (id, name, district_id, created_at) values (1536, 'Xã Mường Than', 91, NOW());
insert into ExampleDb.address_ward  (id, name, district_id, created_at) values (1537, 'Xã Mường Mít', 91, NOW());
insert into ExampleDb.address_ward  (id, name, district_id, created_at) values (1538, 'Xã Pha Mu', 91, NOW());
insert into ExampleDb.address_ward  (id, name, district_id, created_at) values (1539, 'Xã Mường Cang', 91, NOW());
insert into ExampleDb.address_ward  (id, name, district_id, created_at) values (1540, 'Xã Hua Nà', 91, NOW());
insert into ExampleDb.address_ward  (id, name, district_id, created_at) values (1541, 'Xã Tà Hừa', 91, NOW());
insert into ExampleDb.address_ward  (id, name, district_id, created_at) values (1542, 'Xã Mường Kim', 91, NOW());
insert into ExampleDb.address_ward  (id, name, district_id, created_at) values (1543, 'Xã Tà Mung', 91, NOW());
insert into ExampleDb.address_ward  (id, name, district_id, created_at) values (1544, 'Xã Tà Gia', 91, NOW());
insert into ExampleDb.address_ward  (id, name, district_id, created_at) values (1545, 'Xã Khoen On', 91, NOW());
insert into ExampleDb.address_district  (id, name, province_id, created_at) values (92, 'Huyện Tân Uyên', 8, NOW());
insert into ExampleDb.address_ward  (id, name, district_id, created_at) values (1546, 'Thị trấn Tân Uyên', 92, NOW());
insert into ExampleDb.address_ward  (id, name, district_id, created_at) values (1547, 'Xã Mường Khoa', 92, NOW());
insert into ExampleDb.address_ward  (id, name, district_id, created_at) values (1548, 'Xã Phúc Khoa', 92, NOW());
insert into ExampleDb.address_ward  (id, name, district_id, created_at) values (1549, 'Xã Thân Thuộc', 92, NOW());
insert into ExampleDb.address_ward  (id, name, district_id, created_at) values (1550, 'Xã Trung Đồng', 92, NOW());
insert into ExampleDb.address_ward  (id, name, district_id, created_at) values (1551, 'Xã Hố Mít', 92, NOW());
insert into ExampleDb.address_ward  (id, name, district_id, created_at) values (1552, 'Xã Nậm Cần', 92, NOW());
insert into ExampleDb.address_ward  (id, name, district_id, created_at) values (1553, 'Xã Nậm Sỏ', 92, NOW());
insert into ExampleDb.address_ward  (id, name, district_id, created_at) values (1554, 'Xã Pắc Ta', 92, NOW());
insert into ExampleDb.address_ward  (id, name, district_id, created_at) values (1555, 'Xã Tà Mít', 92, NOW());
insert into ExampleDb.address_district  (id, name, province_id, created_at) values (93, 'Huyện Nậm Nhùn', 8, NOW());
insert into ExampleDb.address_ward  (id, name, district_id, created_at) values (1556, 'Thị trấn Nậm Nhùn', 93, NOW());
insert into ExampleDb.address_ward  (id, name, district_id, created_at) values (1557, 'Xã Hua Bun', 93, NOW());
insert into ExampleDb.address_ward  (id, name, district_id, created_at) values (1558, 'Xã Mường Mô', 93, NOW());
insert into ExampleDb.address_ward  (id, name, district_id, created_at) values (1559, 'Xã Nậm Chà', 93, NOW());
insert into ExampleDb.address_ward  (id, name, district_id, created_at) values (1560, 'Xã Nậm Manh', 93, NOW());
insert into ExampleDb.address_ward  (id, name, district_id, created_at) values (1561, 'Xã Nậm Hàng', 93, NOW());
insert into ExampleDb.address_ward  (id, name, district_id, created_at) values (1562, 'Xã Lê Lợi', 93, NOW());
insert into ExampleDb.address_ward  (id, name, district_id, created_at) values (1563, 'Xã Pú Đao', 93, NOW());
insert into ExampleDb.address_ward  (id, name, district_id, created_at) values (1564, 'Xã Nậm Pì', 93, NOW());
insert into ExampleDb.address_ward  (id, name, district_id, created_at) values (1565, 'Xã Nậm Ban', 93, NOW());
insert into ExampleDb.address_ward  (id, name, district_id, created_at) values (1566, 'Xã Trung Chải', 93, NOW());
insert into ExampleDb.address_province (id, name, created_at) values (9, 'Tỉnh Sơn La', NOW());
insert into ExampleDb.address_district  (id, name, province_id, created_at) values (94, 'Thành phố Sơn La', 9, NOW());
insert into ExampleDb.address_ward  (id, name, district_id, created_at) values (1567, 'Phường Chiềng Lề', 94, NOW());
insert into ExampleDb.address_ward  (id, name, district_id, created_at) values (1568, 'Phường Tô Hiệu', 94, NOW());
insert into ExampleDb.address_ward  (id, name, district_id, created_at) values (1569, 'Phường Quyết Thắng', 94, NOW());
insert into ExampleDb.address_ward  (id, name, district_id, created_at) values (1570, 'Phường Quyết Tâm', 94, NOW());
insert into ExampleDb.address_ward  (id, name, district_id, created_at) values (1571, 'Xã Chiềng Cọ', 94, NOW());
insert into ExampleDb.address_ward  (id, name, district_id, created_at) values (1572, 'Xã Chiềng Đen', 94, NOW());
insert into ExampleDb.address_ward  (id, name, district_id, created_at) values (1573, 'Xã Chiềng Xôm', 94, NOW());
insert into ExampleDb.address_ward  (id, name, district_id, created_at) values (1574, 'Phường Chiềng An', 94, NOW());
insert into ExampleDb.address_ward  (id, name, district_id, created_at) values (1575, 'Phường Chiềng Cơi', 94, NOW());
insert into ExampleDb.address_ward  (id, name, district_id, created_at) values (1576, 'Xã Chiềng Ngần', 94, NOW());
insert into ExampleDb.address_ward  (id, name, district_id, created_at) values (1577, 'Xã Hua La', 94, NOW());
insert into ExampleDb.address_ward  (id, name, district_id, created_at) values (1578, 'Phường Chiềng Sinh', 94, NOW());
insert into ExampleDb.address_district  (id, name, province_id, created_at) values (95, 'Huyện Quỳnh Nhai', 9, NOW());
insert into ExampleDb.address_ward  (id, name, district_id, created_at) values (1579, 'Xã Mường Chiên', 95, NOW());
insert into ExampleDb.address_ward  (id, name, district_id, created_at) values (1580, 'Xã Cà Nàng', 95, NOW());
insert into ExampleDb.address_ward  (id, name, district_id, created_at) values (1581, 'Xã Chiềng Khay', 95, NOW());
insert into ExampleDb.address_ward  (id, name, district_id, created_at) values (1582, 'Xã Mường Giôn', 95, NOW());
insert into ExampleDb.address_ward  (id, name, district_id, created_at) values (1583, 'Xã Pá Ma Pha Khinh', 95, NOW());
insert into ExampleDb.address_ward  (id, name, district_id, created_at) values (1584, 'Xã Chiềng Ơn', 95, NOW());
insert into ExampleDb.address_ward  (id, name, district_id, created_at) values (1585, 'Xã Mường Giàng', 95, NOW());
insert into ExampleDb.address_ward  (id, name, district_id, created_at) values (1586, 'Xã Chiềng Bằng', 95, NOW());
insert into ExampleDb.address_ward  (id, name, district_id, created_at) values (1587, 'Xã Mường Sại', 95, NOW());
insert into ExampleDb.address_ward  (id, name, district_id, created_at) values (1588, 'Xã Nậm ét', 95, NOW());
insert into ExampleDb.address_ward  (id, name, district_id, created_at) values (1589, 'Xã Chiềng Khoang', 95, NOW());
insert into ExampleDb.address_district  (id, name, province_id, created_at) values (96, 'Huyện Thuận Châu', 9, NOW());
insert into ExampleDb.address_ward  (id, name, district_id, created_at) values (1590, 'Thị trấn Thuận Châu', 96, NOW());
insert into ExampleDb.address_ward  (id, name, district_id, created_at) values (1591, 'Xã Phổng Lái', 96, NOW());
insert into ExampleDb.address_ward  (id, name, district_id, created_at) values (1592, 'Xã Mường é', 96, NOW());
insert into ExampleDb.address_ward  (id, name, district_id, created_at) values (1593, 'Xã Chiềng Pha', 96, NOW());
insert into ExampleDb.address_ward  (id, name, district_id, created_at) values (1594, 'Xã Chiềng La', 96, NOW());
insert into ExampleDb.address_ward  (id, name, district_id, created_at) values (1595, 'Xã Chiềng Ngàm', 96, NOW());
insert into ExampleDb.address_ward  (id, name, district_id, created_at) values (1596, 'Xã Liệp Tè', 96, NOW());
insert into ExampleDb.address_ward  (id, name, district_id, created_at) values (1597, 'Xã é Tòng', 96, NOW());
insert into ExampleDb.address_ward  (id, name, district_id, created_at) values (1598, 'Xã Phổng Lập', 96, NOW());
insert into ExampleDb.address_ward  (id, name, district_id, created_at) values (1599, 'Xã Phổng Lăng', 96, NOW());
insert into ExampleDb.address_ward  (id, name, district_id, created_at) values (1600, 'Xã Chiềng Ly', 96, NOW());
insert into ExampleDb.address_ward  (id, name, district_id, created_at) values (1601, 'Xã Noong Lay', 96, NOW());
insert into ExampleDb.address_ward  (id, name, district_id, created_at) values (1602, 'Xã Mường Khiêng', 96, NOW());
insert into ExampleDb.address_ward  (id, name, district_id, created_at) values (1603, 'Xã Mường Bám', 96, NOW());
insert into ExampleDb.address_ward  (id, name, district_id, created_at) values (1604, 'Xã Long Hẹ', 96, NOW());
insert into ExampleDb.address_ward  (id, name, district_id, created_at) values (1605, 'Xã Chiềng Bôm', 96, NOW());
insert into ExampleDb.address_ward  (id, name, district_id, created_at) values (1606, 'Xã Thôm Mòn', 96, NOW());
insert into ExampleDb.address_ward  (id, name, district_id, created_at) values (1607, 'Xã Tông Lạnh', 96, NOW());
insert into ExampleDb.address_ward  (id, name, district_id, created_at) values (1608, 'Xã Tông Cọ', 96, NOW());
insert into ExampleDb.address_ward  (id, name, district_id, created_at) values (1609, 'Xã Bó Mười', 96, NOW());
insert into ExampleDb.address_ward  (id, name, district_id, created_at) values (1610, 'Xã Co Mạ', 96, NOW());
insert into ExampleDb.address_ward  (id, name, district_id, created_at) values (1611, 'Xã Púng Tra', 96, NOW());
insert into ExampleDb.address_ward  (id, name, district_id, created_at) values (1612, 'Xã Chiềng Pấc', 96, NOW());
insert into ExampleDb.address_ward  (id, name, district_id, created_at) values (1613, 'Xã Nậm Lầu', 96, NOW());
insert into ExampleDb.address_ward  (id, name, district_id, created_at) values (1614, 'Xã Bon Phặng', 96, NOW());
insert into ExampleDb.address_ward  (id, name, district_id, created_at) values (1615, 'Xã Co Tòng', 96, NOW());
insert into ExampleDb.address_ward  (id, name, district_id, created_at) values (1616, 'Xã Muổi Nọi', 96, NOW());
insert into ExampleDb.address_ward  (id, name, district_id, created_at) values (1617, 'Xã Pá Lông', 96, NOW());
insert into ExampleDb.address_ward  (id, name, district_id, created_at) values (1618, 'Xã Bản Lầm', 96, NOW());
insert into ExampleDb.address_district  (id, name, province_id, created_at) values (97, 'Huyện Mường La', 9, NOW());
insert into ExampleDb.address_ward  (id, name, district_id, created_at) values (1619, 'Thị trấn Ít Ong', 97, NOW());
insert into ExampleDb.address_ward  (id, name, district_id, created_at) values (1620, 'Xã Nậm Giôn', 97, NOW());
insert into ExampleDb.address_ward  (id, name, district_id, created_at) values (1621, 'Xã Chiềng Lao', 97, NOW());
insert into ExampleDb.address_ward  (id, name, district_id, created_at) values (1622, 'Xã Hua Trai', 97, NOW());
insert into ExampleDb.address_ward  (id, name, district_id, created_at) values (1623, 'Xã Ngọc Chiến', 97, NOW());
insert into ExampleDb.address_ward  (id, name, district_id, created_at) values (1624, 'Xã Mường Trai', 97, NOW());
insert into ExampleDb.address_ward  (id, name, district_id, created_at) values (1625, 'Xã Nậm Păm', 97, NOW());
insert into ExampleDb.address_ward  (id, name, district_id, created_at) values (1626, 'Xã Chiềng Muôn', 97, NOW());
insert into ExampleDb.address_ward  (id, name, district_id, created_at) values (1627, 'Xã Chiềng Ân', 97, NOW());
insert into ExampleDb.address_ward  (id, name, district_id, created_at) values (1628, 'Xã Pi Toong', 97, NOW());
insert into ExampleDb.address_ward  (id, name, district_id, created_at) values (1629, 'Xã Chiềng Công', 97, NOW());
insert into ExampleDb.address_ward  (id, name, district_id, created_at) values (1630, 'Xã Tạ Bú', 97, NOW());
insert into ExampleDb.address_ward  (id, name, district_id, created_at) values (1631, 'Xã Chiềng San', 97, NOW());
insert into ExampleDb.address_ward  (id, name, district_id, created_at) values (1632, 'Xã Mường Bú', 97, NOW());
insert into ExampleDb.address_ward  (id, name, district_id, created_at) values (1633, 'Xã Chiềng Hoa', 97, NOW());
insert into ExampleDb.address_ward  (id, name, district_id, created_at) values (1634, 'Xã Mường Chùm', 97, NOW());
insert into ExampleDb.address_district  (id, name, province_id, created_at) values (98, 'Huyện Bắc Yên', 9, NOW());
insert into ExampleDb.address_ward  (id, name, district_id, created_at) values (1635, 'Thị trấn Bắc Yên', 98, NOW());
insert into ExampleDb.address_ward  (id, name, district_id, created_at) values (1636, 'Xã Phiêng Ban', 98, NOW());
insert into ExampleDb.address_ward  (id, name, district_id, created_at) values (1637, 'Xã Hang Chú', 98, NOW());
insert into ExampleDb.address_ward  (id, name, district_id, created_at) values (1638, 'Xã Xím Vàng', 98, NOW());
insert into ExampleDb.address_ward  (id, name, district_id, created_at) values (1639, 'Xã Tà Xùa', 98, NOW());
insert into ExampleDb.address_ward  (id, name, district_id, created_at) values (1640, 'Xã Háng Đồng', 98, NOW());
insert into ExampleDb.address_ward  (id, name, district_id, created_at) values (1641, 'Xã Pắc Ngà', 98, NOW());
insert into ExampleDb.address_ward  (id, name, district_id, created_at) values (1642, 'Xã Làng Chếu', 98, NOW());
insert into ExampleDb.address_ward  (id, name, district_id, created_at) values (1643, 'Xã Chim Vàn', 98, NOW());
insert into ExampleDb.address_ward  (id, name, district_id, created_at) values (1644, 'Xã Mường Khoa', 98, NOW());
insert into ExampleDb.address_ward  (id, name, district_id, created_at) values (1645, 'Xã Song Pe', 98, NOW());
insert into ExampleDb.address_ward  (id, name, district_id, created_at) values (1646, 'Xã Hồng Ngài', 98, NOW());
insert into ExampleDb.address_ward  (id, name, district_id, created_at) values (1647, 'Xã Tạ Khoa', 98, NOW());
insert into ExampleDb.address_ward  (id, name, district_id, created_at) values (1648, 'Xã Hua Nhàn', 98, NOW());
insert into ExampleDb.address_ward  (id, name, district_id, created_at) values (1649, 'Xã Phiêng Côn', 98, NOW());
insert into ExampleDb.address_ward  (id, name, district_id, created_at) values (1650, 'Xã Chiềng Sại', 98, NOW());
insert into ExampleDb.address_district  (id, name, province_id, created_at) values (99, 'Huyện Phù Yên', 9, NOW());
insert into ExampleDb.address_ward  (id, name, district_id, created_at) values (1651, 'Thị trấn Phù Yên', 99, NOW());
insert into ExampleDb.address_ward  (id, name, district_id, created_at) values (1652, 'Xã Suối Tọ', 99, NOW());
insert into ExampleDb.address_ward  (id, name, district_id, created_at) values (1653, 'Xã Mường Thải', 99, NOW());
insert into ExampleDb.address_ward  (id, name, district_id, created_at) values (1654, 'Xã Mường Cơi', 99, NOW());
insert into ExampleDb.address_ward  (id, name, district_id, created_at) values (1655, 'Xã Quang Huy', 99, NOW());
insert into ExampleDb.address_ward  (id, name, district_id, created_at) values (1656, 'Xã Huy Bắc', 99, NOW());
insert into ExampleDb.address_ward  (id, name, district_id, created_at) values (1657, 'Xã Huy Thượng', 99, NOW());
insert into ExampleDb.address_ward  (id, name, district_id, created_at) values (1658, 'Xã Tân Lang', 99, NOW());
insert into ExampleDb.address_ward  (id, name, district_id, created_at) values (1659, 'Xã Gia Phù', 99, NOW());
insert into ExampleDb.address_ward  (id, name, district_id, created_at) values (1660, 'Xã Tường Phù', 99, NOW());
insert into ExampleDb.address_ward  (id, name, district_id, created_at) values (1661, 'Xã Huy Hạ', 99, NOW());
insert into ExampleDb.address_ward  (id, name, district_id, created_at) values (1662, 'Xã Huy Tân', 99, NOW());
insert into ExampleDb.address_ward  (id, name, district_id, created_at) values (1663, 'Xã Mường Lang', 99, NOW());
insert into ExampleDb.address_ward  (id, name, district_id, created_at) values (1664, 'Xã Suối Bau', 99, NOW());
insert into ExampleDb.address_ward  (id, name, district_id, created_at) values (1665, 'Xã Huy Tường', 99, NOW());
insert into ExampleDb.address_ward  (id, name, district_id, created_at) values (1666, 'Xã Mường Do', 99, NOW());
insert into ExampleDb.address_ward  (id, name, district_id, created_at) values (1667, 'Xã Sập Xa', 99, NOW());
insert into ExampleDb.address_ward  (id, name, district_id, created_at) values (1668, 'Xã Tường Thượng', 99, NOW());
insert into ExampleDb.address_ward  (id, name, district_id, created_at) values (1669, 'Xã Tường Tiến', 99, NOW());
insert into ExampleDb.address_ward  (id, name, district_id, created_at) values (1670, 'Xã Tường Phong', 99, NOW());
insert into ExampleDb.address_ward  (id, name, district_id, created_at) values (1671, 'Xã Tường Hạ', 99, NOW());
insert into ExampleDb.address_ward  (id, name, district_id, created_at) values (1672, 'Xã Kim Bon', 99, NOW());
insert into ExampleDb.address_ward  (id, name, district_id, created_at) values (1673, 'Xã Mường Bang', 99, NOW());
insert into ExampleDb.address_ward  (id, name, district_id, created_at) values (1674, 'Xã Đá Đỏ', 99, NOW());
insert into ExampleDb.address_ward  (id, name, district_id, created_at) values (1675, 'Xã Tân Phong', 99, NOW());
insert into ExampleDb.address_ward  (id, name, district_id, created_at) values (1676, 'Xã Nam Phong', 99, NOW());
insert into ExampleDb.address_ward  (id, name, district_id, created_at) values (1677, 'Xã Bắc Phong', 99, NOW());
insert into ExampleDb.address_district  (id, name, province_id, created_at) values (100, 'Huyện Mộc Châu', 9, NOW());
insert into ExampleDb.address_ward  (id, name, district_id, created_at) values (1678, 'Thị trấn Mộc Châu', 100, NOW());
insert into ExampleDb.address_ward  (id, name, district_id, created_at) values (1679, 'Thị trấn NT Mộc Châu', 100, NOW());
insert into ExampleDb.address_ward  (id, name, district_id, created_at) values (1680, 'Xã Chiềng Sơn', 100, NOW());
insert into ExampleDb.address_ward  (id, name, district_id, created_at) values (1681, 'Xã Tân Hợp', 100, NOW());
insert into ExampleDb.address_ward  (id, name, district_id, created_at) values (1682, 'Xã Qui Hướng', 100, NOW());
insert into ExampleDb.address_ward  (id, name, district_id, created_at) values (1683, 'Xã Tân Lập', 100, NOW());
insert into ExampleDb.address_ward  (id, name, district_id, created_at) values (1684, 'Xã Nà Mường', 100, NOW());
insert into ExampleDb.address_ward  (id, name, district_id, created_at) values (1685, 'Xã Tà Lai', 100, NOW());
insert into ExampleDb.address_ward  (id, name, district_id, created_at) values (1686, 'Xã Chiềng Hắc', 100, NOW());
insert into ExampleDb.address_ward  (id, name, district_id, created_at) values (1687, 'Xã Hua Păng', 100, NOW());
insert into ExampleDb.address_ward  (id, name, district_id, created_at) values (1688, 'Xã Chiềng Khừa', 100, NOW());
insert into ExampleDb.address_ward  (id, name, district_id, created_at) values (1689, 'Xã Mường Sang', 100, NOW());
insert into ExampleDb.address_ward  (id, name, district_id, created_at) values (1690, 'Xã Đông Sang', 100, NOW());
insert into ExampleDb.address_ward  (id, name, district_id, created_at) values (1691, 'Xã Phiêng Luông', 100, NOW());
insert into ExampleDb.address_ward  (id, name, district_id, created_at) values (1692, 'Xã Lóng Sập', 100, NOW());
insert into ExampleDb.address_district  (id, name, province_id, created_at) values (101, 'Huyện Yên Châu', 9, NOW());
insert into ExampleDb.address_ward  (id, name, district_id, created_at) values (1693, 'Thị trấn Yên Châu', 101, NOW());
insert into ExampleDb.address_ward  (id, name, district_id, created_at) values (1694, 'Xã Chiềng Đông', 101, NOW());
insert into ExampleDb.address_ward  (id, name, district_id, created_at) values (1695, 'Xã Sập Vạt', 101, NOW());
insert into ExampleDb.address_ward  (id, name, district_id, created_at) values (1696, 'Xã Chiềng Sàng', 101, NOW());
insert into ExampleDb.address_ward  (id, name, district_id, created_at) values (1697, 'Xã Chiềng Pằn', 101, NOW());
insert into ExampleDb.address_ward  (id, name, district_id, created_at) values (1698, 'Xã Viêng Lán', 101, NOW());
insert into ExampleDb.address_ward  (id, name, district_id, created_at) values (1699, 'Xã Chiềng Hặc', 101, NOW());
insert into ExampleDb.address_ward  (id, name, district_id, created_at) values (1700, 'Xã Mường Lựm', 101, NOW());
insert into ExampleDb.address_ward  (id, name, district_id, created_at) values (1701, 'Xã Chiềng On', 101, NOW());
insert into ExampleDb.address_ward  (id, name, district_id, created_at) values (1702, 'Xã Yên Sơn', 101, NOW());
insert into ExampleDb.address_ward  (id, name, district_id, created_at) values (1703, 'Xã Chiềng Khoi', 101, NOW());
insert into ExampleDb.address_ward  (id, name, district_id, created_at) values (1704, 'Xã Tú Nang', 101, NOW());
insert into ExampleDb.address_ward  (id, name, district_id, created_at) values (1705, 'Xã Lóng Phiêng', 101, NOW());
insert into ExampleDb.address_ward  (id, name, district_id, created_at) values (1706, 'Xã Phiêng Khoài', 101, NOW());
insert into ExampleDb.address_ward  (id, name, district_id, created_at) values (1707, 'Xã Chiềng Tương', 101, NOW());
insert into ExampleDb.address_district  (id, name, province_id, created_at) values (102, 'Huyện Mai Sơn', 9, NOW());
insert into ExampleDb.address_ward  (id, name, district_id, created_at) values (1708, 'Thị trấn Hát Lót', 102, NOW());
insert into ExampleDb.address_ward  (id, name, district_id, created_at) values (1709, 'Xã Chiềng Sung', 102, NOW());
insert into ExampleDb.address_ward  (id, name, district_id, created_at) values (1710, 'Xã Mường Bằng', 102, NOW());
insert into ExampleDb.address_ward  (id, name, district_id, created_at) values (1711, 'Xã Chiềng Chăn', 102, NOW());
insert into ExampleDb.address_ward  (id, name, district_id, created_at) values (1712, 'Xã Mương Chanh', 102, NOW());
insert into ExampleDb.address_ward  (id, name, district_id, created_at) values (1713, 'Xã Chiềng Ban', 102, NOW());
insert into ExampleDb.address_ward  (id, name, district_id, created_at) values (1714, 'Xã Chiềng Mung', 102, NOW());
insert into ExampleDb.address_ward  (id, name, district_id, created_at) values (1715, 'Xã Mường Bon', 102, NOW());
insert into ExampleDb.address_ward  (id, name, district_id, created_at) values (1716, 'Xã Chiềng Chung', 102, NOW());
insert into ExampleDb.address_ward  (id, name, district_id, created_at) values (1717, 'Xã Chiềng Mai', 102, NOW());
insert into ExampleDb.address_ward  (id, name, district_id, created_at) values (1718, 'Xã Hát Lót', 102, NOW());
insert into ExampleDb.address_ward  (id, name, district_id, created_at) values (1719, 'Xã Nà Pó', 102, NOW());
insert into ExampleDb.address_ward  (id, name, district_id, created_at) values (1720, 'Xã Cò  Nòi', 102, NOW());
insert into ExampleDb.address_ward  (id, name, district_id, created_at) values (1721, 'Xã Chiềng Nơi', 102, NOW());
insert into ExampleDb.address_ward  (id, name, district_id, created_at) values (1722, 'Xã Phiêng Cằm', 102, NOW());
insert into ExampleDb.address_ward  (id, name, district_id, created_at) values (1723, 'Xã Chiềng Dong', 102, NOW());
insert into ExampleDb.address_ward  (id, name, district_id, created_at) values (1724, 'Xã Chiềng Kheo', 102, NOW());
insert into ExampleDb.address_ward  (id, name, district_id, created_at) values (1725, 'Xã Chiềng Ve', 102, NOW());
insert into ExampleDb.address_ward  (id, name, district_id, created_at) values (1726, 'Xã Chiềng Lương', 102, NOW());
insert into ExampleDb.address_ward  (id, name, district_id, created_at) values (1727, 'Xã Phiêng Pằn', 102, NOW());
insert into ExampleDb.address_ward  (id, name, district_id, created_at) values (1728, 'Xã Nà Ơt', 102, NOW());
insert into ExampleDb.address_ward  (id, name, district_id, created_at) values (1729, 'Xã Tà Hộc', 102, NOW());
insert into ExampleDb.address_district  (id, name, province_id, created_at) values (103, 'Huyện Sông Mã', 9, NOW());
insert into ExampleDb.address_ward  (id, name, district_id, created_at) values (1730, 'Thị trấn Sông Mã', 103, NOW());
insert into ExampleDb.address_ward  (id, name, district_id, created_at) values (1731, 'Xã Bó Sinh', 103, NOW());
insert into ExampleDb.address_ward  (id, name, district_id, created_at) values (1732, 'Xã Pú Pẩu', 103, NOW());
insert into ExampleDb.address_ward  (id, name, district_id, created_at) values (1733, 'Xã Chiềng Phung', 103, NOW());
insert into ExampleDb.address_ward  (id, name, district_id, created_at) values (1734, 'Xã Chiềng En', 103, NOW());
insert into ExampleDb.address_ward  (id, name, district_id, created_at) values (1735, 'Xã Mường Lầm', 103, NOW());
insert into ExampleDb.address_ward  (id, name, district_id, created_at) values (1736, 'Xã Nậm Ty', 103, NOW());
insert into ExampleDb.address_ward  (id, name, district_id, created_at) values (1737, 'Xã Đứa Mòn', 103, NOW());
insert into ExampleDb.address_ward  (id, name, district_id, created_at) values (1738, 'Xã Yên Hưng', 103, NOW());
insert into ExampleDb.address_ward  (id, name, district_id, created_at) values (1739, 'Xã Chiềng Sơ', 103, NOW());
insert into ExampleDb.address_ward  (id, name, district_id, created_at) values (1740, 'Xã Nà Nghịu', 103, NOW());
insert into ExampleDb.address_ward  (id, name, district_id, created_at) values (1741, 'Xã Nậm Mằn', 103, NOW());
insert into ExampleDb.address_ward  (id, name, district_id, created_at) values (1742, 'Xã Chiềng Khoong', 103, NOW());
insert into ExampleDb.address_ward  (id, name, district_id, created_at) values (1743, 'Xã Chiềng Cang', 103, NOW());
insert into ExampleDb.address_ward  (id, name, district_id, created_at) values (1744, 'Xã Huổi Một', 103, NOW());
insert into ExampleDb.address_ward  (id, name, district_id, created_at) values (1745, 'Xã Mường Sai', 103, NOW());
insert into ExampleDb.address_ward  (id, name, district_id, created_at) values (1746, 'Xã Mường Cai', 103, NOW());
insert into ExampleDb.address_ward  (id, name, district_id, created_at) values (1747, 'Xã Mường Hung', 103, NOW());
insert into ExampleDb.address_ward  (id, name, district_id, created_at) values (1748, 'Xã Chiềng Khương', 103, NOW());
insert into ExampleDb.address_district  (id, name, province_id, created_at) values (104, 'Huyện Sốp Cộp', 9, NOW());
insert into ExampleDb.address_ward  (id, name, district_id, created_at) values (1749, 'Xã Sam Kha', 104, NOW());
insert into ExampleDb.address_ward  (id, name, district_id, created_at) values (1750, 'Xã Púng Bánh', 104, NOW());
insert into ExampleDb.address_ward  (id, name, district_id, created_at) values (1751, 'Xã Sốp Cộp', 104, NOW());
insert into ExampleDb.address_ward  (id, name, district_id, created_at) values (1752, 'Xã Dồm Cang', 104, NOW());
insert into ExampleDb.address_ward  (id, name, district_id, created_at) values (1753, 'Xã Nậm Lạnh', 104, NOW());
insert into ExampleDb.address_ward  (id, name, district_id, created_at) values (1754, 'Xã Mường Lèo', 104, NOW());
insert into ExampleDb.address_ward  (id, name, district_id, created_at) values (1755, 'Xã Mường Và', 104, NOW());
insert into ExampleDb.address_ward  (id, name, district_id, created_at) values (1756, 'Xã Mường Lạn', 104, NOW());
insert into ExampleDb.address_district  (id, name, province_id, created_at) values (105, 'Huyện Vân Hồ', 9, NOW());
insert into ExampleDb.address_ward  (id, name, district_id, created_at) values (1757, 'Xã Suối Bàng', 105, NOW());
insert into ExampleDb.address_ward  (id, name, district_id, created_at) values (1758, 'Xã Song Khủa', 105, NOW());
insert into ExampleDb.address_ward  (id, name, district_id, created_at) values (1759, 'Xã Liên Hoà', 105, NOW());
insert into ExampleDb.address_ward  (id, name, district_id, created_at) values (1760, 'Xã Tô Múa', 105, NOW());
insert into ExampleDb.address_ward  (id, name, district_id, created_at) values (1761, 'Xã Mường Tè', 105, NOW());
insert into ExampleDb.address_ward  (id, name, district_id, created_at) values (1762, 'Xã Chiềng Khoa', 105, NOW());
insert into ExampleDb.address_ward  (id, name, district_id, created_at) values (1763, 'Xã Mường Men', 105, NOW());
insert into ExampleDb.address_ward  (id, name, district_id, created_at) values (1764, 'Xã Quang Minh', 105, NOW());
insert into ExampleDb.address_ward  (id, name, district_id, created_at) values (1765, 'Xã Vân Hồ', 105, NOW());
insert into ExampleDb.address_ward  (id, name, district_id, created_at) values (1766, 'Xã Lóng Luông', 105, NOW());
insert into ExampleDb.address_ward  (id, name, district_id, created_at) values (1767, 'Xã Chiềng Yên', 105, NOW());
insert into ExampleDb.address_ward  (id, name, district_id, created_at) values (1768, 'Xã Chiềng Xuân', 105, NOW());
insert into ExampleDb.address_ward  (id, name, district_id, created_at) values (1769, 'Xã Xuân Nha', 105, NOW());
insert into ExampleDb.address_ward  (id, name, district_id, created_at) values (1770, 'Xã Tân Xuân', 105, NOW());
insert into ExampleDb.address_province (id, name, created_at) values (10, 'Tỉnh Yên Bái', NOW());
insert into ExampleDb.address_district  (id, name, province_id, created_at) values (106, 'Thành phố Yên Bái', 10, NOW());
insert into ExampleDb.address_ward  (id, name, district_id, created_at) values (1771, 'Phường Yên Thịnh', 106, NOW());
insert into ExampleDb.address_ward  (id, name, district_id, created_at) values (1772, 'Phường Yên Ninh', 106, NOW());
insert into ExampleDb.address_ward  (id, name, district_id, created_at) values (1773, 'Phường Minh Tân', 106, NOW());
insert into ExampleDb.address_ward  (id, name, district_id, created_at) values (1774, 'Phường Nguyễn Thái Học', 106, NOW());
insert into ExampleDb.address_ward  (id, name, district_id, created_at) values (1775, 'Phường Đồng Tâm', 106, NOW());
insert into ExampleDb.address_ward  (id, name, district_id, created_at) values (1776, 'Phường Nguyễn Phúc', 106, NOW());
insert into ExampleDb.address_ward  (id, name, district_id, created_at) values (1777, 'Phường Hồng Hà', 106, NOW());
insert into ExampleDb.address_ward  (id, name, district_id, created_at) values (1778, 'Xã Minh Bảo', 106, NOW());
insert into ExampleDb.address_ward  (id, name, district_id, created_at) values (1779, 'Phường Nam Cường', 106, NOW());
insert into ExampleDb.address_ward  (id, name, district_id, created_at) values (1780, 'Xã Tuy Lộc', 106, NOW());
insert into ExampleDb.address_ward  (id, name, district_id, created_at) values (1781, 'Xã Tân Thịnh', 106, NOW());
insert into ExampleDb.address_ward  (id, name, district_id, created_at) values (1782, 'Xã Âu Lâu', 106, NOW());
insert into ExampleDb.address_ward  (id, name, district_id, created_at) values (1783, 'Xã Giới Phiên', 106, NOW());
insert into ExampleDb.address_ward  (id, name, district_id, created_at) values (1784, 'Phường Hợp Minh', 106, NOW());
insert into ExampleDb.address_ward  (id, name, district_id, created_at) values (1785, 'Xã Văn Phú', 106, NOW());
insert into ExampleDb.address_district  (id, name, province_id, created_at) values (107, 'Thị xã Nghĩa Lộ', 10, NOW());
insert into ExampleDb.address_ward  (id, name, district_id, created_at) values (1786, 'Phường Pú Trạng', 107, NOW());
insert into ExampleDb.address_ward  (id, name, district_id, created_at) values (1787, 'Phường Trung Tâm', 107, NOW());
insert into ExampleDb.address_ward  (id, name, district_id, created_at) values (1788, 'Phường Tân An', 107, NOW());
insert into ExampleDb.address_ward  (id, name, district_id, created_at) values (1789, 'Phường Cầu Thia', 107, NOW());
insert into ExampleDb.address_ward  (id, name, district_id, created_at) values (1790, 'Xã Nghĩa Lợi', 107, NOW());
insert into ExampleDb.address_ward  (id, name, district_id, created_at) values (1791, 'Xã Nghĩa Phúc', 107, NOW());
insert into ExampleDb.address_ward  (id, name, district_id, created_at) values (1792, 'Xã Nghĩa An', 107, NOW());
insert into ExampleDb.address_ward  (id, name, district_id, created_at) values (1793, 'Xã Nghĩa Lộ', 107, NOW());
insert into ExampleDb.address_ward  (id, name, district_id, created_at) values (1794, 'Xã Sơn A', 107, NOW());
insert into ExampleDb.address_ward  (id, name, district_id, created_at) values (1795, 'Xã Phù Nham', 107, NOW());
insert into ExampleDb.address_ward  (id, name, district_id, created_at) values (1796, 'Xã Thanh Lương', 107, NOW());
insert into ExampleDb.address_ward  (id, name, district_id, created_at) values (1797, 'Xã Hạnh Sơn', 107, NOW());
insert into ExampleDb.address_ward  (id, name, district_id, created_at) values (1798, 'Xã Phúc Sơn', 107, NOW());
insert into ExampleDb.address_ward  (id, name, district_id, created_at) values (1799, 'Xã Thạch Lương', 107, NOW());
insert into ExampleDb.address_district  (id, name, province_id, created_at) values (108, 'Huyện Lục Yên', 10, NOW());
insert into ExampleDb.address_ward  (id, name, district_id, created_at) values (1800, 'Thị trấn Yên Thế', 108, NOW());
insert into ExampleDb.address_ward  (id, name, district_id, created_at) values (1801, 'Xã Tân Phượng', 108, NOW());
insert into ExampleDb.address_ward  (id, name, district_id, created_at) values (1802, 'Xã Lâm Thượng', 108, NOW());
insert into ExampleDb.address_ward  (id, name, district_id, created_at) values (1803, 'Xã Khánh Thiện', 108, NOW());
insert into ExampleDb.address_ward  (id, name, district_id, created_at) values (1804, 'Xã Minh Chuẩn', 108, NOW());
insert into ExampleDb.address_ward  (id, name, district_id, created_at) values (1805, 'Xã Mai Sơn', 108, NOW());
insert into ExampleDb.address_ward  (id, name, district_id, created_at) values (1806, 'Xã Khai Trung', 108, NOW());
insert into ExampleDb.address_ward  (id, name, district_id, created_at) values (1807, 'Xã Mường Lai', 108, NOW());
insert into ExampleDb.address_ward  (id, name, district_id, created_at) values (1808, 'Xã An Lạc', 108, NOW());
insert into ExampleDb.address_ward  (id, name, district_id, created_at) values (1809, 'Xã Minh Xuân', 108, NOW());
insert into ExampleDb.address_ward  (id, name, district_id, created_at) values (1810, 'Xã Tô Mậu', 108, NOW());
insert into ExampleDb.address_ward  (id, name, district_id, created_at) values (1811, 'Xã Tân Lĩnh', 108, NOW());
insert into ExampleDb.address_ward  (id, name, district_id, created_at) values (1812, 'Xã Yên Thắng', 108, NOW());
insert into ExampleDb.address_ward  (id, name, district_id, created_at) values (1813, 'Xã Khánh Hoà', 108, NOW());
insert into ExampleDb.address_ward  (id, name, district_id, created_at) values (1814, 'Xã Vĩnh Lạc', 108, NOW());
insert into ExampleDb.address_ward  (id, name, district_id, created_at) values (1815, 'Xã Liễu Đô', 108, NOW());
insert into ExampleDb.address_ward  (id, name, district_id, created_at) values (1816, 'Xã Động Quan', 108, NOW());
insert into ExampleDb.address_ward  (id, name, district_id, created_at) values (1817, 'Xã Tân Lập', 108, NOW());
insert into ExampleDb.address_ward  (id, name, district_id, created_at) values (1818, 'Xã Minh Tiến', 108, NOW());
insert into ExampleDb.address_ward  (id, name, district_id, created_at) values (1819, 'Xã Trúc Lâu', 108, NOW());
insert into ExampleDb.address_ward  (id, name, district_id, created_at) values (1820, 'Xã Phúc Lợi', 108, NOW());
insert into ExampleDb.address_ward  (id, name, district_id, created_at) values (1821, 'Xã Phan Thanh', 108, NOW());
insert into ExampleDb.address_ward  (id, name, district_id, created_at) values (1822, 'Xã An Phú', 108, NOW());
insert into ExampleDb.address_ward  (id, name, district_id, created_at) values (1823, 'Xã Trung Tâm', 108, NOW());
insert into ExampleDb.address_district  (id, name, province_id, created_at) values (109, 'Huyện Văn Yên', 10, NOW());
insert into ExampleDb.address_ward  (id, name, district_id, created_at) values (1824, 'Thị trấn Mậu A', 109, NOW());
insert into ExampleDb.address_ward  (id, name, district_id, created_at) values (1825, 'Xã Lang Thíp', 109, NOW());
insert into ExampleDb.address_ward  (id, name, district_id, created_at) values (1826, 'Xã Lâm Giang', 109, NOW());
insert into ExampleDb.address_ward  (id, name, district_id, created_at) values (1827, 'Xã Châu Quế Thượng', 109, NOW());
insert into ExampleDb.address_ward  (id, name, district_id, created_at) values (1828, 'Xã Châu Quế Hạ', 109, NOW());
insert into ExampleDb.address_ward  (id, name, district_id, created_at) values (1829, 'Xã An Bình', 109, NOW());
insert into ExampleDb.address_ward  (id, name, district_id, created_at) values (1830, 'Xã Quang Minh', 109, NOW());
insert into ExampleDb.address_ward  (id, name, district_id, created_at) values (1831, 'Xã Đông An', 109, NOW());
insert into ExampleDb.address_ward  (id, name, district_id, created_at) values (1832, 'Xã Đông Cuông', 109, NOW());
insert into ExampleDb.address_ward  (id, name, district_id, created_at) values (1833, 'Xã Phong Dụ Hạ', 109, NOW());
insert into ExampleDb.address_ward  (id, name, district_id, created_at) values (1834, 'Xã Mậu Đông', 109, NOW());
insert into ExampleDb.address_ward  (id, name, district_id, created_at) values (1835, 'Xã Ngòi A', 109, NOW());
insert into ExampleDb.address_ward  (id, name, district_id, created_at) values (1836, 'Xã Xuân Tầm', 109, NOW());
insert into ExampleDb.address_ward  (id, name, district_id, created_at) values (1837, 'Xã Tân Hợp', 109, NOW());
insert into ExampleDb.address_ward  (id, name, district_id, created_at) values (1838, 'Xã An Thịnh', 109, NOW());
insert into ExampleDb.address_ward  (id, name, district_id, created_at) values (1839, 'Xã Yên Thái', 109, NOW());
insert into ExampleDb.address_ward  (id, name, district_id, created_at) values (1840, 'Xã Phong Dụ Thượng', 109, NOW());
insert into ExampleDb.address_ward  (id, name, district_id, created_at) values (1841, 'Xã Yên Hợp', 109, NOW());
insert into ExampleDb.address_ward  (id, name, district_id, created_at) values (1842, 'Xã Đại Sơn', 109, NOW());
insert into ExampleDb.address_ward  (id, name, district_id, created_at) values (1843, 'Xã Đại Phác', 109, NOW());
insert into ExampleDb.address_ward  (id, name, district_id, created_at) values (1844, 'Xã Yên Phú', 109, NOW());
insert into ExampleDb.address_ward  (id, name, district_id, created_at) values (1845, 'Xã Xuân Ái', 109, NOW());
insert into ExampleDb.address_ward  (id, name, district_id, created_at) values (1846, 'Xã Viễn Sơn', 109, NOW());
insert into ExampleDb.address_ward  (id, name, district_id, created_at) values (1847, 'Xã Mỏ Vàng', 109, NOW());
insert into ExampleDb.address_ward  (id, name, district_id, created_at) values (1848, 'Xã Nà Hẩu', 109, NOW());
insert into ExampleDb.address_district  (id, name, province_id, created_at) values (110, 'Huyện Mù Căng Chải', 10, NOW());
insert into ExampleDb.address_ward  (id, name, district_id, created_at) values (1849, 'Thị trấn Mù Căng Chải', 110, NOW());
insert into ExampleDb.address_ward  (id, name, district_id, created_at) values (1850, 'Xã Hồ Bốn', 110, NOW());
insert into ExampleDb.address_ward  (id, name, district_id, created_at) values (1851, 'Xã Nậm Có', 110, NOW());
insert into ExampleDb.address_ward  (id, name, district_id, created_at) values (1852, 'Xã Khao Mang', 110, NOW());
insert into ExampleDb.address_ward  (id, name, district_id, created_at) values (1853, 'Xã Mồ Dề', 110, NOW());
insert into ExampleDb.address_ward  (id, name, district_id, created_at) values (1854, 'Xã Chế Cu Nha', 110, NOW());
insert into ExampleDb.address_ward  (id, name, district_id, created_at) values (1855, 'Xã Lao Chải', 110, NOW());
insert into ExampleDb.address_ward  (id, name, district_id, created_at) values (1856, 'Xã Kim Nọi', 110, NOW());
insert into ExampleDb.address_ward  (id, name, district_id, created_at) values (1857, 'Xã Cao Phạ', 110, NOW());
insert into ExampleDb.address_ward  (id, name, district_id, created_at) values (1858, 'Xã La Pán Tẩn', 110, NOW());
insert into ExampleDb.address_ward  (id, name, district_id, created_at) values (1859, 'Xã Dế Su Phình', 110, NOW());
insert into ExampleDb.address_ward  (id, name, district_id, created_at) values (1860, 'Xã Chế Tạo', 110, NOW());
insert into ExampleDb.address_ward  (id, name, district_id, created_at) values (1861, 'Xã Púng Luông', 110, NOW());
insert into ExampleDb.address_ward  (id, name, district_id, created_at) values (1862, 'Xã Nậm Khắt', 110, NOW());
insert into ExampleDb.address_district  (id, name, province_id, created_at) values (111, 'Huyện Trấn Yên', 10, NOW());
insert into ExampleDb.address_ward  (id, name, district_id, created_at) values (1863, 'Thị trấn Cổ Phúc', 111, NOW());
insert into ExampleDb.address_ward  (id, name, district_id, created_at) values (1864, 'Xã Tân Đồng', 111, NOW());
insert into ExampleDb.address_ward  (id, name, district_id, created_at) values (1865, 'Xã Báo Đáp', 111, NOW());
insert into ExampleDb.address_ward  (id, name, district_id, created_at) values (1866, 'Xã Đào Thịnh', 111, NOW());
insert into ExampleDb.address_ward  (id, name, district_id, created_at) values (1867, 'Xã Việt Thành', 111, NOW());
insert into ExampleDb.address_ward  (id, name, district_id, created_at) values (1868, 'Xã Hòa Cuông', 111, NOW());
insert into ExampleDb.address_ward  (id, name, district_id, created_at) values (1869, 'Xã Minh Quán', 111, NOW());
insert into ExampleDb.address_ward  (id, name, district_id, created_at) values (1870, 'Xã Quy Mông', 111, NOW());
insert into ExampleDb.address_ward  (id, name, district_id, created_at) values (1871, 'Xã Cường Thịnh', 111, NOW());
insert into ExampleDb.address_ward  (id, name, district_id, created_at) values (1872, 'Xã Kiên Thành', 111, NOW());
insert into ExampleDb.address_ward  (id, name, district_id, created_at) values (1873, 'Xã Nga Quán', 111, NOW());
insert into ExampleDb.address_ward  (id, name, district_id, created_at) values (1874, 'Xã Y Can', 111, NOW());
insert into ExampleDb.address_ward  (id, name, district_id, created_at) values (1875, 'Xã Lương Thịnh', 111, NOW());
insert into ExampleDb.address_ward  (id, name, district_id, created_at) values (1876, 'Xã Bảo Hưng', 111, NOW());
insert into ExampleDb.address_ward  (id, name, district_id, created_at) values (1877, 'Xã Việt Cường', 111, NOW());
insert into ExampleDb.address_ward  (id, name, district_id, created_at) values (1878, 'Xã Minh Quân', 111, NOW());
insert into ExampleDb.address_ward  (id, name, district_id, created_at) values (1879, 'Xã Hồng Ca', 111, NOW());
insert into ExampleDb.address_ward  (id, name, district_id, created_at) values (1880, 'Xã Hưng Thịnh', 111, NOW());
insert into ExampleDb.address_ward  (id, name, district_id, created_at) values (1881, 'Xã Hưng Khánh', 111, NOW());
insert into ExampleDb.address_ward  (id, name, district_id, created_at) values (1882, 'Xã Việt Hồng', 111, NOW());
insert into ExampleDb.address_ward  (id, name, district_id, created_at) values (1883, 'Xã Vân Hội', 111, NOW());
insert into ExampleDb.address_district  (id, name, province_id, created_at) values (112, 'Huyện Trạm Tấu', 10, NOW());
insert into ExampleDb.address_ward  (id, name, district_id, created_at) values (1884, 'Thị trấn Trạm Tấu', 112, NOW());
insert into ExampleDb.address_ward  (id, name, district_id, created_at) values (1885, 'Xã Túc Đán', 112, NOW());
insert into ExampleDb.address_ward  (id, name, district_id, created_at) values (1886, 'Xã Pá Lau', 112, NOW());
insert into ExampleDb.address_ward  (id, name, district_id, created_at) values (1887, 'Xã Xà Hồ', 112, NOW());
insert into ExampleDb.address_ward  (id, name, district_id, created_at) values (1888, 'Xã Phình Hồ', 112, NOW());
insert into ExampleDb.address_ward  (id, name, district_id, created_at) values (1889, 'Xã Trạm Tấu', 112, NOW());
insert into ExampleDb.address_ward  (id, name, district_id, created_at) values (1890, 'Xã Tà Si Láng', 112, NOW());
insert into ExampleDb.address_ward  (id, name, district_id, created_at) values (1891, 'Xã Pá Hu', 112, NOW());
insert into ExampleDb.address_ward  (id, name, district_id, created_at) values (1892, 'Xã Làng Nhì', 112, NOW());
insert into ExampleDb.address_ward  (id, name, district_id, created_at) values (1893, 'Xã Bản Công', 112, NOW());
insert into ExampleDb.address_ward  (id, name, district_id, created_at) values (1894, 'Xã Bản Mù', 112, NOW());
insert into ExampleDb.address_ward  (id, name, district_id, created_at) values (1895, 'Xã Hát Lìu', 112, NOW());
insert into ExampleDb.address_district  (id, name, province_id, created_at) values (113, 'Huyện Văn Chấn', 10, NOW());
insert into ExampleDb.address_ward  (id, name, district_id, created_at) values (1896, 'Thị trấn NT Liên Sơn', 113, NOW());
insert into ExampleDb.address_ward  (id, name, district_id, created_at) values (1897, 'Thị trấn NT Trần Phú', 113, NOW());
insert into ExampleDb.address_ward  (id, name, district_id, created_at) values (1898, 'Xã Tú Lệ', 113, NOW());
insert into ExampleDb.address_ward  (id, name, district_id, created_at) values (1899, 'Xã Nậm Búng', 113, NOW());
insert into ExampleDb.address_ward  (id, name, district_id, created_at) values (1900, 'Xã Gia Hội', 113, NOW());
insert into ExampleDb.address_ward  (id, name, district_id, created_at) values (1901, 'Xã Sùng Đô', 113, NOW());
insert into ExampleDb.address_ward  (id, name, district_id, created_at) values (1902, 'Xã Nậm Mười', 113, NOW());
insert into ExampleDb.address_ward  (id, name, district_id, created_at) values (1903, 'Xã An Lương', 113, NOW());
insert into ExampleDb.address_ward  (id, name, district_id, created_at) values (1904, 'Xã Nậm Lành', 113, NOW());
insert into ExampleDb.address_ward  (id, name, district_id, created_at) values (1905, 'Xã Sơn Lương', 113, NOW());
insert into ExampleDb.address_ward  (id, name, district_id, created_at) values (1906, 'Xã Suối Quyền', 113, NOW());
insert into ExampleDb.address_ward  (id, name, district_id, created_at) values (1907, 'Xã Suối Giàng', 113, NOW());
insert into ExampleDb.address_ward  (id, name, district_id, created_at) values (1908, 'Xã Nghĩa Sơn', 113, NOW());
insert into ExampleDb.address_ward  (id, name, district_id, created_at) values (1909, 'Xã Suối Bu', 113, NOW());
insert into ExampleDb.address_ward  (id, name, district_id, created_at) values (1910, 'Thị trấn Sơn Thịnh', 113, NOW());
insert into ExampleDb.address_ward  (id, name, district_id, created_at) values (1911, 'Xã Đại Lịch', 113, NOW());
insert into ExampleDb.address_ward  (id, name, district_id, created_at) values (1912, 'Xã Đồng Khê', 113, NOW());
insert into ExampleDb.address_ward  (id, name, district_id, created_at) values (1913, 'Xã Cát Thịnh', 113, NOW());
insert into ExampleDb.address_ward  (id, name, district_id, created_at) values (1914, 'Xã Tân Thịnh', 113, NOW());
insert into ExampleDb.address_ward  (id, name, district_id, created_at) values (1915, 'Xã Chấn Thịnh', 113, NOW());
insert into ExampleDb.address_ward  (id, name, district_id, created_at) values (1916, 'Xã Bình Thuận', 113, NOW());
insert into ExampleDb.address_ward  (id, name, district_id, created_at) values (1917, 'Xã Thượng Bằng La', 113, NOW());
insert into ExampleDb.address_ward  (id, name, district_id, created_at) values (1918, 'Xã Minh An', 113, NOW());
insert into ExampleDb.address_ward  (id, name, district_id, created_at) values (1919, 'Xã Nghĩa Tâm', 113, NOW());
insert into ExampleDb.address_district  (id, name, province_id, created_at) values (114, 'Huyện Yên Bình', 10, NOW());
insert into ExampleDb.address_ward  (id, name, district_id, created_at) values (1920, 'Thị trấn Yên Bình', 114, NOW());
insert into ExampleDb.address_ward  (id, name, district_id, created_at) values (1921, 'Thị trấn Thác Bà', 114, NOW());
insert into ExampleDb.address_ward  (id, name, district_id, created_at) values (1922, 'Xã Xuân Long', 114, NOW());
insert into ExampleDb.address_ward  (id, name, district_id, created_at) values (1923, 'Xã Cảm Nhân', 114, NOW());
insert into ExampleDb.address_ward  (id, name, district_id, created_at) values (1924, 'Xã Ngọc Chấn', 114, NOW());
insert into ExampleDb.address_ward  (id, name, district_id, created_at) values (1925, 'Xã Tân Nguyên', 114, NOW());
insert into ExampleDb.address_ward  (id, name, district_id, created_at) values (1926, 'Xã Phúc Ninh', 114, NOW());
insert into ExampleDb.address_ward  (id, name, district_id, created_at) values (1927, 'Xã Bảo Ái', 114, NOW());
insert into ExampleDb.address_ward  (id, name, district_id, created_at) values (1928, 'Xã Mỹ Gia', 114, NOW());
insert into ExampleDb.address_ward  (id, name, district_id, created_at) values (1929, 'Xã Xuân Lai', 114, NOW());
insert into ExampleDb.address_ward  (id, name, district_id, created_at) values (1930, 'Xã Mông Sơn', 114, NOW());
insert into ExampleDb.address_ward  (id, name, district_id, created_at) values (1931, 'Xã Cảm Ân', 114, NOW());
insert into ExampleDb.address_ward  (id, name, district_id, created_at) values (1932, 'Xã Yên Thành', 114, NOW());
insert into ExampleDb.address_ward  (id, name, district_id, created_at) values (1933, 'Xã Tân Hương', 114, NOW());
insert into ExampleDb.address_ward  (id, name, district_id, created_at) values (1934, 'Xã Phúc An', 114, NOW());
insert into ExampleDb.address_ward  (id, name, district_id, created_at) values (1935, 'Xã Bạch Hà', 114, NOW());
insert into ExampleDb.address_ward  (id, name, district_id, created_at) values (1936, 'Xã Vũ Linh', 114, NOW());
insert into ExampleDb.address_ward  (id, name, district_id, created_at) values (1937, 'Xã Đại Đồng', 114, NOW());
insert into ExampleDb.address_ward  (id, name, district_id, created_at) values (1938, 'Xã Vĩnh Kiên', 114, NOW());
insert into ExampleDb.address_ward  (id, name, district_id, created_at) values (1939, 'Xã Yên Bình', 114, NOW());
insert into ExampleDb.address_ward  (id, name, district_id, created_at) values (1940, 'Xã Thịnh Hưng', 114, NOW());
insert into ExampleDb.address_ward  (id, name, district_id, created_at) values (1941, 'Xã Hán Đà', 114, NOW());
insert into ExampleDb.address_ward  (id, name, district_id, created_at) values (1942, 'Xã Phú Thịnh', 114, NOW());
insert into ExampleDb.address_ward  (id, name, district_id, created_at) values (1943, 'Xã Đại Minh', 114, NOW());
insert into ExampleDb.address_province (id, name, created_at) values (11, 'Tỉnh Hoà Bình', NOW());
insert into ExampleDb.address_district  (id, name, province_id, created_at) values (115, 'Thành phố Hòa Bình', 11, NOW());
insert into ExampleDb.address_ward  (id, name, district_id, created_at) values (1944, 'Phường Thái Bình', 115, NOW());
insert into ExampleDb.address_ward  (id, name, district_id, created_at) values (1945, 'Phường Tân Hòa', 115, NOW());
insert into ExampleDb.address_ward  (id, name, district_id, created_at) values (1946, 'Phường Thịnh Lang', 115, NOW());
insert into ExampleDb.address_ward  (id, name, district_id, created_at) values (1947, 'Phường Hữu Nghị', 115, NOW());
insert into ExampleDb.address_ward  (id, name, district_id, created_at) values (1948, 'Phường Tân Thịnh', 115, NOW());
insert into ExampleDb.address_ward  (id, name, district_id, created_at) values (1949, 'Phường Đồng Tiến', 115, NOW());
insert into ExampleDb.address_ward  (id, name, district_id, created_at) values (1950, 'Phường Phương Lâm', 115, NOW());
insert into ExampleDb.address_ward  (id, name, district_id, created_at) values (1951, 'Xã Yên Mông', 115, NOW());
insert into ExampleDb.address_ward  (id, name, district_id, created_at) values (1952, 'Phường Quỳnh Lâm', 115, NOW());
insert into ExampleDb.address_ward  (id, name, district_id, created_at) values (1953, 'Phường Dân Chủ', 115, NOW());
insert into ExampleDb.address_ward  (id, name, district_id, created_at) values (1954, 'Xã Hòa Bình', 115, NOW());
insert into ExampleDb.address_ward  (id, name, district_id, created_at) values (1955, 'Phường Thống Nhất', 115, NOW());
insert into ExampleDb.address_ward  (id, name, district_id, created_at) values (1956, 'Phường Kỳ Sơn', 115, NOW());
insert into ExampleDb.address_ward  (id, name, district_id, created_at) values (1957, 'Xã Thịnh Minh', 115, NOW());
insert into ExampleDb.address_ward  (id, name, district_id, created_at) values (1958, 'Xã Hợp Thành', 115, NOW());
insert into ExampleDb.address_ward  (id, name, district_id, created_at) values (1959, 'Xã Quang Tiến', 115, NOW());
insert into ExampleDb.address_ward  (id, name, district_id, created_at) values (1960, 'Xã Mông Hóa', 115, NOW());
insert into ExampleDb.address_ward  (id, name, district_id, created_at) values (1961, 'Phường Trung Minh', 115, NOW());
insert into ExampleDb.address_ward  (id, name, district_id, created_at) values (1962, 'Xã Độc Lập', 115, NOW());
insert into ExampleDb.address_district  (id, name, province_id, created_at) values (116, 'Huyện Đà Bắc', 11, NOW());
insert into ExampleDb.address_ward  (id, name, district_id, created_at) values (1963, 'Thị trấn Đà Bắc', 116, NOW());
insert into ExampleDb.address_ward  (id, name, district_id, created_at) values (1964, 'Xã Nánh Nghê', 116, NOW());
insert into ExampleDb.address_ward  (id, name, district_id, created_at) values (1965, 'Xã Giáp Đắt', 116, NOW());
insert into ExampleDb.address_ward  (id, name, district_id, created_at) values (1966, 'Xã Mường Chiềng', 116, NOW());
insert into ExampleDb.address_ward  (id, name, district_id, created_at) values (1967, 'Xã Tân Pheo', 116, NOW());
insert into ExampleDb.address_ward  (id, name, district_id, created_at) values (1968, 'Xã Đồng Chum', 116, NOW());
insert into ExampleDb.address_ward  (id, name, district_id, created_at) values (1969, 'Xã Tân Minh', 116, NOW());
insert into ExampleDb.address_ward  (id, name, district_id, created_at) values (1970, 'Xã Đoàn Kết', 116, NOW());
insert into ExampleDb.address_ward  (id, name, district_id, created_at) values (1971, 'Xã Đồng Ruộng', 116, NOW());
insert into ExampleDb.address_ward  (id, name, district_id, created_at) values (1972, 'Xã Tú Lý', 116, NOW());
insert into ExampleDb.address_ward  (id, name, district_id, created_at) values (1973, 'Xã Trung Thành', 116, NOW());
insert into ExampleDb.address_ward  (id, name, district_id, created_at) values (1974, 'Xã Yên Hòa', 116, NOW());
insert into ExampleDb.address_ward  (id, name, district_id, created_at) values (1975, 'Xã Cao Sơn', 116, NOW());
insert into ExampleDb.address_ward  (id, name, district_id, created_at) values (1976, 'Xã Toàn Sơn', 116, NOW());
insert into ExampleDb.address_ward  (id, name, district_id, created_at) values (1977, 'Xã Hiền Lương', 116, NOW());
insert into ExampleDb.address_ward  (id, name, district_id, created_at) values (1978, 'Xã Tiền Phong', 116, NOW());
insert into ExampleDb.address_ward  (id, name, district_id, created_at) values (1979, 'Xã Vầy Nưa', 116, NOW());
insert into ExampleDb.address_district  (id, name, province_id, created_at) values (117, 'Huyện Lương Sơn', 11, NOW());
insert into ExampleDb.address_ward  (id, name, district_id, created_at) values (1980, 'Thị trấn Lương Sơn', 117, NOW());
insert into ExampleDb.address_ward  (id, name, district_id, created_at) values (1981, 'Xã Lâm Sơn', 117, NOW());
insert into ExampleDb.address_ward  (id, name, district_id, created_at) values (1982, 'Xã Hòa Sơn', 117, NOW());
insert into ExampleDb.address_ward  (id, name, district_id, created_at) values (1983, 'Xã Tân Vinh', 117, NOW());
insert into ExampleDb.address_ward  (id, name, district_id, created_at) values (1984, 'Xã Nhuận Trạch', 117, NOW());
insert into ExampleDb.address_ward  (id, name, district_id, created_at) values (1985, 'Xã Cao Sơn', 117, NOW());
insert into ExampleDb.address_ward  (id, name, district_id, created_at) values (1986, 'Xã Cư Yên', 117, NOW());
insert into ExampleDb.address_ward  (id, name, district_id, created_at) values (1987, 'Xã Liên Sơn', 117, NOW());
insert into ExampleDb.address_ward  (id, name, district_id, created_at) values (1988, 'Xã Cao Dương', 117, NOW());
insert into ExampleDb.address_ward  (id, name, district_id, created_at) values (1989, 'Xã Thanh Sơn', 117, NOW());
insert into ExampleDb.address_ward  (id, name, district_id, created_at) values (1990, 'Xã Thanh Cao', 117, NOW());
insert into ExampleDb.address_district  (id, name, province_id, created_at) values (118, 'Huyện Kim Bôi', 11, NOW());
insert into ExampleDb.address_ward  (id, name, district_id, created_at) values (1991, 'Thị trấn Bo', 118, NOW());
insert into ExampleDb.address_ward  (id, name, district_id, created_at) values (1992, 'Xã Đú Sáng', 118, NOW());
insert into ExampleDb.address_ward  (id, name, district_id, created_at) values (1993, 'Xã Hùng Sơn', 118, NOW());
insert into ExampleDb.address_ward  (id, name, district_id, created_at) values (1994, 'Xã Bình Sơn', 118, NOW());
insert into ExampleDb.address_ward  (id, name, district_id, created_at) values (1995, 'Xã Tú Sơn', 118, NOW());
insert into ExampleDb.address_ward  (id, name, district_id, created_at) values (1996, 'Xã Vĩnh Tiến', 118, NOW());
insert into ExampleDb.address_ward  (id, name, district_id, created_at) values (1997, 'Xã Đông Bắc', 118, NOW());
insert into ExampleDb.address_ward  (id, name, district_id, created_at) values (1998, 'Xã Xuân Thủy', 118, NOW());
insert into ExampleDb.address_ward  (id, name, district_id, created_at) values (1999, 'Xã Vĩnh Đồng', 118, NOW());
insert into ExampleDb.address_ward  (id, name, district_id, created_at) values (2000, 'Xã Kim Lập', 118, NOW());
insert into ExampleDb.address_ward  (id, name, district_id, created_at) values (2001, 'Xã Hợp Tiến', 118, NOW());
insert into ExampleDb.address_ward  (id, name, district_id, created_at) values (2002, 'Xã Kim Bôi', 118, NOW());
insert into ExampleDb.address_ward  (id, name, district_id, created_at) values (2003, 'Xã Nam Thượng', 118, NOW());
insert into ExampleDb.address_ward  (id, name, district_id, created_at) values (2004, 'Xã Cuối Hạ', 118, NOW());
insert into ExampleDb.address_ward  (id, name, district_id, created_at) values (2005, 'Xã Sào Báy', 118, NOW());
insert into ExampleDb.address_ward  (id, name, district_id, created_at) values (2006, 'Xã Mi Hòa', 118, NOW());
insert into ExampleDb.address_ward  (id, name, district_id, created_at) values (2007, 'Xã Nuông Dăm', 118, NOW());
insert into ExampleDb.address_district  (id, name, province_id, created_at) values (119, 'Huyện Cao Phong', 11, NOW());
insert into ExampleDb.address_ward  (id, name, district_id, created_at) values (2008, 'Thị trấn Cao Phong', 119, NOW());
insert into ExampleDb.address_ward  (id, name, district_id, created_at) values (2009, 'Xã Bình Thanh', 119, NOW());
insert into ExampleDb.address_ward  (id, name, district_id, created_at) values (2010, 'Xã Thung Nai', 119, NOW());
insert into ExampleDb.address_ward  (id, name, district_id, created_at) values (2011, 'Xã Bắc Phong', 119, NOW());
insert into ExampleDb.address_ward  (id, name, district_id, created_at) values (2012, 'Xã Thu Phong', 119, NOW());
insert into ExampleDb.address_ward  (id, name, district_id, created_at) values (2013, 'Xã Hợp Phong', 119, NOW());
insert into ExampleDb.address_ward  (id, name, district_id, created_at) values (2014, 'Xã Tây Phong', 119, NOW());
insert into ExampleDb.address_ward  (id, name, district_id, created_at) values (2015, 'Xã Dũng Phong', 119, NOW());
insert into ExampleDb.address_ward  (id, name, district_id, created_at) values (2016, 'Xã Nam Phong', 119, NOW());
insert into ExampleDb.address_ward  (id, name, district_id, created_at) values (2017, 'Xã Thạch Yên', 119, NOW());
insert into ExampleDb.address_district  (id, name, province_id, created_at) values (120, 'Huyện Tân Lạc', 11, NOW());
insert into ExampleDb.address_ward  (id, name, district_id, created_at) values (2018, 'Thị trấn Mãn Đức', 120, NOW());
insert into ExampleDb.address_ward  (id, name, district_id, created_at) values (2019, 'Xã Suối Hoa', 120, NOW());
insert into ExampleDb.address_ward  (id, name, district_id, created_at) values (2020, 'Xã Phú Vinh', 120, NOW());
insert into ExampleDb.address_ward  (id, name, district_id, created_at) values (2021, 'Xã Phú Cường', 120, NOW());
insert into ExampleDb.address_ward  (id, name, district_id, created_at) values (2022, 'Xã Mỹ Hòa', 120, NOW());
insert into ExampleDb.address_ward  (id, name, district_id, created_at) values (2023, 'Xã Quyết Chiến', 120, NOW());
insert into ExampleDb.address_ward  (id, name, district_id, created_at) values (2024, 'Xã Phong Phú', 120, NOW());
insert into ExampleDb.address_ward  (id, name, district_id, created_at) values (2025, 'Xã Tử Nê', 120, NOW());
insert into ExampleDb.address_ward  (id, name, district_id, created_at) values (2026, 'Xã Thanh Hối', 120, NOW());
insert into ExampleDb.address_ward  (id, name, district_id, created_at) values (2027, 'Xã Ngọc Mỹ', 120, NOW());
insert into ExampleDb.address_ward  (id, name, district_id, created_at) values (2028, 'Xã Đông Lai', 120, NOW());
insert into ExampleDb.address_ward  (id, name, district_id, created_at) values (2029, 'Xã Vân Sơn', 120, NOW());
insert into ExampleDb.address_ward  (id, name, district_id, created_at) values (2030, 'Xã Nhân Mỹ', 120, NOW());
insert into ExampleDb.address_ward  (id, name, district_id, created_at) values (2031, 'Xã Lỗ Sơn', 120, NOW());
insert into ExampleDb.address_ward  (id, name, district_id, created_at) values (2032, 'Xã Ngổ Luông', 120, NOW());
insert into ExampleDb.address_ward  (id, name, district_id, created_at) values (2033, 'Xã Gia Mô', 120, NOW());
insert into ExampleDb.address_district  (id, name, province_id, created_at) values (121, 'Huyện Mai Châu', 11, NOW());
insert into ExampleDb.address_ward  (id, name, district_id, created_at) values (2034, 'Xã Tân Thành', 121, NOW());
insert into ExampleDb.address_ward  (id, name, district_id, created_at) values (2035, 'Thị trấn Mai Châu', 121, NOW());
insert into ExampleDb.address_ward  (id, name, district_id, created_at) values (2036, 'Xã Sơn Thủy', 121, NOW());
insert into ExampleDb.address_ward  (id, name, district_id, created_at) values (2037, 'Xã Pà Cò', 121, NOW());
insert into ExampleDb.address_ward  (id, name, district_id, created_at) values (2038, 'Xã Hang Kia', 121, NOW());
insert into ExampleDb.address_ward  (id, name, district_id, created_at) values (2039, 'Xã Đồng Tân', 121, NOW());
insert into ExampleDb.address_ward  (id, name, district_id, created_at) values (2040, 'Xã Cun Pheo', 121, NOW());
insert into ExampleDb.address_ward  (id, name, district_id, created_at) values (2041, 'Xã Bao La', 121, NOW());
insert into ExampleDb.address_ward  (id, name, district_id, created_at) values (2042, 'Xã Tòng Đậu', 121, NOW());
insert into ExampleDb.address_ward  (id, name, district_id, created_at) values (2043, 'Xã Nà Phòn', 121, NOW());
insert into ExampleDb.address_ward  (id, name, district_id, created_at) values (2044, 'Xã Săm Khóe', 121, NOW());
insert into ExampleDb.address_ward  (id, name, district_id, created_at) values (2045, 'Xã Chiềng Châu', 121, NOW());
insert into ExampleDb.address_ward  (id, name, district_id, created_at) values (2046, 'Xã Mai Hạ', 121, NOW());
insert into ExampleDb.address_ward  (id, name, district_id, created_at) values (2047, 'Xã Thành Sơn', 121, NOW());
insert into ExampleDb.address_ward  (id, name, district_id, created_at) values (2048, 'Xã Mai Hịch', 121, NOW());
insert into ExampleDb.address_ward  (id, name, district_id, created_at) values (2049, 'Xã Vạn Mai', 121, NOW());
insert into ExampleDb.address_district  (id, name, province_id, created_at) values (122, 'Huyện Lạc Sơn', 11, NOW());
insert into ExampleDb.address_ward  (id, name, district_id, created_at) values (2050, 'Thị trấn Vụ Bản', 122, NOW());
insert into ExampleDb.address_ward  (id, name, district_id, created_at) values (2051, 'Xã Quý Hòa', 122, NOW());
insert into ExampleDb.address_ward  (id, name, district_id, created_at) values (2052, 'Xã Miền Đồi', 122, NOW());
insert into ExampleDb.address_ward  (id, name, district_id, created_at) values (2053, 'Xã Mỹ Thành', 122, NOW());
insert into ExampleDb.address_ward  (id, name, district_id, created_at) values (2054, 'Xã Tuân Đạo', 122, NOW());
insert into ExampleDb.address_ward  (id, name, district_id, created_at) values (2055, 'Xã Văn Nghĩa', 122, NOW());
insert into ExampleDb.address_ward  (id, name, district_id, created_at) values (2056, 'Xã Văn Sơn', 122, NOW());
insert into ExampleDb.address_ward  (id, name, district_id, created_at) values (2057, 'Xã Tân Lập', 122, NOW());
insert into ExampleDb.address_ward  (id, name, district_id, created_at) values (2058, 'Xã Nhân Nghĩa', 122, NOW());
insert into ExampleDb.address_ward  (id, name, district_id, created_at) values (2059, 'Xã Thượng Cốc', 122, NOW());
insert into ExampleDb.address_ward  (id, name, district_id, created_at) values (2060, 'Xã Quyết Thắng', 122, NOW());
insert into ExampleDb.address_ward  (id, name, district_id, created_at) values (2061, 'Xã Xuất Hóa', 122, NOW());
insert into ExampleDb.address_ward  (id, name, district_id, created_at) values (2062, 'Xã Yên Phú', 122, NOW());
insert into ExampleDb.address_ward  (id, name, district_id, created_at) values (2063, 'Xã Bình Hẻm', 122, NOW());
insert into ExampleDb.address_ward  (id, name, district_id, created_at) values (2064, 'Xã Định Cư', 122, NOW());
insert into ExampleDb.address_ward  (id, name, district_id, created_at) values (2065, 'Xã Chí Đạo', 122, NOW());
insert into ExampleDb.address_ward  (id, name, district_id, created_at) values (2066, 'Xã Ngọc Sơn', 122, NOW());
insert into ExampleDb.address_ward  (id, name, district_id, created_at) values (2067, 'Xã Hương Nhượng', 122, NOW());
insert into ExampleDb.address_ward  (id, name, district_id, created_at) values (2068, 'Xã Vũ Bình', 122, NOW());
insert into ExampleDb.address_ward  (id, name, district_id, created_at) values (2069, 'Xã Tự Do', 122, NOW());
insert into ExampleDb.address_ward  (id, name, district_id, created_at) values (2070, 'Xã Yên Nghiệp', 122, NOW());
insert into ExampleDb.address_ward  (id, name, district_id, created_at) values (2071, 'Xã Tân Mỹ', 122, NOW());
insert into ExampleDb.address_ward  (id, name, district_id, created_at) values (2072, 'Xã Ân Nghĩa', 122, NOW());
insert into ExampleDb.address_ward  (id, name, district_id, created_at) values (2073, 'Xã Ngọc Lâu', 122, NOW());
insert into ExampleDb.address_district  (id, name, province_id, created_at) values (123, 'Huyện Yên Thủy', 11, NOW());
insert into ExampleDb.address_ward  (id, name, district_id, created_at) values (2074, 'Thị trấn Hàng Trạm', 123, NOW());
insert into ExampleDb.address_ward  (id, name, district_id, created_at) values (2075, 'Xã Lạc Sỹ', 123, NOW());
insert into ExampleDb.address_ward  (id, name, district_id, created_at) values (2076, 'Xã Lạc Lương', 123, NOW());
insert into ExampleDb.address_ward  (id, name, district_id, created_at) values (2077, 'Xã Bảo Hiệu', 123, NOW());
insert into ExampleDb.address_ward  (id, name, district_id, created_at) values (2078, 'Xã Đa Phúc', 123, NOW());
insert into ExampleDb.address_ward  (id, name, district_id, created_at) values (2079, 'Xã Hữu Lợi', 123, NOW());
insert into ExampleDb.address_ward  (id, name, district_id, created_at) values (2080, 'Xã Lạc Thịnh', 123, NOW());
insert into ExampleDb.address_ward  (id, name, district_id, created_at) values (2081, 'Xã Đoàn Kết', 123, NOW());
insert into ExampleDb.address_ward  (id, name, district_id, created_at) values (2082, 'Xã Phú Lai', 123, NOW());
insert into ExampleDb.address_ward  (id, name, district_id, created_at) values (2083, 'Xã Yên Trị', 123, NOW());
insert into ExampleDb.address_ward  (id, name, district_id, created_at) values (2084, 'Xã Ngọc Lương', 123, NOW());
insert into ExampleDb.address_district  (id, name, province_id, created_at) values (124, 'Huyện Lạc Thủy', 11, NOW());
insert into ExampleDb.address_ward  (id, name, district_id, created_at) values (2085, 'Thị trấn Ba Hàng Đồi', 124, NOW());
insert into ExampleDb.address_ward  (id, name, district_id, created_at) values (2086, 'Thị trấn Chi Nê', 124, NOW());
insert into ExampleDb.address_ward  (id, name, district_id, created_at) values (2087, 'Xã Phú Nghĩa', 124, NOW());
insert into ExampleDb.address_ward  (id, name, district_id, created_at) values (2088, 'Xã Phú Thành', 124, NOW());
insert into ExampleDb.address_ward  (id, name, district_id, created_at) values (2089, 'Xã Hưng Thi', 124, NOW());
insert into ExampleDb.address_ward  (id, name, district_id, created_at) values (2090, 'Xã Khoan Dụ', 124, NOW());
insert into ExampleDb.address_ward  (id, name, district_id, created_at) values (2091, 'Xã Đồng Tâm', 124, NOW());
insert into ExampleDb.address_ward  (id, name, district_id, created_at) values (2092, 'Xã Yên Bồng', 124, NOW());
insert into ExampleDb.address_ward  (id, name, district_id, created_at) values (2093, 'Xã Thống Nhất', 124, NOW());
insert into ExampleDb.address_ward  (id, name, district_id, created_at) values (2094, 'Xã An Bình', 124, NOW());
insert into ExampleDb.address_province (id, name, created_at) values (12, 'Tỉnh Thái Nguyên', NOW());
insert into ExampleDb.address_district  (id, name, province_id, created_at) values (125, 'Thành phố Thái Nguyên', 12, NOW());
insert into ExampleDb.address_ward  (id, name, district_id, created_at) values (2095, 'Phường Quán Triều', 125, NOW());
insert into ExampleDb.address_ward  (id, name, district_id, created_at) values (2096, 'Phường Quang Vinh', 125, NOW());
insert into ExampleDb.address_ward  (id, name, district_id, created_at) values (2097, 'Phường Túc Duyên', 125, NOW());
insert into ExampleDb.address_ward  (id, name, district_id, created_at) values (2098, 'Phường Hoàng Văn Thụ', 125, NOW());
insert into ExampleDb.address_ward  (id, name, district_id, created_at) values (2099, 'Phường Trưng Vương', 125, NOW());
insert into ExampleDb.address_ward  (id, name, district_id, created_at) values (2100, 'Phường Quang Trung', 125, NOW());
insert into ExampleDb.address_ward  (id, name, district_id, created_at) values (2101, 'Phường Phan Đình Phùng', 125, NOW());
insert into ExampleDb.address_ward  (id, name, district_id, created_at) values (2102, 'Phường Tân Thịnh', 125, NOW());
insert into ExampleDb.address_ward  (id, name, district_id, created_at) values (2103, 'Phường Thịnh Đán', 125, NOW());
insert into ExampleDb.address_ward  (id, name, district_id, created_at) values (2104, 'Phường Đồng Quang', 125, NOW());
insert into ExampleDb.address_ward  (id, name, district_id, created_at) values (2105, 'Phường Gia Sàng', 125, NOW());
insert into ExampleDb.address_ward  (id, name, district_id, created_at) values (2106, 'Phường Tân Lập', 125, NOW());
insert into ExampleDb.address_ward  (id, name, district_id, created_at) values (2107, 'Phường Cam Giá', 125, NOW());
insert into ExampleDb.address_ward  (id, name, district_id, created_at) values (2108, 'Phường Phú Xá', 125, NOW());
insert into ExampleDb.address_ward  (id, name, district_id, created_at) values (2109, 'Phường Hương Sơn', 125, NOW());
insert into ExampleDb.address_ward  (id, name, district_id, created_at) values (2110, 'Phường Trung Thành', 125, NOW());
insert into ExampleDb.address_ward  (id, name, district_id, created_at) values (2111, 'Phường Tân Thành', 125, NOW());
insert into ExampleDb.address_ward  (id, name, district_id, created_at) values (2112, 'Phường Tân Long', 125, NOW());
insert into ExampleDb.address_ward  (id, name, district_id, created_at) values (2113, 'Xã Phúc Hà', 125, NOW());
insert into ExampleDb.address_ward  (id, name, district_id, created_at) values (2114, 'Xã Phúc Xuân', 125, NOW());
insert into ExampleDb.address_ward  (id, name, district_id, created_at) values (2115, 'Xã Quyết Thắng', 125, NOW());
insert into ExampleDb.address_ward  (id, name, district_id, created_at) values (2116, 'Xã Phúc Trìu', 125, NOW());
insert into ExampleDb.address_ward  (id, name, district_id, created_at) values (2117, 'Xã Thịnh Đức', 125, NOW());
insert into ExampleDb.address_ward  (id, name, district_id, created_at) values (2118, 'Phường Tích Lương', 125, NOW());
insert into ExampleDb.address_ward  (id, name, district_id, created_at) values (2119, 'Xã Tân Cương', 125, NOW());
insert into ExampleDb.address_ward  (id, name, district_id, created_at) values (2120, 'Xã Sơn Cẩm', 125, NOW());
insert into ExampleDb.address_ward  (id, name, district_id, created_at) values (2121, 'Phường Chùa Hang', 125, NOW());
insert into ExampleDb.address_ward  (id, name, district_id, created_at) values (2122, 'Xã Cao Ngạn', 125, NOW());
insert into ExampleDb.address_ward  (id, name, district_id, created_at) values (2123, 'Xã Linh Sơn', 125, NOW());
insert into ExampleDb.address_ward  (id, name, district_id, created_at) values (2124, 'Phường Đồng Bẩm', 125, NOW());
insert into ExampleDb.address_ward  (id, name, district_id, created_at) values (2125, 'Xã Huống Thượng', 125, NOW());
insert into ExampleDb.address_ward  (id, name, district_id, created_at) values (2126, 'Xã Đồng Liên', 125, NOW());
insert into ExampleDb.address_district  (id, name, province_id, created_at) values (126, 'Thành phố Sông Công', 12, NOW());
insert into ExampleDb.address_ward  (id, name, district_id, created_at) values (2127, 'Phường Lương Sơn', 126, NOW());
insert into ExampleDb.address_ward  (id, name, district_id, created_at) values (2128, 'Phường Châu Sơn', 126, NOW());
insert into ExampleDb.address_ward  (id, name, district_id, created_at) values (2129, 'Phường Mỏ Chè', 126, NOW());
insert into ExampleDb.address_ward  (id, name, district_id, created_at) values (2130, 'Phường Cải Đan', 126, NOW());
insert into ExampleDb.address_ward  (id, name, district_id, created_at) values (2131, 'Phường Thắng Lợi', 126, NOW());
insert into ExampleDb.address_ward  (id, name, district_id, created_at) values (2132, 'Phường Phố Cò', 126, NOW());
insert into ExampleDb.address_ward  (id, name, district_id, created_at) values (2133, 'Xã Tân Quang', 126, NOW());
insert into ExampleDb.address_ward  (id, name, district_id, created_at) values (2134, 'Phường Bách Quang', 126, NOW());
insert into ExampleDb.address_ward  (id, name, district_id, created_at) values (2135, 'Xã Bình Sơn', 126, NOW());
insert into ExampleDb.address_ward  (id, name, district_id, created_at) values (2136, 'Xã Bá Xuyên', 126, NOW());
insert into ExampleDb.address_district  (id, name, province_id, created_at) values (127, 'Huyện Định Hóa', 12, NOW());
insert into ExampleDb.address_ward  (id, name, district_id, created_at) values (2137, 'Thị trấn Chợ Chu', 127, NOW());
insert into ExampleDb.address_ward  (id, name, district_id, created_at) values (2138, 'Xã Linh Thông', 127, NOW());
insert into ExampleDb.address_ward  (id, name, district_id, created_at) values (2139, 'Xã Lam Vỹ', 127, NOW());
insert into ExampleDb.address_ward  (id, name, district_id, created_at) values (2140, 'Xã Quy Kỳ', 127, NOW());
insert into ExampleDb.address_ward  (id, name, district_id, created_at) values (2141, 'Xã Tân Thịnh', 127, NOW());
insert into ExampleDb.address_ward  (id, name, district_id, created_at) values (2142, 'Xã Kim Phượng', 127, NOW());
insert into ExampleDb.address_ward  (id, name, district_id, created_at) values (2143, 'Xã Bảo Linh', 127, NOW());
insert into ExampleDb.address_ward  (id, name, district_id, created_at) values (2144, 'Xã Phúc Chu', 127, NOW());
insert into ExampleDb.address_ward  (id, name, district_id, created_at) values (2145, 'Xã Tân Dương', 127, NOW());
insert into ExampleDb.address_ward  (id, name, district_id, created_at) values (2146, 'Xã Phượng Tiến', 127, NOW());
insert into ExampleDb.address_ward  (id, name, district_id, created_at) values (2147, 'Xã Bảo Cường', 127, NOW());
insert into ExampleDb.address_ward  (id, name, district_id, created_at) values (2148, 'Xã Đồng Thịnh', 127, NOW());
insert into ExampleDb.address_ward  (id, name, district_id, created_at) values (2149, 'Xã Định Biên', 127, NOW());
insert into ExampleDb.address_ward  (id, name, district_id, created_at) values (2150, 'Xã Thanh Định', 127, NOW());
insert into ExampleDb.address_ward  (id, name, district_id, created_at) values (2151, 'Xã Trung Hội', 127, NOW());
insert into ExampleDb.address_ward  (id, name, district_id, created_at) values (2152, 'Xã Trung Lương', 127, NOW());
insert into ExampleDb.address_ward  (id, name, district_id, created_at) values (2153, 'Xã Bình Yên', 127, NOW());
insert into ExampleDb.address_ward  (id, name, district_id, created_at) values (2154, 'Xã Điềm Mặc', 127, NOW());
insert into ExampleDb.address_ward  (id, name, district_id, created_at) values (2155, 'Xã Phú Tiến', 127, NOW());
insert into ExampleDb.address_ward  (id, name, district_id, created_at) values (2156, 'Xã Bộc Nhiêu', 127, NOW());
insert into ExampleDb.address_ward  (id, name, district_id, created_at) values (2157, 'Xã Sơn Phú', 127, NOW());
insert into ExampleDb.address_ward  (id, name, district_id, created_at) values (2158, 'Xã Phú Đình', 127, NOW());
insert into ExampleDb.address_ward  (id, name, district_id, created_at) values (2159, 'Xã Bình Thành', 127, NOW());
insert into ExampleDb.address_district  (id, name, province_id, created_at) values (128, 'Huyện Phú Lương', 12, NOW());
insert into ExampleDb.address_ward  (id, name, district_id, created_at) values (2160, 'Thị trấn Giang Tiên', 128, NOW());
insert into ExampleDb.address_ward  (id, name, district_id, created_at) values (2161, 'Thị trấn Đu', 128, NOW());
insert into ExampleDb.address_ward  (id, name, district_id, created_at) values (2162, 'Xã Yên Ninh', 128, NOW());
insert into ExampleDb.address_ward  (id, name, district_id, created_at) values (2163, 'Xã Yên Trạch', 128, NOW());
insert into ExampleDb.address_ward  (id, name, district_id, created_at) values (2164, 'Xã Yên Đổ', 128, NOW());
insert into ExampleDb.address_ward  (id, name, district_id, created_at) values (2165, 'Xã Yên Lạc', 128, NOW());
insert into ExampleDb.address_ward  (id, name, district_id, created_at) values (2166, 'Xã Ôn Lương', 128, NOW());
insert into ExampleDb.address_ward  (id, name, district_id, created_at) values (2167, 'Xã Động Đạt', 128, NOW());
insert into ExampleDb.address_ward  (id, name, district_id, created_at) values (2168, 'Xã Phủ Lý', 128, NOW());
insert into ExampleDb.address_ward  (id, name, district_id, created_at) values (2169, 'Xã Phú Đô', 128, NOW());
insert into ExampleDb.address_ward  (id, name, district_id, created_at) values (2170, 'Xã Hợp Thành', 128, NOW());
insert into ExampleDb.address_ward  (id, name, district_id, created_at) values (2171, 'Xã Tức Tranh', 128, NOW());
insert into ExampleDb.address_ward  (id, name, district_id, created_at) values (2172, 'Xã Phấn Mễ', 128, NOW());
insert into ExampleDb.address_ward  (id, name, district_id, created_at) values (2173, 'Xã Vô Tranh', 128, NOW());
insert into ExampleDb.address_ward  (id, name, district_id, created_at) values (2174, 'Xã Cổ Lũng', 128, NOW());
insert into ExampleDb.address_district  (id, name, province_id, created_at) values (129, 'Huyện Đồng Hỷ', 12, NOW());
insert into ExampleDb.address_ward  (id, name, district_id, created_at) values (2175, 'Thị trấn Sông Cầu', 129, NOW());
insert into ExampleDb.address_ward  (id, name, district_id, created_at) values (2176, 'Thị trấn Trại Cau', 129, NOW());
insert into ExampleDb.address_ward  (id, name, district_id, created_at) values (2177, 'Xã Văn Lăng', 129, NOW());
insert into ExampleDb.address_ward  (id, name, district_id, created_at) values (2178, 'Xã Tân Long', 129, NOW());
insert into ExampleDb.address_ward  (id, name, district_id, created_at) values (2179, 'Xã Hòa Bình', 129, NOW());
insert into ExampleDb.address_ward  (id, name, district_id, created_at) values (2180, 'Xã Quang Sơn', 129, NOW());
insert into ExampleDb.address_ward  (id, name, district_id, created_at) values (2181, 'Xã Minh Lập', 129, NOW());
insert into ExampleDb.address_ward  (id, name, district_id, created_at) values (2182, 'Xã Văn Hán', 129, NOW());
insert into ExampleDb.address_ward  (id, name, district_id, created_at) values (2183, 'Xã Hóa Trung', 129, NOW());
insert into ExampleDb.address_ward  (id, name, district_id, created_at) values (2184, 'Xã Khe Mo', 129, NOW());
insert into ExampleDb.address_ward  (id, name, district_id, created_at) values (2185, 'Xã Cây Thị', 129, NOW());
insert into ExampleDb.address_ward  (id, name, district_id, created_at) values (2186, 'Xã Hóa Thượng', 129, NOW());
insert into ExampleDb.address_ward  (id, name, district_id, created_at) values (2187, 'Xã Hợp Tiến', 129, NOW());
insert into ExampleDb.address_ward  (id, name, district_id, created_at) values (2188, 'Xã Tân Lợi', 129, NOW());
insert into ExampleDb.address_ward  (id, name, district_id, created_at) values (2189, 'Xã Nam Hòa', 129, NOW());
insert into ExampleDb.address_district  (id, name, province_id, created_at) values (130, 'Huyện Võ Nhai', 12, NOW());
insert into ExampleDb.address_ward  (id, name, district_id, created_at) values (2190, 'Thị trấn Đình Cả', 130, NOW());
insert into ExampleDb.address_ward  (id, name, district_id, created_at) values (2191, 'Xã Sảng Mộc', 130, NOW());
insert into ExampleDb.address_ward  (id, name, district_id, created_at) values (2192, 'Xã Nghinh Tường', 130, NOW());
insert into ExampleDb.address_ward  (id, name, district_id, created_at) values (2193, 'Xã Thần Xa', 130, NOW());
insert into ExampleDb.address_ward  (id, name, district_id, created_at) values (2194, 'Xã Vũ Chấn', 130, NOW());
insert into ExampleDb.address_ward  (id, name, district_id, created_at) values (2195, 'Xã Thượng Nung', 130, NOW());
insert into ExampleDb.address_ward  (id, name, district_id, created_at) values (2196, 'Xã Phú Thượng', 130, NOW());
insert into ExampleDb.address_ward  (id, name, district_id, created_at) values (2197, 'Xã Cúc Đường', 130, NOW());
insert into ExampleDb.address_ward  (id, name, district_id, created_at) values (2198, 'Xã La Hiên', 130, NOW());
insert into ExampleDb.address_ward  (id, name, district_id, created_at) values (2199, 'Xã Lâu Thượng', 130, NOW());
insert into ExampleDb.address_ward  (id, name, district_id, created_at) values (2200, 'Xã Tràng Xá', 130, NOW());
insert into ExampleDb.address_ward  (id, name, district_id, created_at) values (2201, 'Xã Phương Giao', 130, NOW());
insert into ExampleDb.address_ward  (id, name, district_id, created_at) values (2202, 'Xã Liên Minh', 130, NOW());
insert into ExampleDb.address_ward  (id, name, district_id, created_at) values (2203, 'Xã Dân Tiến', 130, NOW());
insert into ExampleDb.address_ward  (id, name, district_id, created_at) values (2204, 'Xã Bình Long', 130, NOW());
insert into ExampleDb.address_district  (id, name, province_id, created_at) values (131, 'Huyện Đại Từ', 12, NOW());
insert into ExampleDb.address_ward  (id, name, district_id, created_at) values (2205, 'Thị trấn Hùng Sơn', 131, NOW());
insert into ExampleDb.address_ward  (id, name, district_id, created_at) values (2206, 'Thị trấn Quân Chu', 131, NOW());
insert into ExampleDb.address_ward  (id, name, district_id, created_at) values (2207, 'Xã Phúc Lương', 131, NOW());
insert into ExampleDb.address_ward  (id, name, district_id, created_at) values (2208, 'Xã Minh Tiến', 131, NOW());
insert into ExampleDb.address_ward  (id, name, district_id, created_at) values (2209, 'Xã Yên Lãng', 131, NOW());
insert into ExampleDb.address_ward  (id, name, district_id, created_at) values (2210, 'Xã Đức Lương', 131, NOW());
insert into ExampleDb.address_ward  (id, name, district_id, created_at) values (2211, 'Xã Phú Cường', 131, NOW());
insert into ExampleDb.address_ward  (id, name, district_id, created_at) values (2212, 'Xã Na Mao', 131, NOW());
insert into ExampleDb.address_ward  (id, name, district_id, created_at) values (2213, 'Xã Phú Lạc', 131, NOW());
insert into ExampleDb.address_ward  (id, name, district_id, created_at) values (2214, 'Xã Tân Linh', 131, NOW());
insert into ExampleDb.address_ward  (id, name, district_id, created_at) values (2215, 'Xã Phú Thịnh', 131, NOW());
insert into ExampleDb.address_ward  (id, name, district_id, created_at) values (2216, 'Xã Phục Linh', 131, NOW());
insert into ExampleDb.address_ward  (id, name, district_id, created_at) values (2217, 'Xã Phú Xuyên', 131, NOW());
insert into ExampleDb.address_ward  (id, name, district_id, created_at) values (2218, 'Xã Bản Ngoại', 131, NOW());
insert into ExampleDb.address_ward  (id, name, district_id, created_at) values (2219, 'Xã Tiên Hội', 131, NOW());
insert into ExampleDb.address_ward  (id, name, district_id, created_at) values (2220, 'Xã Cù Vân', 131, NOW());
insert into ExampleDb.address_ward  (id, name, district_id, created_at) values (2221, 'Xã Hà Thượng', 131, NOW());
insert into ExampleDb.address_ward  (id, name, district_id, created_at) values (2222, 'Xã La Bằng', 131, NOW());
insert into ExampleDb.address_ward  (id, name, district_id, created_at) values (2223, 'Xã Hoàng Nông', 131, NOW());
insert into ExampleDb.address_ward  (id, name, district_id, created_at) values (2224, 'Xã Khôi Kỳ', 131, NOW());
insert into ExampleDb.address_ward  (id, name, district_id, created_at) values (2225, 'Xã An Khánh', 131, NOW());
insert into ExampleDb.address_ward  (id, name, district_id, created_at) values (2226, 'Xã Tân Thái', 131, NOW());
insert into ExampleDb.address_ward  (id, name, district_id, created_at) values (2227, 'Xã Bình Thuận', 131, NOW());
insert into ExampleDb.address_ward  (id, name, district_id, created_at) values (2228, 'Xã Lục Ba', 131, NOW());
insert into ExampleDb.address_ward  (id, name, district_id, created_at) values (2229, 'Xã Mỹ Yên', 131, NOW());
insert into ExampleDb.address_ward  (id, name, district_id, created_at) values (2230, 'Xã Vạn Thọ', 131, NOW());
insert into ExampleDb.address_ward  (id, name, district_id, created_at) values (2231, 'Xã Văn Yên', 131, NOW());
insert into ExampleDb.address_ward  (id, name, district_id, created_at) values (2232, 'Xã Ký Phú', 131, NOW());
insert into ExampleDb.address_ward  (id, name, district_id, created_at) values (2233, 'Xã Cát Nê', 131, NOW());
insert into ExampleDb.address_ward  (id, name, district_id, created_at) values (2234, 'Xã Quân Chu', 131, NOW());
insert into ExampleDb.address_district  (id, name, province_id, created_at) values (132, 'Thị xã Phổ Yên', 12, NOW());
insert into ExampleDb.address_ward  (id, name, district_id, created_at) values (2235, 'Phường Bãi Bông', 132, NOW());
insert into ExampleDb.address_ward  (id, name, district_id, created_at) values (2236, 'Phường Bắc Sơn', 132, NOW());
insert into ExampleDb.address_ward  (id, name, district_id, created_at) values (2237, 'Phường Ba Hàng', 132, NOW());
insert into ExampleDb.address_ward  (id, name, district_id, created_at) values (2238, 'Xã Phúc Tân', 132, NOW());
insert into ExampleDb.address_ward  (id, name, district_id, created_at) values (2239, 'Xã Phúc Thuận', 132, NOW());
insert into ExampleDb.address_ward  (id, name, district_id, created_at) values (2240, 'Xã Hồng Tiến', 132, NOW());
insert into ExampleDb.address_ward  (id, name, district_id, created_at) values (2241, 'Xã Minh Đức', 132, NOW());
insert into ExampleDb.address_ward  (id, name, district_id, created_at) values (2242, 'Xã Đắc Sơn', 132, NOW());
insert into ExampleDb.address_ward  (id, name, district_id, created_at) values (2243, 'Phường Đồng Tiến', 132, NOW());
insert into ExampleDb.address_ward  (id, name, district_id, created_at) values (2244, 'Xã Thành Công', 132, NOW());
insert into ExampleDb.address_ward  (id, name, district_id, created_at) values (2245, 'Xã Tiên Phong', 132, NOW());
insert into ExampleDb.address_ward  (id, name, district_id, created_at) values (2246, 'Xã Vạn Phái', 132, NOW());
insert into ExampleDb.address_ward  (id, name, district_id, created_at) values (2247, 'Xã Nam Tiến', 132, NOW());
insert into ExampleDb.address_ward  (id, name, district_id, created_at) values (2248, 'Xã Tân Hương', 132, NOW());
insert into ExampleDb.address_ward  (id, name, district_id, created_at) values (2249, 'Xã Đông Cao', 132, NOW());
insert into ExampleDb.address_ward  (id, name, district_id, created_at) values (2250, 'Xã Trung Thành', 132, NOW());
insert into ExampleDb.address_ward  (id, name, district_id, created_at) values (2251, 'Xã Tân Phú', 132, NOW());
insert into ExampleDb.address_ward  (id, name, district_id, created_at) values (2252, 'Xã Thuận Thành', 132, NOW());
insert into ExampleDb.address_district  (id, name, province_id, created_at) values (133, 'Huyện Phú Bình', 12, NOW());
insert into ExampleDb.address_ward  (id, name, district_id, created_at) values (2253, 'Thị trấn Hương Sơn', 133, NOW());
insert into ExampleDb.address_ward  (id, name, district_id, created_at) values (2254, 'Xã Bàn Đạt', 133, NOW());
insert into ExampleDb.address_ward  (id, name, district_id, created_at) values (2255, 'Xã Tân Khánh', 133, NOW());
insert into ExampleDb.address_ward  (id, name, district_id, created_at) values (2256, 'Xã Tân Kim', 133, NOW());
insert into ExampleDb.address_ward  (id, name, district_id, created_at) values (2257, 'Xã Tân Thành', 133, NOW());
insert into ExampleDb.address_ward  (id, name, district_id, created_at) values (2258, 'Xã Đào Xá', 133, NOW());
insert into ExampleDb.address_ward  (id, name, district_id, created_at) values (2259, 'Xã Bảo Lý', 133, NOW());
insert into ExampleDb.address_ward  (id, name, district_id, created_at) values (2260, 'Xã Thượng Đình', 133, NOW());
insert into ExampleDb.address_ward  (id, name, district_id, created_at) values (2261, 'Xã Tân Hòa', 133, NOW());
insert into ExampleDb.address_ward  (id, name, district_id, created_at) values (2262, 'Xã Nhã Lộng', 133, NOW());
insert into ExampleDb.address_ward  (id, name, district_id, created_at) values (2263, 'Xã Điềm Thụy', 133, NOW());
insert into ExampleDb.address_ward  (id, name, district_id, created_at) values (2264, 'Xã Xuân Phương', 133, NOW());
insert into ExampleDb.address_ward  (id, name, district_id, created_at) values (2265, 'Xã Tân Đức', 133, NOW());
insert into ExampleDb.address_ward  (id, name, district_id, created_at) values (2266, 'Xã Úc Kỳ', 133, NOW());
insert into ExampleDb.address_ward  (id, name, district_id, created_at) values (2267, 'Xã Lương Phú', 133, NOW());
insert into ExampleDb.address_ward  (id, name, district_id, created_at) values (2268, 'Xã Nga My', 133, NOW());
insert into ExampleDb.address_ward  (id, name, district_id, created_at) values (2269, 'Xã Kha Sơn', 133, NOW());
insert into ExampleDb.address_ward  (id, name, district_id, created_at) values (2270, 'Xã Thanh Ninh', 133, NOW());
insert into ExampleDb.address_ward  (id, name, district_id, created_at) values (2271, 'Xã Dương Thành', 133, NOW());
insert into ExampleDb.address_ward  (id, name, district_id, created_at) values (2272, 'Xã Hà Châu', 133, NOW());
insert into ExampleDb.address_province (id, name, created_at) values (13, 'Tỉnh Lạng Sơn', NOW());
insert into ExampleDb.address_district  (id, name, province_id, created_at) values (134, 'Thành phố Lạng Sơn', 13, NOW());
insert into ExampleDb.address_ward  (id, name, district_id, created_at) values (2273, 'Phường Hoàng Văn Thụ', 134, NOW());
insert into ExampleDb.address_ward  (id, name, district_id, created_at) values (2274, 'Phường Tam Thanh', 134, NOW());
insert into ExampleDb.address_ward  (id, name, district_id, created_at) values (2275, 'Phường Vĩnh Trại', 134, NOW());
insert into ExampleDb.address_ward  (id, name, district_id, created_at) values (2276, 'Phường Đông Kinh', 134, NOW());
insert into ExampleDb.address_ward  (id, name, district_id, created_at) values (2277, 'Phường Chi Lăng', 134, NOW());
insert into ExampleDb.address_ward  (id, name, district_id, created_at) values (2278, 'Xã Hoàng Đồng', 134, NOW());
insert into ExampleDb.address_ward  (id, name, district_id, created_at) values (2279, 'Xã Quảng Lạc', 134, NOW());
insert into ExampleDb.address_ward  (id, name, district_id, created_at) values (2280, 'Xã Mai Pha', 134, NOW());
insert into ExampleDb.address_district  (id, name, province_id, created_at) values (135, 'Huyện Tràng Định', 13, NOW());
insert into ExampleDb.address_ward  (id, name, district_id, created_at) values (2281, 'Thị trấn Thất Khê', 135, NOW());
insert into ExampleDb.address_ward  (id, name, district_id, created_at) values (2282, 'Xã Khánh Long', 135, NOW());
insert into ExampleDb.address_ward  (id, name, district_id, created_at) values (2283, 'Xã Đoàn Kết', 135, NOW());
insert into ExampleDb.address_ward  (id, name, district_id, created_at) values (2284, 'Xã Quốc Khánh', 135, NOW());
insert into ExampleDb.address_ward  (id, name, district_id, created_at) values (2285, 'Xã Vĩnh Tiến', 135, NOW());
insert into ExampleDb.address_ward  (id, name, district_id, created_at) values (2286, 'Xã Cao Minh', 135, NOW());
insert into ExampleDb.address_ward  (id, name, district_id, created_at) values (2287, 'Xã Chí Minh', 135, NOW());
insert into ExampleDb.address_ward  (id, name, district_id, created_at) values (2288, 'Xã Tri Phương', 135, NOW());
insert into ExampleDb.address_ward  (id, name, district_id, created_at) values (2289, 'Xã Tân Tiến', 135, NOW());
insert into ExampleDb.address_ward  (id, name, district_id, created_at) values (2290, 'Xã Tân Yên', 135, NOW());
insert into ExampleDb.address_ward  (id, name, district_id, created_at) values (2291, 'Xã Đội Cấn', 135, NOW());
insert into ExampleDb.address_ward  (id, name, district_id, created_at) values (2292, 'Xã Tân Minh', 135, NOW());
insert into ExampleDb.address_ward  (id, name, district_id, created_at) values (2293, 'Xã Kim Đồng', 135, NOW());
insert into ExampleDb.address_ward  (id, name, district_id, created_at) values (2294, 'Xã Chi Lăng', 135, NOW());
insert into ExampleDb.address_ward  (id, name, district_id, created_at) values (2295, 'Xã Trung Thành', 135, NOW());
insert into ExampleDb.address_ward  (id, name, district_id, created_at) values (2296, 'Xã Đại Đồng', 135, NOW());
insert into ExampleDb.address_ward  (id, name, district_id, created_at) values (2297, 'Xã Đào Viên', 135, NOW());
insert into ExampleDb.address_ward  (id, name, district_id, created_at) values (2298, 'Xã Đề Thám', 135, NOW());
insert into ExampleDb.address_ward  (id, name, district_id, created_at) values (2299, 'Xã Kháng Chiến', 135, NOW());
insert into ExampleDb.address_ward  (id, name, district_id, created_at) values (2300, 'Xã Hùng Sơn', 135, NOW());
insert into ExampleDb.address_ward  (id, name, district_id, created_at) values (2301, 'Xã Quốc Việt', 135, NOW());
insert into ExampleDb.address_ward  (id, name, district_id, created_at) values (2302, 'Xã Hùng Việt', 135, NOW());
insert into ExampleDb.address_district  (id, name, province_id, created_at) values (136, 'Huyện Bình Gia', 13, NOW());
insert into ExampleDb.address_ward  (id, name, district_id, created_at) values (2303, 'Xã Hưng Đạo', 136, NOW());
insert into ExampleDb.address_ward  (id, name, district_id, created_at) values (2304, 'Xã Vĩnh Yên', 136, NOW());
insert into ExampleDb.address_ward  (id, name, district_id, created_at) values (2305, 'Xã Hoa Thám', 136, NOW());
insert into ExampleDb.address_ward  (id, name, district_id, created_at) values (2306, 'Xã Quý Hòa', 136, NOW());
insert into ExampleDb.address_ward  (id, name, district_id, created_at) values (2307, 'Xã Hồng Phong', 136, NOW());
insert into ExampleDb.address_ward  (id, name, district_id, created_at) values (2308, 'Xã Yên Lỗ', 136, NOW());
insert into ExampleDb.address_ward  (id, name, district_id, created_at) values (2309, 'Xã Thiện Hòa', 136, NOW());
insert into ExampleDb.address_ward  (id, name, district_id, created_at) values (2310, 'Xã Quang Trung', 136, NOW());
insert into ExampleDb.address_ward  (id, name, district_id, created_at) values (2311, 'Xã Thiện Thuật', 136, NOW());
insert into ExampleDb.address_ward  (id, name, district_id, created_at) values (2312, 'Xã Minh Khai', 136, NOW());
insert into ExampleDb.address_ward  (id, name, district_id, created_at) values (2313, 'Xã Thiện Long', 136, NOW());
insert into ExampleDb.address_ward  (id, name, district_id, created_at) values (2314, 'Xã Hoàng Văn Thụ', 136, NOW());
insert into ExampleDb.address_ward  (id, name, district_id, created_at) values (2315, 'Xã Hòa Bình', 136, NOW());
insert into ExampleDb.address_ward  (id, name, district_id, created_at) values (2316, 'Xã Mông Ân', 136, NOW());
insert into ExampleDb.address_ward  (id, name, district_id, created_at) values (2317, 'Xã Tân Hòa', 136, NOW());
insert into ExampleDb.address_ward  (id, name, district_id, created_at) values (2318, 'Thị trấn Bình Gia', 136, NOW());
insert into ExampleDb.address_ward  (id, name, district_id, created_at) values (2319, 'Xã Hồng Thái', 136, NOW());
insert into ExampleDb.address_ward  (id, name, district_id, created_at) values (2320, 'Xã Bình La', 136, NOW());
insert into ExampleDb.address_ward  (id, name, district_id, created_at) values (2321, 'Xã Tân Văn', 136, NOW());
insert into ExampleDb.address_district  (id, name, province_id, created_at) values (137, 'Huyện Văn Lãng', 13, NOW());
insert into ExampleDb.address_ward  (id, name, district_id, created_at) values (2322, 'Thị trấn Na Sầm', 137, NOW());
insert into ExampleDb.address_ward  (id, name, district_id, created_at) values (2323, 'Xã Trùng Khánh', 137, NOW());
insert into ExampleDb.address_ward  (id, name, district_id, created_at) values (2324, 'Xã Bắc La', 137, NOW());
insert into ExampleDb.address_ward  (id, name, district_id, created_at) values (2325, 'Xã Thụy Hùng', 137, NOW());
insert into ExampleDb.address_ward  (id, name, district_id, created_at) values (2326, 'Xã Bắc Hùng', 137, NOW());
insert into ExampleDb.address_ward  (id, name, district_id, created_at) values (2327, 'Xã Tân Tác', 137, NOW());
insert into ExampleDb.address_ward  (id, name, district_id, created_at) values (2328, 'Xã Thanh Long', 137, NOW());
insert into ExampleDb.address_ward  (id, name, district_id, created_at) values (2329, 'Xã Hội Hoan', 137, NOW());
insert into ExampleDb.address_ward  (id, name, district_id, created_at) values (2330, 'Xã Bắc Việt', 137, NOW());
insert into ExampleDb.address_ward  (id, name, district_id, created_at) values (2331, 'Xã Hoàng Việt', 137, NOW());
insert into ExampleDb.address_ward  (id, name, district_id, created_at) values (2332, 'Xã Gia Miễn', 137, NOW());
insert into ExampleDb.address_ward  (id, name, district_id, created_at) values (2333, 'Xã Thành Hòa', 137, NOW());
insert into ExampleDb.address_ward  (id, name, district_id, created_at) values (2334, 'Xã Tân Thanh', 137, NOW());
insert into ExampleDb.address_ward  (id, name, district_id, created_at) values (2335, 'Xã Tân Mỹ', 137, NOW());
insert into ExampleDb.address_ward  (id, name, district_id, created_at) values (2336, 'Xã Hồng Thái', 137, NOW());
insert into ExampleDb.address_ward  (id, name, district_id, created_at) values (2337, 'Xã  Hoàng Văn Thụ', 137, NOW());
insert into ExampleDb.address_ward  (id, name, district_id, created_at) values (2338, 'Xã Nhạc Kỳ', 137, NOW());
insert into ExampleDb.address_district  (id, name, province_id, created_at) values (138, 'Huyện Cao Lộc', 13, NOW());
insert into ExampleDb.address_ward  (id, name, district_id, created_at) values (2339, 'Thị trấn Đồng Đăng', 138, NOW());
insert into ExampleDb.address_ward  (id, name, district_id, created_at) values (2340, 'Thị trấn Cao Lộc', 138, NOW());
insert into ExampleDb.address_ward  (id, name, district_id, created_at) values (2341, 'Xã Bảo Lâm', 138, NOW());
insert into ExampleDb.address_ward  (id, name, district_id, created_at) values (2342, 'Xã Thanh Lòa', 138, NOW());
insert into ExampleDb.address_ward  (id, name, district_id, created_at) values (2343, 'Xã Cao Lâu', 138, NOW());
insert into ExampleDb.address_ward  (id, name, district_id, created_at) values (2344, 'Xã Thạch Đạn', 138, NOW());
insert into ExampleDb.address_ward  (id, name, district_id, created_at) values (2345, 'Xã Xuất Lễ', 138, NOW());
insert into ExampleDb.address_ward  (id, name, district_id, created_at) values (2346, 'Xã Hồng Phong', 138, NOW());
insert into ExampleDb.address_ward  (id, name, district_id, created_at) values (2347, 'Xã Thụy Hùng', 138, NOW());
insert into ExampleDb.address_ward  (id, name, district_id, created_at) values (2348, 'Xã Lộc Yên', 138, NOW());
insert into ExampleDb.address_ward  (id, name, district_id, created_at) values (2349, 'Xã Phú Xá', 138, NOW());
insert into ExampleDb.address_ward  (id, name, district_id, created_at) values (2350, 'Xã Bình Trung', 138, NOW());
insert into ExampleDb.address_ward  (id, name, district_id, created_at) values (2351, 'Xã Hải Yến', 138, NOW());
insert into ExampleDb.address_ward  (id, name, district_id, created_at) values (2352, 'Xã Hòa Cư', 138, NOW());
insert into ExampleDb.address_ward  (id, name, district_id, created_at) values (2353, 'Xã Hợp Thành', 138, NOW());
insert into ExampleDb.address_ward  (id, name, district_id, created_at) values (2354, 'Xã Công Sơn', 138, NOW());
insert into ExampleDb.address_ward  (id, name, district_id, created_at) values (2355, 'Xã Gia Cát', 138, NOW());
insert into ExampleDb.address_ward  (id, name, district_id, created_at) values (2356, 'Xã Mẫu Sơn', 138, NOW());
insert into ExampleDb.address_ward  (id, name, district_id, created_at) values (2357, 'Xã Xuân Long', 138, NOW());
insert into ExampleDb.address_ward  (id, name, district_id, created_at) values (2358, 'Xã Tân Liên', 138, NOW());
insert into ExampleDb.address_ward  (id, name, district_id, created_at) values (2359, 'Xã Yên Trạch', 138, NOW());
insert into ExampleDb.address_ward  (id, name, district_id, created_at) values (2360, 'Xã Tân Thành', 138, NOW());
insert into ExampleDb.address_district  (id, name, province_id, created_at) values (139, 'Huyện Văn Quan', 13, NOW());
insert into ExampleDb.address_ward  (id, name, district_id, created_at) values (2361, 'Thị trấn Văn Quan', 139, NOW());
insert into ExampleDb.address_ward  (id, name, district_id, created_at) values (2362, 'Xã Trấn Ninh', 139, NOW());
insert into ExampleDb.address_ward  (id, name, district_id, created_at) values (2363, 'Xã Liên Hội', 139, NOW());
insert into ExampleDb.address_ward  (id, name, district_id, created_at) values (2364, 'Xã Hòa Bình', 139, NOW());
insert into ExampleDb.address_ward  (id, name, district_id, created_at) values (2365, 'Xã Tú Xuyên', 139, NOW());
insert into ExampleDb.address_ward  (id, name, district_id, created_at) values (2366, 'Xã Điềm He', 139, NOW());
insert into ExampleDb.address_ward  (id, name, district_id, created_at) values (2367, 'Xã An Sơn', 139, NOW());
insert into ExampleDb.address_ward  (id, name, district_id, created_at) values (2368, 'Xã Khánh Khê', 139, NOW());
insert into ExampleDb.address_ward  (id, name, district_id, created_at) values (2369, 'Xã Lương Năng', 139, NOW());
insert into ExampleDb.address_ward  (id, name, district_id, created_at) values (2370, 'Xã Đồng Giáp', 139, NOW());
insert into ExampleDb.address_ward  (id, name, district_id, created_at) values (2371, 'Xã Bình Phúc', 139, NOW());
insert into ExampleDb.address_ward  (id, name, district_id, created_at) values (2372, 'Xã Tràng Các', 139, NOW());
insert into ExampleDb.address_ward  (id, name, district_id, created_at) values (2373, 'Xã Tân Đoàn', 139, NOW());
insert into ExampleDb.address_ward  (id, name, district_id, created_at) values (2374, 'Xã Tri Lễ', 139, NOW());
insert into ExampleDb.address_ward  (id, name, district_id, created_at) values (2375, 'Xã Tràng Phái', 139, NOW());
insert into ExampleDb.address_ward  (id, name, district_id, created_at) values (2376, 'Xã Yên Phúc', 139, NOW());
insert into ExampleDb.address_ward  (id, name, district_id, created_at) values (2377, 'Xã Hữu Lễ', 139, NOW());
insert into ExampleDb.address_district  (id, name, province_id, created_at) values (140, 'Huyện Bắc Sơn', 13, NOW());
insert into ExampleDb.address_ward  (id, name, district_id, created_at) values (2378, 'Thị trấn Bắc Sơn', 140, NOW());
insert into ExampleDb.address_ward  (id, name, district_id, created_at) values (2379, 'Xã Long Đống', 140, NOW());
insert into ExampleDb.address_ward  (id, name, district_id, created_at) values (2380, 'Xã Vạn Thủy', 140, NOW());
insert into ExampleDb.address_ward  (id, name, district_id, created_at) values (2381, 'Xã Đồng ý', 140, NOW());
insert into ExampleDb.address_ward  (id, name, district_id, created_at) values (2382, 'Xã Tân Tri', 140, NOW());
insert into ExampleDb.address_ward  (id, name, district_id, created_at) values (2383, 'Xã Bắc Quỳnh', 140, NOW());
insert into ExampleDb.address_ward  (id, name, district_id, created_at) values (2384, 'Xã Hưng Vũ', 140, NOW());
insert into ExampleDb.address_ward  (id, name, district_id, created_at) values (2385, 'Xã Tân Lập', 140, NOW());
insert into ExampleDb.address_ward  (id, name, district_id, created_at) values (2386, 'Xã Vũ Sơn', 140, NOW());
insert into ExampleDb.address_ward  (id, name, district_id, created_at) values (2387, 'Xã Chiêu Vũ', 140, NOW());
insert into ExampleDb.address_ward  (id, name, district_id, created_at) values (2388, 'Xã Tân Hương', 140, NOW());
insert into ExampleDb.address_ward  (id, name, district_id, created_at) values (2389, 'Xã Chiến Thắng', 140, NOW());
insert into ExampleDb.address_ward  (id, name, district_id, created_at) values (2390, 'Xã Vũ Lăng', 140, NOW());
insert into ExampleDb.address_ward  (id, name, district_id, created_at) values (2391, 'Xã Trấn Yên', 140, NOW());
insert into ExampleDb.address_ward  (id, name, district_id, created_at) values (2392, 'Xã Vũ Lễ', 140, NOW());
insert into ExampleDb.address_ward  (id, name, district_id, created_at) values (2393, 'Xã Nhất Hòa', 140, NOW());
insert into ExampleDb.address_ward  (id, name, district_id, created_at) values (2394, 'Xã Tân Thành', 140, NOW());
insert into ExampleDb.address_ward  (id, name, district_id, created_at) values (2395, 'Xã Nhất Tiến', 140, NOW());
insert into ExampleDb.address_district  (id, name, province_id, created_at) values (141, 'Huyện Hữu Lũng', 13, NOW());
insert into ExampleDb.address_ward  (id, name, district_id, created_at) values (2396, 'Thị trấn Hữu Lũng', 141, NOW());
insert into ExampleDb.address_ward  (id, name, district_id, created_at) values (2397, 'Xã Hữu Liên', 141, NOW());
insert into ExampleDb.address_ward  (id, name, district_id, created_at) values (2398, 'Xã Yên Bình', 141, NOW());
insert into ExampleDb.address_ward  (id, name, district_id, created_at) values (2399, 'Xã Quyết Thắng', 141, NOW());
insert into ExampleDb.address_ward  (id, name, district_id, created_at) values (2400, 'Xã Hòa Bình', 141, NOW());
insert into ExampleDb.address_ward  (id, name, district_id, created_at) values (2401, 'Xã Yên Thịnh', 141, NOW());
insert into ExampleDb.address_ward  (id, name, district_id, created_at) values (2402, 'Xã Yên Sơn', 141, NOW());
insert into ExampleDb.address_ward  (id, name, district_id, created_at) values (2403, 'Xã Thiện Tân', 141, NOW());
insert into ExampleDb.address_ward  (id, name, district_id, created_at) values (2404, 'Xã Yên Vượng', 141, NOW());
insert into ExampleDb.address_ward  (id, name, district_id, created_at) values (2405, 'Xã Minh Tiến', 141, NOW());
insert into ExampleDb.address_ward  (id, name, district_id, created_at) values (2406, 'Xã Nhật Tiến', 141, NOW());
insert into ExampleDb.address_ward  (id, name, district_id, created_at) values (2407, 'Xã Thanh Sơn', 141, NOW());
insert into ExampleDb.address_ward  (id, name, district_id, created_at) values (2408, 'Xã Đồng Tân', 141, NOW());
insert into ExampleDb.address_ward  (id, name, district_id, created_at) values (2409, 'Xã Cai Kinh', 141, NOW());
insert into ExampleDb.address_ward  (id, name, district_id, created_at) values (2410, 'Xã Hòa Lạc', 141, NOW());
insert into ExampleDb.address_ward  (id, name, district_id, created_at) values (2411, 'Xã Vân Nham', 141, NOW());
insert into ExampleDb.address_ward  (id, name, district_id, created_at) values (2412, 'Xã Đồng Tiến', 141, NOW());
insert into ExampleDb.address_ward  (id, name, district_id, created_at) values (2413, 'Xã Tân Thành', 141, NOW());
insert into ExampleDb.address_ward  (id, name, district_id, created_at) values (2414, 'Xã Hòa Sơn', 141, NOW());
insert into ExampleDb.address_ward  (id, name, district_id, created_at) values (2415, 'Xã Minh Sơn', 141, NOW());
insert into ExampleDb.address_ward  (id, name, district_id, created_at) values (2416, 'Xã Hồ Sơn', 141, NOW());
insert into ExampleDb.address_ward  (id, name, district_id, created_at) values (2417, 'Xã Sơn Hà', 141, NOW());
insert into ExampleDb.address_ward  (id, name, district_id, created_at) values (2418, 'Xã Minh Hòa', 141, NOW());
insert into ExampleDb.address_ward  (id, name, district_id, created_at) values (2419, 'Xã Hòa Thắng', 141, NOW());
insert into ExampleDb.address_district  (id, name, province_id, created_at) values (142, 'Huyện Chi Lăng', 13, NOW());
insert into ExampleDb.address_ward  (id, name, district_id, created_at) values (2420, 'Thị trấn Đồng Mỏ', 142, NOW());
insert into ExampleDb.address_ward  (id, name, district_id, created_at) values (2421, 'Thị trấn Chi Lăng', 142, NOW());
insert into ExampleDb.address_ward  (id, name, district_id, created_at) values (2422, 'Xã Vân An', 142, NOW());
insert into ExampleDb.address_ward  (id, name, district_id, created_at) values (2423, 'Xã Vân Thủy', 142, NOW());
insert into ExampleDb.address_ward  (id, name, district_id, created_at) values (2424, 'Xã Gia Lộc', 142, NOW());
insert into ExampleDb.address_ward  (id, name, district_id, created_at) values (2425, 'Xã Bắc Thủy', 142, NOW());
insert into ExampleDb.address_ward  (id, name, district_id, created_at) values (2426, 'Xã Chiến Thắng', 142, NOW());
insert into ExampleDb.address_ward  (id, name, district_id, created_at) values (2427, 'Xã Mai Sao', 142, NOW());
insert into ExampleDb.address_ward  (id, name, district_id, created_at) values (2428, 'Xã Bằng Hữu', 142, NOW());
insert into ExampleDb.address_ward  (id, name, district_id, created_at) values (2429, 'Xã Thượng Cường', 142, NOW());
insert into ExampleDb.address_ward  (id, name, district_id, created_at) values (2430, 'Xã Bằng Mạc', 142, NOW());
insert into ExampleDb.address_ward  (id, name, district_id, created_at) values (2431, 'Xã Nhân Lý', 142, NOW());
insert into ExampleDb.address_ward  (id, name, district_id, created_at) values (2432, 'Xã Lâm Sơn', 142, NOW());
insert into ExampleDb.address_ward  (id, name, district_id, created_at) values (2433, 'Xã Liên Sơn', 142, NOW());
insert into ExampleDb.address_ward  (id, name, district_id, created_at) values (2434, 'Xã Vạn Linh', 142, NOW());
insert into ExampleDb.address_ward  (id, name, district_id, created_at) values (2435, 'Xã Hòa Bình', 142, NOW());
insert into ExampleDb.address_ward  (id, name, district_id, created_at) values (2436, 'Xã Hữu Kiên', 142, NOW());
insert into ExampleDb.address_ward  (id, name, district_id, created_at) values (2437, 'Xã Quan Sơn', 142, NOW());
insert into ExampleDb.address_ward  (id, name, district_id, created_at) values (2438, 'Xã Y Tịch', 142, NOW());
insert into ExampleDb.address_ward  (id, name, district_id, created_at) values (2439, 'Xã Chi Lăng', 142, NOW());
insert into ExampleDb.address_district  (id, name, province_id, created_at) values (143, 'Huyện Lộc Bình', 13, NOW());
insert into ExampleDb.address_ward  (id, name, district_id, created_at) values (2440, 'Thị trấn Na Dương', 143, NOW());
insert into ExampleDb.address_ward  (id, name, district_id, created_at) values (2441, 'Thị trấn Lộc Bình', 143, NOW());
insert into ExampleDb.address_ward  (id, name, district_id, created_at) values (2442, 'Xã Mẫu Sơn', 143, NOW());
insert into ExampleDb.address_ward  (id, name, district_id, created_at) values (2443, 'Xã Yên Khoái', 143, NOW());
insert into ExampleDb.address_ward  (id, name, district_id, created_at) values (2444, 'Xã Khánh Xuân', 143, NOW());
insert into ExampleDb.address_ward  (id, name, district_id, created_at) values (2445, 'Xã Tú Mịch', 143, NOW());
insert into ExampleDb.address_ward  (id, name, district_id, created_at) values (2446, 'Xã Hữu Khánh', 143, NOW());
insert into ExampleDb.address_ward  (id, name, district_id, created_at) values (2447, 'Xã Đồng Bục', 143, NOW());
insert into ExampleDb.address_ward  (id, name, district_id, created_at) values (2448, 'Xã Tam Gia', 143, NOW());
insert into ExampleDb.address_ward  (id, name, district_id, created_at) values (2449, 'Xã Tú Đoạn', 143, NOW());
insert into ExampleDb.address_ward  (id, name, district_id, created_at) values (2450, 'Xã Khuất Xá', 143, NOW());
insert into ExampleDb.address_ward  (id, name, district_id, created_at) values (2451, 'Xã Tĩnh Bắc', 143, NOW());
insert into ExampleDb.address_ward  (id, name, district_id, created_at) values (2452, 'Xã Thống Nhất', 143, NOW());
insert into ExampleDb.address_ward  (id, name, district_id, created_at) values (2453, 'Xã Sàn Viên', 143, NOW());
insert into ExampleDb.address_ward  (id, name, district_id, created_at) values (2454, 'Xã Đông Quan', 143, NOW());
insert into ExampleDb.address_ward  (id, name, district_id, created_at) values (2455, 'Xã Minh Hiệp', 143, NOW());
insert into ExampleDb.address_ward  (id, name, district_id, created_at) values (2456, 'Xã Hữu Lân', 143, NOW());
insert into ExampleDb.address_ward  (id, name, district_id, created_at) values (2457, 'Xã Lợi Bác', 143, NOW());
insert into ExampleDb.address_ward  (id, name, district_id, created_at) values (2458, 'Xã Nam Quan', 143, NOW());
insert into ExampleDb.address_ward  (id, name, district_id, created_at) values (2459, 'Xã Xuân Dương', 143, NOW());
insert into ExampleDb.address_ward  (id, name, district_id, created_at) values (2460, 'Xã Ái Quốc', 143, NOW());
insert into ExampleDb.address_district  (id, name, province_id, created_at) values (144, 'Huyện Đình Lập', 13, NOW());
insert into ExampleDb.address_ward  (id, name, district_id, created_at) values (2461, 'Thị trấn Đình Lập', 144, NOW());
insert into ExampleDb.address_ward  (id, name, district_id, created_at) values (2462, 'Thị trấn NT Thái Bình', 144, NOW());
insert into ExampleDb.address_ward  (id, name, district_id, created_at) values (2463, 'Xã Bắc Xa', 144, NOW());
insert into ExampleDb.address_ward  (id, name, district_id, created_at) values (2464, 'Xã Bính Xá', 144, NOW());
insert into ExampleDb.address_ward  (id, name, district_id, created_at) values (2465, 'Xã Kiên Mộc', 144, NOW());
insert into ExampleDb.address_ward  (id, name, district_id, created_at) values (2466, 'Xã Đình Lập', 144, NOW());
insert into ExampleDb.address_ward  (id, name, district_id, created_at) values (2467, 'Xã Thái Bình', 144, NOW());
insert into ExampleDb.address_ward  (id, name, district_id, created_at) values (2468, 'Xã Cường Lợi', 144, NOW());
insert into ExampleDb.address_ward  (id, name, district_id, created_at) values (2469, 'Xã Châu Sơn', 144, NOW());
insert into ExampleDb.address_ward  (id, name, district_id, created_at) values (2470, 'Xã Lâm Ca', 144, NOW());
insert into ExampleDb.address_ward  (id, name, district_id, created_at) values (2471, 'Xã Đồng Thắng', 144, NOW());
insert into ExampleDb.address_ward  (id, name, district_id, created_at) values (2472, 'Xã Bắc Lãng', 144, NOW());
insert into ExampleDb.address_province (id, name, created_at) values (14, 'Tỉnh Quảng Ninh', NOW());
insert into ExampleDb.address_district  (id, name, province_id, created_at) values (145, 'Thành phố Hạ Long', 14, NOW());
insert into ExampleDb.address_ward  (id, name, district_id, created_at) values (2473, 'Phường Hà Khánh', 145, NOW());
insert into ExampleDb.address_ward  (id, name, district_id, created_at) values (2474, 'Phường Hà Phong', 145, NOW());
insert into ExampleDb.address_ward  (id, name, district_id, created_at) values (2475, 'Phường Hà Khẩu', 145, NOW());
insert into ExampleDb.address_ward  (id, name, district_id, created_at) values (2476, 'Phường Cao Xanh', 145, NOW());
insert into ExampleDb.address_ward  (id, name, district_id, created_at) values (2477, 'Phường Giếng Đáy', 145, NOW());
insert into ExampleDb.address_ward  (id, name, district_id, created_at) values (2478, 'Phường Hà Tu', 145, NOW());
insert into ExampleDb.address_ward  (id, name, district_id, created_at) values (2479, 'Phường Hà Trung', 145, NOW());
insert into ExampleDb.address_ward  (id, name, district_id, created_at) values (2480, 'Phường Hà Lầm', 145, NOW());
insert into ExampleDb.address_ward  (id, name, district_id, created_at) values (2481, 'Phường Bãi Cháy', 145, NOW());
insert into ExampleDb.address_ward  (id, name, district_id, created_at) values (2482, 'Phường Cao Thắng', 145, NOW());
insert into ExampleDb.address_ward  (id, name, district_id, created_at) values (2483, 'Phường Hùng Thắng', 145, NOW());
insert into ExampleDb.address_ward  (id, name, district_id, created_at) values (2484, 'Phường Yết Kiêu', 145, NOW());
insert into ExampleDb.address_ward  (id, name, district_id, created_at) values (2485, 'Phường Trần Hưng Đạo', 145, NOW());
insert into ExampleDb.address_ward  (id, name, district_id, created_at) values (2486, 'Phường Hồng Hải', 145, NOW());
insert into ExampleDb.address_ward  (id, name, district_id, created_at) values (2487, 'Phường Hồng Gai', 145, NOW());
insert into ExampleDb.address_ward  (id, name, district_id, created_at) values (2488, 'Phường Bạch Đằng', 145, NOW());
insert into ExampleDb.address_ward  (id, name, district_id, created_at) values (2489, 'Phường Hồng Hà', 145, NOW());
insert into ExampleDb.address_ward  (id, name, district_id, created_at) values (2490, 'Phường Tuần Châu', 145, NOW());
insert into ExampleDb.address_ward  (id, name, district_id, created_at) values (2491, 'Phường Việt Hưng', 145, NOW());
insert into ExampleDb.address_ward  (id, name, district_id, created_at) values (2492, 'Phường Đại Yên', 145, NOW());
insert into ExampleDb.address_ward  (id, name, district_id, created_at) values (2493, 'Phường Hoành Bồ', 145, NOW());
insert into ExampleDb.address_ward  (id, name, district_id, created_at) values (2494, 'Xã Kỳ Thượng', 145, NOW());
insert into ExampleDb.address_ward  (id, name, district_id, created_at) values (2495, 'Xã Đồng Sơn', 145, NOW());
insert into ExampleDb.address_ward  (id, name, district_id, created_at) values (2496, 'Xã Tân Dân', 145, NOW());
insert into ExampleDb.address_ward  (id, name, district_id, created_at) values (2497, 'Xã Đồng Lâm', 145, NOW());
insert into ExampleDb.address_ward  (id, name, district_id, created_at) values (2498, 'Xã Hòa Bình', 145, NOW());
insert into ExampleDb.address_ward  (id, name, district_id, created_at) values (2499, 'Xã Vũ Oai', 145, NOW());
insert into ExampleDb.address_ward  (id, name, district_id, created_at) values (2500, 'Xã Dân Chủ', 145, NOW());
insert into ExampleDb.address_ward  (id, name, district_id, created_at) values (2501, 'Xã Quảng La', 145, NOW());
insert into ExampleDb.address_ward  (id, name, district_id, created_at) values (2502, 'Xã Bằng Cả', 145, NOW());
insert into ExampleDb.address_ward  (id, name, district_id, created_at) values (2503, 'Xã Thống Nhất', 145, NOW());
insert into ExampleDb.address_ward  (id, name, district_id, created_at) values (2504, 'Xã Sơn Dương', 145, NOW());
insert into ExampleDb.address_ward  (id, name, district_id, created_at) values (2505, 'Xã Lê Lợi', 145, NOW());
insert into ExampleDb.address_district  (id, name, province_id, created_at) values (146, 'Thành phố Móng Cái', 14, NOW());
insert into ExampleDb.address_ward  (id, name, district_id, created_at) values (2506, 'Phường Ka Long', 146, NOW());
insert into ExampleDb.address_ward  (id, name, district_id, created_at) values (2507, 'Phường Trần Phú', 146, NOW());
insert into ExampleDb.address_ward  (id, name, district_id, created_at) values (2508, 'Phường Ninh Dương', 146, NOW());
insert into ExampleDb.address_ward  (id, name, district_id, created_at) values (2509, 'Phường Hoà Lạc', 146, NOW());
insert into ExampleDb.address_ward  (id, name, district_id, created_at) values (2510, 'Phường Trà Cổ', 146, NOW());
insert into ExampleDb.address_ward  (id, name, district_id, created_at) values (2511, 'Xã Hải Sơn', 146, NOW());
insert into ExampleDb.address_ward  (id, name, district_id, created_at) values (2512, 'Xã Bắc Sơn', 146, NOW());
insert into ExampleDb.address_ward  (id, name, district_id, created_at) values (2513, 'Xã Hải Đông', 146, NOW());
insert into ExampleDb.address_ward  (id, name, district_id, created_at) values (2514, 'Xã Hải Tiến', 146, NOW());
insert into ExampleDb.address_ward  (id, name, district_id, created_at) values (2515, 'Phường Hải Yên', 146, NOW());
insert into ExampleDb.address_ward  (id, name, district_id, created_at) values (2516, 'Xã Quảng Nghĩa', 146, NOW());
insert into ExampleDb.address_ward  (id, name, district_id, created_at) values (2517, 'Phường Hải Hoà', 146, NOW());
insert into ExampleDb.address_ward  (id, name, district_id, created_at) values (2518, 'Xã Hải Xuân', 146, NOW());
insert into ExampleDb.address_ward  (id, name, district_id, created_at) values (2519, 'Xã Vạn Ninh', 146, NOW());
insert into ExampleDb.address_ward  (id, name, district_id, created_at) values (2520, 'Phường Bình Ngọc', 146, NOW());
insert into ExampleDb.address_ward  (id, name, district_id, created_at) values (2521, 'Xã Vĩnh Trung', 146, NOW());
insert into ExampleDb.address_ward  (id, name, district_id, created_at) values (2522, 'Xã Vĩnh Thực', 146, NOW());
insert into ExampleDb.address_district  (id, name, province_id, created_at) values (147, 'Thành phố Cẩm Phả', 14, NOW());
insert into ExampleDb.address_ward  (id, name, district_id, created_at) values (2523, 'Phường Mông Dương', 147, NOW());
insert into ExampleDb.address_ward  (id, name, district_id, created_at) values (2524, 'Phường Cửa Ông', 147, NOW());
insert into ExampleDb.address_ward  (id, name, district_id, created_at) values (2525, 'Phường Cẩm Sơn', 147, NOW());
insert into ExampleDb.address_ward  (id, name, district_id, created_at) values (2526, 'Phường Cẩm Đông', 147, NOW());
insert into ExampleDb.address_ward  (id, name, district_id, created_at) values (2527, 'Phường Cẩm Phú', 147, NOW());
insert into ExampleDb.address_ward  (id, name, district_id, created_at) values (2528, 'Phường Cẩm Tây', 147, NOW());
insert into ExampleDb.address_ward  (id, name, district_id, created_at) values (2529, 'Phường Quang Hanh', 147, NOW());
insert into ExampleDb.address_ward  (id, name, district_id, created_at) values (2530, 'Phường Cẩm Thịnh', 147, NOW());
insert into ExampleDb.address_ward  (id, name, district_id, created_at) values (2531, 'Phường Cẩm Thủy', 147, NOW());
insert into ExampleDb.address_ward  (id, name, district_id, created_at) values (2532, 'Phường Cẩm Thạch', 147, NOW());
insert into ExampleDb.address_ward  (id, name, district_id, created_at) values (2533, 'Phường Cẩm Thành', 147, NOW());
insert into ExampleDb.address_ward  (id, name, district_id, created_at) values (2534, 'Phường Cẩm Trung', 147, NOW());
insert into ExampleDb.address_ward  (id, name, district_id, created_at) values (2535, 'Phường Cẩm Bình', 147, NOW());
insert into ExampleDb.address_ward  (id, name, district_id, created_at) values (2536, 'Xã Cộng Hòa', 147, NOW());
insert into ExampleDb.address_ward  (id, name, district_id, created_at) values (2537, 'Xã Cẩm Hải', 147, NOW());
insert into ExampleDb.address_ward  (id, name, district_id, created_at) values (2538, 'Xã Dương Huy', 147, NOW());
insert into ExampleDb.address_district  (id, name, province_id, created_at) values (148, 'Thành phố Uông Bí', 14, NOW());
insert into ExampleDb.address_ward  (id, name, district_id, created_at) values (2539, 'Phường Vàng Danh', 148, NOW());
insert into ExampleDb.address_ward  (id, name, district_id, created_at) values (2540, 'Phường Thanh Sơn', 148, NOW());
insert into ExampleDb.address_ward  (id, name, district_id, created_at) values (2541, 'Phường Bắc Sơn', 148, NOW());
insert into ExampleDb.address_ward  (id, name, district_id, created_at) values (2542, 'Phường Quang Trung', 148, NOW());
insert into ExampleDb.address_ward  (id, name, district_id, created_at) values (2543, 'Phường Trưng Vương', 148, NOW());
insert into ExampleDb.address_ward  (id, name, district_id, created_at) values (2544, 'Phường Nam Khê', 148, NOW());
insert into ExampleDb.address_ward  (id, name, district_id, created_at) values (2545, 'Phường Yên Thanh', 148, NOW());
insert into ExampleDb.address_ward  (id, name, district_id, created_at) values (2546, 'Xã Thượng Yên Công', 148, NOW());
insert into ExampleDb.address_ward  (id, name, district_id, created_at) values (2547, 'Phường Phương Đông', 148, NOW());
insert into ExampleDb.address_ward  (id, name, district_id, created_at) values (2548, 'Phường Phương Nam', 148, NOW());
insert into ExampleDb.address_district  (id, name, province_id, created_at) values (149, 'Huyện Bình Liêu', 14, NOW());
insert into ExampleDb.address_ward  (id, name, district_id, created_at) values (2549, 'Thị trấn Bình Liêu', 149, NOW());
insert into ExampleDb.address_ward  (id, name, district_id, created_at) values (2550, 'Xã Hoành Mô', 149, NOW());
insert into ExampleDb.address_ward  (id, name, district_id, created_at) values (2551, 'Xã Đồng Tâm', 149, NOW());
insert into ExampleDb.address_ward  (id, name, district_id, created_at) values (2552, 'Xã Đồng Văn', 149, NOW());
insert into ExampleDb.address_ward  (id, name, district_id, created_at) values (2553, 'Xã Vô Ngại', 149, NOW());
insert into ExampleDb.address_ward  (id, name, district_id, created_at) values (2554, 'Xã Lục Hồn', 149, NOW());
insert into ExampleDb.address_ward  (id, name, district_id, created_at) values (2555, 'Xã Húc Động', 149, NOW());
insert into ExampleDb.address_district  (id, name, province_id, created_at) values (150, 'Huyện Tiên Yên', 14, NOW());
insert into ExampleDb.address_ward  (id, name, district_id, created_at) values (2556, 'Thị trấn Tiên Yên', 150, NOW());
insert into ExampleDb.address_ward  (id, name, district_id, created_at) values (2557, 'Xã Hà Lâu', 150, NOW());
insert into ExampleDb.address_ward  (id, name, district_id, created_at) values (2558, 'Xã Đại Dực', 150, NOW());
insert into ExampleDb.address_ward  (id, name, district_id, created_at) values (2559, 'Xã Phong Dụ', 150, NOW());
insert into ExampleDb.address_ward  (id, name, district_id, created_at) values (2560, 'Xã Điền Xá', 150, NOW());
insert into ExampleDb.address_ward  (id, name, district_id, created_at) values (2561, 'Xã Đông Ngũ', 150, NOW());
insert into ExampleDb.address_ward  (id, name, district_id, created_at) values (2562, 'Xã Yên Than', 150, NOW());
insert into ExampleDb.address_ward  (id, name, district_id, created_at) values (2563, 'Xã Đông Hải', 150, NOW());
insert into ExampleDb.address_ward  (id, name, district_id, created_at) values (2564, 'Xã Hải Lạng', 150, NOW());
insert into ExampleDb.address_ward  (id, name, district_id, created_at) values (2565, 'Xã Tiên Lãng', 150, NOW());
insert into ExampleDb.address_ward  (id, name, district_id, created_at) values (2566, 'Xã Đồng Rui', 150, NOW());
insert into ExampleDb.address_district  (id, name, province_id, created_at) values (151, 'Huyện Đầm Hà', 14, NOW());
insert into ExampleDb.address_ward  (id, name, district_id, created_at) values (2567, 'Thị trấn Đầm Hà', 151, NOW());
insert into ExampleDb.address_ward  (id, name, district_id, created_at) values (2568, 'Xã Quảng Lâm', 151, NOW());
insert into ExampleDb.address_ward  (id, name, district_id, created_at) values (2569, 'Xã Quảng An', 151, NOW());
insert into ExampleDb.address_ward  (id, name, district_id, created_at) values (2570, 'Xã Tân Bình', 151, NOW());
insert into ExampleDb.address_ward  (id, name, district_id, created_at) values (2571, 'Xã Dực Yên', 151, NOW());
insert into ExampleDb.address_ward  (id, name, district_id, created_at) values (2572, 'Xã Quảng Tân', 151, NOW());
insert into ExampleDb.address_ward  (id, name, district_id, created_at) values (2573, 'Xã Đầm Hà', 151, NOW());
insert into ExampleDb.address_ward  (id, name, district_id, created_at) values (2574, 'Xã Tân Lập', 151, NOW());
insert into ExampleDb.address_ward  (id, name, district_id, created_at) values (2575, 'Xã Đại Bình', 151, NOW());
insert into ExampleDb.address_district  (id, name, province_id, created_at) values (152, 'Huyện Hải Hà', 14, NOW());
insert into ExampleDb.address_ward  (id, name, district_id, created_at) values (2576, 'Thị trấn Quảng Hà', 152, NOW());
insert into ExampleDb.address_ward  (id, name, district_id, created_at) values (2577, 'Xã Quảng Đức', 152, NOW());
insert into ExampleDb.address_ward  (id, name, district_id, created_at) values (2578, 'Xã Quảng Sơn', 152, NOW());
insert into ExampleDb.address_ward  (id, name, district_id, created_at) values (2579, 'Xã Quảng Thành', 152, NOW());
insert into ExampleDb.address_ward  (id, name, district_id, created_at) values (2580, 'Xã Quảng Thịnh', 152, NOW());
insert into ExampleDb.address_ward  (id, name, district_id, created_at) values (2581, 'Xã Quảng Minh', 152, NOW());
insert into ExampleDb.address_ward  (id, name, district_id, created_at) values (2582, 'Xã Quảng Chính', 152, NOW());
insert into ExampleDb.address_ward  (id, name, district_id, created_at) values (2583, 'Xã Quảng Long', 152, NOW());
insert into ExampleDb.address_ward  (id, name, district_id, created_at) values (2584, 'Xã Đường Hoa', 152, NOW());
insert into ExampleDb.address_ward  (id, name, district_id, created_at) values (2585, 'Xã Quảng Phong', 152, NOW());
insert into ExampleDb.address_ward  (id, name, district_id, created_at) values (2586, 'Xã Cái Chiên', 152, NOW());
insert into ExampleDb.address_district  (id, name, province_id, created_at) values (153, 'Huyện Ba Chẽ', 14, NOW());
insert into ExampleDb.address_ward  (id, name, district_id, created_at) values (2587, 'Thị trấn Ba Chẽ', 153, NOW());
insert into ExampleDb.address_ward  (id, name, district_id, created_at) values (2588, 'Xã Thanh Sơn', 153, NOW());
insert into ExampleDb.address_ward  (id, name, district_id, created_at) values (2589, 'Xã Thanh Lâm', 153, NOW());
insert into ExampleDb.address_ward  (id, name, district_id, created_at) values (2590, 'Xã Đạp Thanh', 153, NOW());
insert into ExampleDb.address_ward  (id, name, district_id, created_at) values (2591, 'Xã Nam Sơn', 153, NOW());
insert into ExampleDb.address_ward  (id, name, district_id, created_at) values (2592, 'Xã Lương Mông', 153, NOW());
insert into ExampleDb.address_ward  (id, name, district_id, created_at) values (2593, 'Xã Đồn Đạc', 153, NOW());
insert into ExampleDb.address_ward  (id, name, district_id, created_at) values (2594, 'Xã Minh Cầm', 153, NOW());
insert into ExampleDb.address_district  (id, name, province_id, created_at) values (154, 'Huyện Vân Đồn', 14, NOW());
insert into ExampleDb.address_ward  (id, name, district_id, created_at) values (2595, 'Thị trấn Cái Rồng', 154, NOW());
insert into ExampleDb.address_ward  (id, name, district_id, created_at) values (2596, 'Xã Đài Xuyên', 154, NOW());
insert into ExampleDb.address_ward  (id, name, district_id, created_at) values (2597, 'Xã Bình Dân', 154, NOW());
insert into ExampleDb.address_ward  (id, name, district_id, created_at) values (2598, 'Xã Vạn Yên', 154, NOW());
insert into ExampleDb.address_ward  (id, name, district_id, created_at) values (2599, 'Xã Minh Châu', 154, NOW());
insert into ExampleDb.address_ward  (id, name, district_id, created_at) values (2600, 'Xã Đoàn Kết', 154, NOW());
insert into ExampleDb.address_ward  (id, name, district_id, created_at) values (2601, 'Xã Hạ Long', 154, NOW());
insert into ExampleDb.address_ward  (id, name, district_id, created_at) values (2602, 'Xã Đông Xá', 154, NOW());
insert into ExampleDb.address_ward  (id, name, district_id, created_at) values (2603, 'Xã Bản Sen', 154, NOW());
insert into ExampleDb.address_ward  (id, name, district_id, created_at) values (2604, 'Xã Thắng Lợi', 154, NOW());
insert into ExampleDb.address_ward  (id, name, district_id, created_at) values (2605, 'Xã Quan Lạn', 154, NOW());
insert into ExampleDb.address_ward  (id, name, district_id, created_at) values (2606, 'Xã Ngọc Vừng', 154, NOW());
insert into ExampleDb.address_district  (id, name, province_id, created_at) values (155, 'Thị xã Đông Triều', 14, NOW());
insert into ExampleDb.address_ward  (id, name, district_id, created_at) values (2607, 'Phường Mạo Khê', 155, NOW());
insert into ExampleDb.address_ward  (id, name, district_id, created_at) values (2608, 'Phường Đông Triều', 155, NOW());
insert into ExampleDb.address_ward  (id, name, district_id, created_at) values (2609, 'Xã An Sinh', 155, NOW());
insert into ExampleDb.address_ward  (id, name, district_id, created_at) values (2610, 'Xã Tràng Lương', 155, NOW());
insert into ExampleDb.address_ward  (id, name, district_id, created_at) values (2611, 'Xã Bình Khê', 155, NOW());
insert into ExampleDb.address_ward  (id, name, district_id, created_at) values (2612, 'Xã Việt Dân', 155, NOW());
insert into ExampleDb.address_ward  (id, name, district_id, created_at) values (2613, 'Xã Tân Việt', 155, NOW());
insert into ExampleDb.address_ward  (id, name, district_id, created_at) values (2614, 'Xã Bình Dương', 155, NOW());
insert into ExampleDb.address_ward  (id, name, district_id, created_at) values (2615, 'Phường Đức Chính', 155, NOW());
insert into ExampleDb.address_ward  (id, name, district_id, created_at) values (2616, 'Phường Tràng An', 155, NOW());
insert into ExampleDb.address_ward  (id, name, district_id, created_at) values (2617, 'Xã Nguyễn Huệ', 155, NOW());
insert into ExampleDb.address_ward  (id, name, district_id, created_at) values (2618, 'Xã Thủy An', 155, NOW());
insert into ExampleDb.address_ward  (id, name, district_id, created_at) values (2619, 'Phường Xuân Sơn', 155, NOW());
insert into ExampleDb.address_ward  (id, name, district_id, created_at) values (2620, 'Xã Hồng Thái Tây', 155, NOW());
insert into ExampleDb.address_ward  (id, name, district_id, created_at) values (2621, 'Xã Hồng Thái Đông', 155, NOW());
insert into ExampleDb.address_ward  (id, name, district_id, created_at) values (2622, 'Phường Hoàng Quế', 155, NOW());
insert into ExampleDb.address_ward  (id, name, district_id, created_at) values (2623, 'Phường Yên Thọ', 155, NOW());
insert into ExampleDb.address_ward  (id, name, district_id, created_at) values (2624, 'Phường Hồng Phong', 155, NOW());
insert into ExampleDb.address_ward  (id, name, district_id, created_at) values (2625, 'Phường Kim Sơn', 155, NOW());
insert into ExampleDb.address_ward  (id, name, district_id, created_at) values (2626, 'Phường Hưng Đạo', 155, NOW());
insert into ExampleDb.address_ward  (id, name, district_id, created_at) values (2627, 'Xã Yên Đức', 155, NOW());
insert into ExampleDb.address_district  (id, name, province_id, created_at) values (156, 'Thị xã Quảng Yên', 14, NOW());
insert into ExampleDb.address_ward  (id, name, district_id, created_at) values (2628, 'Phường Quảng Yên', 156, NOW());
insert into ExampleDb.address_ward  (id, name, district_id, created_at) values (2629, 'Phường Đông Mai', 156, NOW());
insert into ExampleDb.address_ward  (id, name, district_id, created_at) values (2630, 'Phường Minh Thành', 156, NOW());
insert into ExampleDb.address_ward  (id, name, district_id, created_at) values (2631, 'Xã Sông Khoai', 156, NOW());
insert into ExampleDb.address_ward  (id, name, district_id, created_at) values (2632, 'Xã Hiệp Hòa', 156, NOW());
insert into ExampleDb.address_ward  (id, name, district_id, created_at) values (2633, 'Phường Cộng Hòa', 156, NOW());
insert into ExampleDb.address_ward  (id, name, district_id, created_at) values (2634, 'Xã Tiền An', 156, NOW());
insert into ExampleDb.address_ward  (id, name, district_id, created_at) values (2635, 'Xã Hoàng Tân', 156, NOW());
insert into ExampleDb.address_ward  (id, name, district_id, created_at) values (2636, 'Phường Tân An', 156, NOW());
insert into ExampleDb.address_ward  (id, name, district_id, created_at) values (2637, 'Phường Yên Giang', 156, NOW());
insert into ExampleDb.address_ward  (id, name, district_id, created_at) values (2638, 'Phường Nam Hoà', 156, NOW());
insert into ExampleDb.address_ward  (id, name, district_id, created_at) values (2639, 'Phường Hà An', 156, NOW());
insert into ExampleDb.address_ward  (id, name, district_id, created_at) values (2640, 'Xã Cẩm La', 156, NOW());
insert into ExampleDb.address_ward  (id, name, district_id, created_at) values (2641, 'Phường Phong Hải', 156, NOW());
insert into ExampleDb.address_ward  (id, name, district_id, created_at) values (2642, 'Phường Yên Hải', 156, NOW());
insert into ExampleDb.address_ward  (id, name, district_id, created_at) values (2643, 'Xã Liên Hòa', 156, NOW());
insert into ExampleDb.address_ward  (id, name, district_id, created_at) values (2644, 'Phường Phong Cốc', 156, NOW());
insert into ExampleDb.address_ward  (id, name, district_id, created_at) values (2645, 'Xã Liên Vị', 156, NOW());
insert into ExampleDb.address_ward  (id, name, district_id, created_at) values (2646, 'Xã Tiền Phong', 156, NOW());
insert into ExampleDb.address_district  (id, name, province_id, created_at) values (157, 'Huyện Cô Tô', 14, NOW());
insert into ExampleDb.address_ward  (id, name, district_id, created_at) values (2647, 'Thị trấn Cô Tô', 157, NOW());
insert into ExampleDb.address_ward  (id, name, district_id, created_at) values (2648, 'Xã Đồng Tiến', 157, NOW());
insert into ExampleDb.address_ward  (id, name, district_id, created_at) values (2649, 'Xã Thanh Lân', 157, NOW());
insert into ExampleDb.address_province (id, name, created_at) values (15, 'Tỉnh Bắc Giang', NOW());
insert into ExampleDb.address_district  (id, name, province_id, created_at) values (158, 'Thành phố Bắc Giang', 15, NOW());
insert into ExampleDb.address_ward  (id, name, district_id, created_at) values (2650, 'Phường Thọ Xương', 158, NOW());
insert into ExampleDb.address_ward  (id, name, district_id, created_at) values (2651, 'Phường Trần Nguyên Hãn', 158, NOW());
insert into ExampleDb.address_ward  (id, name, district_id, created_at) values (2652, 'Phường Ngô Quyền', 158, NOW());
insert into ExampleDb.address_ward  (id, name, district_id, created_at) values (2653, 'Phường Hoàng Văn Thụ', 158, NOW());
insert into ExampleDb.address_ward  (id, name, district_id, created_at) values (2654, 'Phường Trần Phú', 158, NOW());
insert into ExampleDb.address_ward  (id, name, district_id, created_at) values (2655, 'Phường Mỹ Độ', 158, NOW());
insert into ExampleDb.address_ward  (id, name, district_id, created_at) values (2656, 'Phường Lê Lợi', 158, NOW());
insert into ExampleDb.address_ward  (id, name, district_id, created_at) values (2657, 'Xã Song Mai', 158, NOW());
insert into ExampleDb.address_ward  (id, name, district_id, created_at) values (2658, 'Phường Xương Giang', 158, NOW());
insert into ExampleDb.address_ward  (id, name, district_id, created_at) values (2659, 'Phường Đa Mai', 158, NOW());
insert into ExampleDb.address_ward  (id, name, district_id, created_at) values (2660, 'Phường Dĩnh Kế', 158, NOW());
insert into ExampleDb.address_ward  (id, name, district_id, created_at) values (2661, 'Xã Dĩnh Trì', 158, NOW());
insert into ExampleDb.address_ward  (id, name, district_id, created_at) values (2662, 'Xã Tân Mỹ', 158, NOW());
insert into ExampleDb.address_ward  (id, name, district_id, created_at) values (2663, 'Xã Đồng Sơn', 158, NOW());
insert into ExampleDb.address_ward  (id, name, district_id, created_at) values (2664, 'Xã Tân Tiến', 158, NOW());
insert into ExampleDb.address_ward  (id, name, district_id, created_at) values (2665, 'Xã Song Khê', 158, NOW());
insert into ExampleDb.address_district  (id, name, province_id, created_at) values (159, 'Huyện Yên Thế', 15, NOW());
insert into ExampleDb.address_ward  (id, name, district_id, created_at) values (2666, 'Xã Đồng Tiến', 159, NOW());
insert into ExampleDb.address_ward  (id, name, district_id, created_at) values (2667, 'Xã Canh Nậu', 159, NOW());
insert into ExampleDb.address_ward  (id, name, district_id, created_at) values (2668, 'Xã Xuân Lương', 159, NOW());
insert into ExampleDb.address_ward  (id, name, district_id, created_at) values (2669, 'Xã Tam Tiến', 159, NOW());
insert into ExampleDb.address_ward  (id, name, district_id, created_at) values (2670, 'Xã Đồng Vương', 159, NOW());
insert into ExampleDb.address_ward  (id, name, district_id, created_at) values (2671, 'Xã Đồng Hưu', 159, NOW());
insert into ExampleDb.address_ward  (id, name, district_id, created_at) values (2672, 'Xã Đồng Tâm', 159, NOW());
insert into ExampleDb.address_ward  (id, name, district_id, created_at) values (2673, 'Xã Tam Hiệp', 159, NOW());
insert into ExampleDb.address_ward  (id, name, district_id, created_at) values (2674, 'Xã Tiến Thắng', 159, NOW());
insert into ExampleDb.address_ward  (id, name, district_id, created_at) values (2675, 'Xã Hồng Kỳ', 159, NOW());
insert into ExampleDb.address_ward  (id, name, district_id, created_at) values (2676, 'Xã Đồng Lạc', 159, NOW());
insert into ExampleDb.address_ward  (id, name, district_id, created_at) values (2677, 'Xã Đông Sơn', 159, NOW());
insert into ExampleDb.address_ward  (id, name, district_id, created_at) values (2678, 'Xã Tân Hiệp', 159, NOW());
insert into ExampleDb.address_ward  (id, name, district_id, created_at) values (2679, 'Xã Hương Vĩ', 159, NOW());
insert into ExampleDb.address_ward  (id, name, district_id, created_at) values (2680, 'Xã Đồng Kỳ', 159, NOW());
insert into ExampleDb.address_ward  (id, name, district_id, created_at) values (2681, 'Xã An Thượng', 159, NOW());
insert into ExampleDb.address_ward  (id, name, district_id, created_at) values (2682, 'Thị trấn Phồn Xương', 159, NOW());
insert into ExampleDb.address_ward  (id, name, district_id, created_at) values (2683, 'Xã Tân Sỏi', 159, NOW());
insert into ExampleDb.address_ward  (id, name, district_id, created_at) values (2684, 'Thị trấn Bố Hạ', 159, NOW());
insert into ExampleDb.address_district  (id, name, province_id, created_at) values (160, 'Huyện Tân Yên', 15, NOW());
insert into ExampleDb.address_ward  (id, name, district_id, created_at) values (2685, 'Xã Lan Giới', 160, NOW());
insert into ExampleDb.address_ward  (id, name, district_id, created_at) values (2686, 'Thị trấn Nhã Nam', 160, NOW());
insert into ExampleDb.address_ward  (id, name, district_id, created_at) values (2687, 'Xã Tân Trung', 160, NOW());
insert into ExampleDb.address_ward  (id, name, district_id, created_at) values (2688, 'Xã Đại Hóa', 160, NOW());
insert into ExampleDb.address_ward  (id, name, district_id, created_at) values (2689, 'Xã Quang Tiến', 160, NOW());
insert into ExampleDb.address_ward  (id, name, district_id, created_at) values (2690, 'Xã Phúc Sơn', 160, NOW());
insert into ExampleDb.address_ward  (id, name, district_id, created_at) values (2691, 'Xã An Dương', 160, NOW());
insert into ExampleDb.address_ward  (id, name, district_id, created_at) values (2692, 'Xã Phúc Hòa', 160, NOW());
insert into ExampleDb.address_ward  (id, name, district_id, created_at) values (2693, 'Xã Liên Sơn', 160, NOW());
insert into ExampleDb.address_ward  (id, name, district_id, created_at) values (2694, 'Xã Hợp Đức', 160, NOW());
insert into ExampleDb.address_ward  (id, name, district_id, created_at) values (2695, 'Xã Lam Cốt', 160, NOW());
insert into ExampleDb.address_ward  (id, name, district_id, created_at) values (2696, 'Xã Cao Xá', 160, NOW());
insert into ExampleDb.address_ward  (id, name, district_id, created_at) values (2697, 'Thị trấn Cao Thượng', 160, NOW());
insert into ExampleDb.address_ward  (id, name, district_id, created_at) values (2698, 'Xã Việt Ngọc', 160, NOW());
insert into ExampleDb.address_ward  (id, name, district_id, created_at) values (2699, 'Xã Song Vân', 160, NOW());
insert into ExampleDb.address_ward  (id, name, district_id, created_at) values (2700, 'Xã Ngọc Châu', 160, NOW());
insert into ExampleDb.address_ward  (id, name, district_id, created_at) values (2701, 'Xã Ngọc Vân', 160, NOW());
insert into ExampleDb.address_ward  (id, name, district_id, created_at) values (2702, 'Xã Việt Lập', 160, NOW());
insert into ExampleDb.address_ward  (id, name, district_id, created_at) values (2703, 'Xã Liên Chung', 160, NOW());
insert into ExampleDb.address_ward  (id, name, district_id, created_at) values (2704, 'Xã Ngọc Thiện', 160, NOW());
insert into ExampleDb.address_ward  (id, name, district_id, created_at) values (2705, 'Xã Ngọc Lý', 160, NOW());
insert into ExampleDb.address_ward  (id, name, district_id, created_at) values (2706, 'Xã Quế Nham', 160, NOW());
insert into ExampleDb.address_district  (id, name, province_id, created_at) values (161, 'Huyện Lạng Giang', 15, NOW());
insert into ExampleDb.address_ward  (id, name, district_id, created_at) values (2707, 'Thị trấn Vôi', 161, NOW());
insert into ExampleDb.address_ward  (id, name, district_id, created_at) values (2708, 'Xã Nghĩa Hòa', 161, NOW());
insert into ExampleDb.address_ward  (id, name, district_id, created_at) values (2709, 'Xã Nghĩa Hưng', 161, NOW());
insert into ExampleDb.address_ward  (id, name, district_id, created_at) values (2710, 'Xã Quang Thịnh', 161, NOW());
insert into ExampleDb.address_ward  (id, name, district_id, created_at) values (2711, 'Xã Hương Sơn', 161, NOW());
insert into ExampleDb.address_ward  (id, name, district_id, created_at) values (2712, 'Xã Đào Mỹ', 161, NOW());
insert into ExampleDb.address_ward  (id, name, district_id, created_at) values (2713, 'Xã Tiên Lục', 161, NOW());
insert into ExampleDb.address_ward  (id, name, district_id, created_at) values (2714, 'Xã An Hà', 161, NOW());
insert into ExampleDb.address_ward  (id, name, district_id, created_at) values (2715, 'Thị trấn Kép', 161, NOW());
insert into ExampleDb.address_ward  (id, name, district_id, created_at) values (2716, 'Xã Mỹ Hà', 161, NOW());
insert into ExampleDb.address_ward  (id, name, district_id, created_at) values (2717, 'Xã Hương Lạc', 161, NOW());
insert into ExampleDb.address_ward  (id, name, district_id, created_at) values (2718, 'Xã Dương Đức', 161, NOW());
insert into ExampleDb.address_ward  (id, name, district_id, created_at) values (2719, 'Xã Tân Thanh', 161, NOW());
insert into ExampleDb.address_ward  (id, name, district_id, created_at) values (2720, 'Xã Yên Mỹ', 161, NOW());
insert into ExampleDb.address_ward  (id, name, district_id, created_at) values (2721, 'Xã Tân Hưng', 161, NOW());
insert into ExampleDb.address_ward  (id, name, district_id, created_at) values (2722, 'Xã Mỹ Thái', 161, NOW());
insert into ExampleDb.address_ward  (id, name, district_id, created_at) values (2723, 'Xã Xương Lâm', 161, NOW());
insert into ExampleDb.address_ward  (id, name, district_id, created_at) values (2724, 'Xã Xuân Hương', 161, NOW());
insert into ExampleDb.address_ward  (id, name, district_id, created_at) values (2725, 'Xã Tân Dĩnh', 161, NOW());
insert into ExampleDb.address_ward  (id, name, district_id, created_at) values (2726, 'Xã Đại Lâm', 161, NOW());
insert into ExampleDb.address_ward  (id, name, district_id, created_at) values (2727, 'Xã Thái Đào', 161, NOW());
insert into ExampleDb.address_district  (id, name, province_id, created_at) values (162, 'Huyện Lục Nam', 15, NOW());
insert into ExampleDb.address_ward  (id, name, district_id, created_at) values (2728, 'Thị trấn Đồi Ngô', 162, NOW());
insert into ExampleDb.address_ward  (id, name, district_id, created_at) values (2729, 'Xã Đông Hưng', 162, NOW());
insert into ExampleDb.address_ward  (id, name, district_id, created_at) values (2730, 'Xã Đông Phú', 162, NOW());
insert into ExampleDb.address_ward  (id, name, district_id, created_at) values (2731, 'Xã Tam Dị', 162, NOW());
insert into ExampleDb.address_ward  (id, name, district_id, created_at) values (2732, 'Xã Bảo Sơn', 162, NOW());
insert into ExampleDb.address_ward  (id, name, district_id, created_at) values (2733, 'Xã Bảo Đài', 162, NOW());
insert into ExampleDb.address_ward  (id, name, district_id, created_at) values (2734, 'Xã Thanh Lâm', 162, NOW());
insert into ExampleDb.address_ward  (id, name, district_id, created_at) values (2735, 'Xã Tiên Nha', 162, NOW());
insert into ExampleDb.address_ward  (id, name, district_id, created_at) values (2736, 'Xã Trường Giang', 162, NOW());
insert into ExampleDb.address_ward  (id, name, district_id, created_at) values (2737, 'Xã Phương Sơn', 162, NOW());
insert into ExampleDb.address_ward  (id, name, district_id, created_at) values (2738, 'Xã Chu Điện', 162, NOW());
insert into ExampleDb.address_ward  (id, name, district_id, created_at) values (2739, 'Xã Cương Sơn', 162, NOW());
insert into ExampleDb.address_ward  (id, name, district_id, created_at) values (2740, 'Xã Nghĩa Phương', 162, NOW());
insert into ExampleDb.address_ward  (id, name, district_id, created_at) values (2741, 'Xã Vô Tranh', 162, NOW());
insert into ExampleDb.address_ward  (id, name, district_id, created_at) values (2742, 'Xã Bình Sơn', 162, NOW());
insert into ExampleDb.address_ward  (id, name, district_id, created_at) values (2743, 'Xã Lan Mẫu', 162, NOW());
insert into ExampleDb.address_ward  (id, name, district_id, created_at) values (2744, 'Xã Yên Sơn', 162, NOW());
insert into ExampleDb.address_ward  (id, name, district_id, created_at) values (2745, 'Xã Khám Lạng', 162, NOW());
insert into ExampleDb.address_ward  (id, name, district_id, created_at) values (2746, 'Xã Huyền Sơn', 162, NOW());
insert into ExampleDb.address_ward  (id, name, district_id, created_at) values (2747, 'Xã Trường Sơn', 162, NOW());
insert into ExampleDb.address_ward  (id, name, district_id, created_at) values (2748, 'Xã Lục Sơn', 162, NOW());
insert into ExampleDb.address_ward  (id, name, district_id, created_at) values (2749, 'Xã Bắc Lũng', 162, NOW());
insert into ExampleDb.address_ward  (id, name, district_id, created_at) values (2750, 'Xã Vũ Xá', 162, NOW());
insert into ExampleDb.address_ward  (id, name, district_id, created_at) values (2751, 'Xã Cẩm Lý', 162, NOW());
insert into ExampleDb.address_ward  (id, name, district_id, created_at) values (2752, 'Xã Đan Hội', 162, NOW());
insert into ExampleDb.address_district  (id, name, province_id, created_at) values (163, 'Huyện Lục Ngạn', 15, NOW());
insert into ExampleDb.address_ward  (id, name, district_id, created_at) values (2753, 'Thị trấn Chũ', 163, NOW());
insert into ExampleDb.address_ward  (id, name, district_id, created_at) values (2754, 'Xã Cấm Sơn', 163, NOW());
insert into ExampleDb.address_ward  (id, name, district_id, created_at) values (2755, 'Xã Tân Sơn', 163, NOW());
insert into ExampleDb.address_ward  (id, name, district_id, created_at) values (2756, 'Xã Phong Minh', 163, NOW());
insert into ExampleDb.address_ward  (id, name, district_id, created_at) values (2757, 'Xã Phong Vân', 163, NOW());
insert into ExampleDb.address_ward  (id, name, district_id, created_at) values (2758, 'Xã Xa Lý', 163, NOW());
insert into ExampleDb.address_ward  (id, name, district_id, created_at) values (2759, 'Xã Hộ Đáp', 163, NOW());
insert into ExampleDb.address_ward  (id, name, district_id, created_at) values (2760, 'Xã Sơn Hải', 163, NOW());
insert into ExampleDb.address_ward  (id, name, district_id, created_at) values (2761, 'Xã Thanh Hải', 163, NOW());
insert into ExampleDb.address_ward  (id, name, district_id, created_at) values (2762, 'Xã Kiên Lao', 163, NOW());
insert into ExampleDb.address_ward  (id, name, district_id, created_at) values (2763, 'Xã Biên Sơn', 163, NOW());
insert into ExampleDb.address_ward  (id, name, district_id, created_at) values (2764, 'Xã Kiên Thành', 163, NOW());
insert into ExampleDb.address_ward  (id, name, district_id, created_at) values (2765, 'Xã Hồng Giang', 163, NOW());
insert into ExampleDb.address_ward  (id, name, district_id, created_at) values (2766, 'Xã Kim Sơn', 163, NOW());
insert into ExampleDb.address_ward  (id, name, district_id, created_at) values (2767, 'Xã Tân Hoa', 163, NOW());
insert into ExampleDb.address_ward  (id, name, district_id, created_at) values (2768, 'Xã Giáp Sơn', 163, NOW());
insert into ExampleDb.address_ward  (id, name, district_id, created_at) values (2769, 'Xã Biển Động', 163, NOW());
insert into ExampleDb.address_ward  (id, name, district_id, created_at) values (2770, 'Xã Quý Sơn', 163, NOW());
insert into ExampleDb.address_ward  (id, name, district_id, created_at) values (2771, 'Xã Trù Hựu', 163, NOW());
insert into ExampleDb.address_ward  (id, name, district_id, created_at) values (2772, 'Xã Phì Điền', 163, NOW());
insert into ExampleDb.address_ward  (id, name, district_id, created_at) values (2773, 'Xã Tân Quang', 163, NOW());
insert into ExampleDb.address_ward  (id, name, district_id, created_at) values (2774, 'Xã Đồng Cốc', 163, NOW());
insert into ExampleDb.address_ward  (id, name, district_id, created_at) values (2775, 'Xã Tân Lập', 163, NOW());
insert into ExampleDb.address_ward  (id, name, district_id, created_at) values (2776, 'Xã Phú Nhuận', 163, NOW());
insert into ExampleDb.address_ward  (id, name, district_id, created_at) values (2777, 'Xã Mỹ An', 163, NOW());
insert into ExampleDb.address_ward  (id, name, district_id, created_at) values (2778, 'Xã Nam Dương', 163, NOW());
insert into ExampleDb.address_ward  (id, name, district_id, created_at) values (2779, 'Xã Tân Mộc', 163, NOW());
insert into ExampleDb.address_ward  (id, name, district_id, created_at) values (2780, 'Xã Đèo Gia', 163, NOW());
insert into ExampleDb.address_ward  (id, name, district_id, created_at) values (2781, 'Xã Phượng Sơn', 163, NOW());
insert into ExampleDb.address_district  (id, name, province_id, created_at) values (164, 'Huyện Sơn Động', 15, NOW());
insert into ExampleDb.address_ward  (id, name, district_id, created_at) values (2782, 'Thị trấn An Châu', 164, NOW());
insert into ExampleDb.address_ward  (id, name, district_id, created_at) values (2783, 'Thị trấn Tây Yên Tử', 164, NOW());
insert into ExampleDb.address_ward  (id, name, district_id, created_at) values (2784, 'Xã Vân Sơn', 164, NOW());
insert into ExampleDb.address_ward  (id, name, district_id, created_at) values (2785, 'Xã Hữu Sản', 164, NOW());
insert into ExampleDb.address_ward  (id, name, district_id, created_at) values (2786, 'Xã Đại Sơn', 164, NOW());
insert into ExampleDb.address_ward  (id, name, district_id, created_at) values (2787, 'Xã Phúc Sơn', 164, NOW());
insert into ExampleDb.address_ward  (id, name, district_id, created_at) values (2788, 'Xã Giáo Liêm', 164, NOW());
insert into ExampleDb.address_ward  (id, name, district_id, created_at) values (2789, 'Xã Cẩm Đàn', 164, NOW());
insert into ExampleDb.address_ward  (id, name, district_id, created_at) values (2790, 'Xã An Lạc', 164, NOW());
insert into ExampleDb.address_ward  (id, name, district_id, created_at) values (2791, 'Xã Vĩnh An', 164, NOW());
insert into ExampleDb.address_ward  (id, name, district_id, created_at) values (2792, 'Xã Yên Định', 164, NOW());
insert into ExampleDb.address_ward  (id, name, district_id, created_at) values (2793, 'Xã Lệ Viễn', 164, NOW());
insert into ExampleDb.address_ward  (id, name, district_id, created_at) values (2794, 'Xã An Bá', 164, NOW());
insert into ExampleDb.address_ward  (id, name, district_id, created_at) values (2795, 'Xã Tuấn Đạo', 164, NOW());
insert into ExampleDb.address_ward  (id, name, district_id, created_at) values (2796, 'Xã Dương Hưu', 164, NOW());
insert into ExampleDb.address_ward  (id, name, district_id, created_at) values (2797, 'Xã Long Sơn', 164, NOW());
insert into ExampleDb.address_ward  (id, name, district_id, created_at) values (2798, 'Xã Thanh Luận', 164, NOW());
insert into ExampleDb.address_district  (id, name, province_id, created_at) values (165, 'Huyện Yên Dũng', 15, NOW());
insert into ExampleDb.address_ward  (id, name, district_id, created_at) values (2799, 'Thị trấn Nham Biền', 165, NOW());
insert into ExampleDb.address_ward  (id, name, district_id, created_at) values (2800, 'Thị trấn Tân An', 165, NOW());
insert into ExampleDb.address_ward  (id, name, district_id, created_at) values (2801, 'Xã Lão Hộ', 165, NOW());
insert into ExampleDb.address_ward  (id, name, district_id, created_at) values (2802, 'Xã Hương Gián', 165, NOW());
insert into ExampleDb.address_ward  (id, name, district_id, created_at) values (2803, 'Xã Quỳnh Sơn', 165, NOW());
insert into ExampleDb.address_ward  (id, name, district_id, created_at) values (2804, 'Xã Nội Hoàng', 165, NOW());
insert into ExampleDb.address_ward  (id, name, district_id, created_at) values (2805, 'Xã Tiền Phong', 165, NOW());
insert into ExampleDb.address_ward  (id, name, district_id, created_at) values (2806, 'Xã Xuân Phú', 165, NOW());
insert into ExampleDb.address_ward  (id, name, district_id, created_at) values (2807, 'Xã Tân Liễu', 165, NOW());
insert into ExampleDb.address_ward  (id, name, district_id, created_at) values (2808, 'Xã Trí Yên', 165, NOW());
insert into ExampleDb.address_ward  (id, name, district_id, created_at) values (2809, 'Xã Lãng Sơn', 165, NOW());
insert into ExampleDb.address_ward  (id, name, district_id, created_at) values (2810, 'Xã Yên Lư', 165, NOW());
insert into ExampleDb.address_ward  (id, name, district_id, created_at) values (2811, 'Xã Tiến Dũng', 165, NOW());
insert into ExampleDb.address_ward  (id, name, district_id, created_at) values (2812, 'Xã Đức Giang', 165, NOW());
insert into ExampleDb.address_ward  (id, name, district_id, created_at) values (2813, 'Xã Cảnh Thụy', 165, NOW());
insert into ExampleDb.address_ward  (id, name, district_id, created_at) values (2814, 'Xã Tư Mại', 165, NOW());
insert into ExampleDb.address_ward  (id, name, district_id, created_at) values (2815, 'Xã Đồng Việt', 165, NOW());
insert into ExampleDb.address_ward  (id, name, district_id, created_at) values (2816, 'Xã Đồng Phúc', 165, NOW());
insert into ExampleDb.address_district  (id, name, province_id, created_at) values (166, 'Huyện Việt Yên', 15, NOW());
insert into ExampleDb.address_ward  (id, name, district_id, created_at) values (2817, 'Xã Thượng Lan', 166, NOW());
insert into ExampleDb.address_ward  (id, name, district_id, created_at) values (2818, 'Xã Việt Tiến', 166, NOW());
insert into ExampleDb.address_ward  (id, name, district_id, created_at) values (2819, 'Xã Nghĩa Trung', 166, NOW());
insert into ExampleDb.address_ward  (id, name, district_id, created_at) values (2820, 'Xã Minh Đức', 166, NOW());
insert into ExampleDb.address_ward  (id, name, district_id, created_at) values (2821, 'Xã Hương Mai', 166, NOW());
insert into ExampleDb.address_ward  (id, name, district_id, created_at) values (2822, 'Xã Tự Lạn', 166, NOW());
insert into ExampleDb.address_ward  (id, name, district_id, created_at) values (2823, 'Thị trấn Bích Động', 166, NOW());
insert into ExampleDb.address_ward  (id, name, district_id, created_at) values (2824, 'Xã Trung Sơn', 166, NOW());
insert into ExampleDb.address_ward  (id, name, district_id, created_at) values (2825, 'Xã Hồng Thái', 166, NOW());
insert into ExampleDb.address_ward  (id, name, district_id, created_at) values (2826, 'Xã Tiên Sơn', 166, NOW());
insert into ExampleDb.address_ward  (id, name, district_id, created_at) values (2827, 'Xã Tăng Tiến', 166, NOW());
insert into ExampleDb.address_ward  (id, name, district_id, created_at) values (2828, 'Xã Quảng Minh', 166, NOW());
insert into ExampleDb.address_ward  (id, name, district_id, created_at) values (2829, 'Thị trấn Nếnh', 166, NOW());
insert into ExampleDb.address_ward  (id, name, district_id, created_at) values (2830, 'Xã Ninh Sơn', 166, NOW());
insert into ExampleDb.address_ward  (id, name, district_id, created_at) values (2831, 'Xã Vân Trung', 166, NOW());
insert into ExampleDb.address_ward  (id, name, district_id, created_at) values (2832, 'Xã Vân Hà', 166, NOW());
insert into ExampleDb.address_ward  (id, name, district_id, created_at) values (2833, 'Xã Quang Châu', 166, NOW());
insert into ExampleDb.address_district  (id, name, province_id, created_at) values (167, 'Huyện Hiệp Hòa', 15, NOW());
insert into ExampleDb.address_ward  (id, name, district_id, created_at) values (2834, 'Xã Đồng Tân', 167, NOW());
insert into ExampleDb.address_ward  (id, name, district_id, created_at) values (2835, 'Xã Thanh Vân', 167, NOW());
insert into ExampleDb.address_ward  (id, name, district_id, created_at) values (2836, 'Xã Hoàng Lương', 167, NOW());
insert into ExampleDb.address_ward  (id, name, district_id, created_at) values (2837, 'Xã Hoàng Vân', 167, NOW());
insert into ExampleDb.address_ward  (id, name, district_id, created_at) values (2838, 'Xã Hoàng Thanh', 167, NOW());
insert into ExampleDb.address_ward  (id, name, district_id, created_at) values (2839, 'Xã Hoàng An', 167, NOW());
insert into ExampleDb.address_ward  (id, name, district_id, created_at) values (2840, 'Xã Ngọc Sơn', 167, NOW());
insert into ExampleDb.address_ward  (id, name, district_id, created_at) values (2841, 'Xã Thái Sơn', 167, NOW());
insert into ExampleDb.address_ward  (id, name, district_id, created_at) values (2842, 'Xã Hòa Sơn', 167, NOW());
insert into ExampleDb.address_ward  (id, name, district_id, created_at) values (2843, 'Thị trấn Thắng', 167, NOW());
insert into ExampleDb.address_ward  (id, name, district_id, created_at) values (2844, 'Xã Quang Minh', 167, NOW());
insert into ExampleDb.address_ward  (id, name, district_id, created_at) values (2845, 'Xã Lương Phong', 167, NOW());
insert into ExampleDb.address_ward  (id, name, district_id, created_at) values (2846, 'Xã Hùng Sơn', 167, NOW());
insert into ExampleDb.address_ward  (id, name, district_id, created_at) values (2847, 'Xã Đại Thành', 167, NOW());
insert into ExampleDb.address_ward  (id, name, district_id, created_at) values (2848, 'Xã Thường Thắng', 167, NOW());
insert into ExampleDb.address_ward  (id, name, district_id, created_at) values (2849, 'Xã Hợp Thịnh', 167, NOW());
insert into ExampleDb.address_ward  (id, name, district_id, created_at) values (2850, 'Xã Danh Thắng', 167, NOW());
insert into ExampleDb.address_ward  (id, name, district_id, created_at) values (2851, 'Xã Mai Trung', 167, NOW());
insert into ExampleDb.address_ward  (id, name, district_id, created_at) values (2852, 'Xã Đoan Bái', 167, NOW());
insert into ExampleDb.address_ward  (id, name, district_id, created_at) values (2853, 'Xã Bắc Lý', 167, NOW());
insert into ExampleDb.address_ward  (id, name, district_id, created_at) values (2854, 'Xã Xuân Cẩm', 167, NOW());
insert into ExampleDb.address_ward  (id, name, district_id, created_at) values (2855, 'Xã Hương Lâm', 167, NOW());
insert into ExampleDb.address_ward  (id, name, district_id, created_at) values (2856, 'Xã Đông Lỗ', 167, NOW());
insert into ExampleDb.address_ward  (id, name, district_id, created_at) values (2857, 'Xã Châu Minh', 167, NOW());
insert into ExampleDb.address_ward  (id, name, district_id, created_at) values (2858, 'Xã Mai Đình', 167, NOW());
insert into ExampleDb.address_province (id, name, created_at) values (16, 'Tỉnh Phú Thọ', NOW());
insert into ExampleDb.address_district  (id, name, province_id, created_at) values (168, 'Thành phố Việt Trì', 16, NOW());
insert into ExampleDb.address_ward  (id, name, district_id, created_at) values (2859, 'Phường Dữu Lâu', 168, NOW());
insert into ExampleDb.address_ward  (id, name, district_id, created_at) values (2860, 'Phường Vân Cơ', 168, NOW());
insert into ExampleDb.address_ward  (id, name, district_id, created_at) values (2861, 'Phường Nông Trang', 168, NOW());
insert into ExampleDb.address_ward  (id, name, district_id, created_at) values (2862, 'Phường Tân Dân', 168, NOW());
insert into ExampleDb.address_ward  (id, name, district_id, created_at) values (2863, 'Phường Gia Cẩm', 168, NOW());
insert into ExampleDb.address_ward  (id, name, district_id, created_at) values (2864, 'Phường Tiên Cát', 168, NOW());
insert into ExampleDb.address_ward  (id, name, district_id, created_at) values (2865, 'Phường Thọ Sơn', 168, NOW());
insert into ExampleDb.address_ward  (id, name, district_id, created_at) values (2866, 'Phường Thanh Miếu', 168, NOW());
insert into ExampleDb.address_ward  (id, name, district_id, created_at) values (2867, 'Phường Bạch Hạc', 168, NOW());
insert into ExampleDb.address_ward  (id, name, district_id, created_at) values (2868, 'Phường Bến Gót', 168, NOW());
insert into ExampleDb.address_ward  (id, name, district_id, created_at) values (2869, 'Phường Vân Phú', 168, NOW());
insert into ExampleDb.address_ward  (id, name, district_id, created_at) values (2870, 'Xã Phượng Lâu', 168, NOW());
insert into ExampleDb.address_ward  (id, name, district_id, created_at) values (2871, 'Xã Thụy Vân', 168, NOW());
insert into ExampleDb.address_ward  (id, name, district_id, created_at) values (2872, 'Phường Minh Phương', 168, NOW());
insert into ExampleDb.address_ward  (id, name, district_id, created_at) values (2873, 'Xã Trưng Vương', 168, NOW());
insert into ExampleDb.address_ward  (id, name, district_id, created_at) values (2874, 'Phường Minh Nông', 168, NOW());
insert into ExampleDb.address_ward  (id, name, district_id, created_at) values (2875, 'Xã Sông Lô', 168, NOW());
insert into ExampleDb.address_ward  (id, name, district_id, created_at) values (2876, 'Xã Kim Đức', 168, NOW());
insert into ExampleDb.address_ward  (id, name, district_id, created_at) values (2877, 'Xã Hùng Lô', 168, NOW());
insert into ExampleDb.address_ward  (id, name, district_id, created_at) values (2878, 'Xã Hy Cương', 168, NOW());
insert into ExampleDb.address_ward  (id, name, district_id, created_at) values (2879, 'Xã Chu Hóa', 168, NOW());
insert into ExampleDb.address_ward  (id, name, district_id, created_at) values (2880, 'Xã Thanh Đình', 168, NOW());
insert into ExampleDb.address_district  (id, name, province_id, created_at) values (169, 'Thị xã Phú Thọ', 16, NOW());
insert into ExampleDb.address_ward  (id, name, district_id, created_at) values (2881, 'Phường Hùng Vương', 169, NOW());
insert into ExampleDb.address_ward  (id, name, district_id, created_at) values (2882, 'Phường Phong Châu', 169, NOW());
insert into ExampleDb.address_ward  (id, name, district_id, created_at) values (2883, 'Phường Âu Cơ', 169, NOW());
insert into ExampleDb.address_ward  (id, name, district_id, created_at) values (2884, 'Xã Hà Lộc', 169, NOW());
insert into ExampleDb.address_ward  (id, name, district_id, created_at) values (2885, 'Xã Phú Hộ', 169, NOW());
insert into ExampleDb.address_ward  (id, name, district_id, created_at) values (2886, 'Xã Văn Lung', 169, NOW());
insert into ExampleDb.address_ward  (id, name, district_id, created_at) values (2887, 'Xã Thanh Minh', 169, NOW());
insert into ExampleDb.address_ward  (id, name, district_id, created_at) values (2888, 'Xã Hà Thạch', 169, NOW());
insert into ExampleDb.address_ward  (id, name, district_id, created_at) values (2889, 'Phường Thanh Vinh', 169, NOW());
insert into ExampleDb.address_district  (id, name, province_id, created_at) values (170, 'Huyện Đoan Hùng', 16, NOW());
insert into ExampleDb.address_ward  (id, name, district_id, created_at) values (2890, 'Thị trấn Đoan Hùng', 170, NOW());
insert into ExampleDb.address_ward  (id, name, district_id, created_at) values (2891, 'Xã Hùng Xuyên', 170, NOW());
insert into ExampleDb.address_ward  (id, name, district_id, created_at) values (2892, 'Xã Bằng Luân', 170, NOW());
insert into ExampleDb.address_ward  (id, name, district_id, created_at) values (2893, 'Xã Vân Du', 170, NOW());
insert into ExampleDb.address_ward  (id, name, district_id, created_at) values (2894, 'Xã Phú Lâm', 170, NOW());
insert into ExampleDb.address_ward  (id, name, district_id, created_at) values (2895, 'Xã Minh Lương', 170, NOW());
insert into ExampleDb.address_ward  (id, name, district_id, created_at) values (2896, 'Xã Bằng Doãn', 170, NOW());
insert into ExampleDb.address_ward  (id, name, district_id, created_at) values (2897, 'Xã Chí Đám', 170, NOW());
insert into ExampleDb.address_ward  (id, name, district_id, created_at) values (2898, 'Xã Phúc Lai', 170, NOW());
insert into ExampleDb.address_ward  (id, name, district_id, created_at) values (2899, 'Xã Ngọc Quan', 170, NOW());
insert into ExampleDb.address_ward  (id, name, district_id, created_at) values (2900, 'Xã Hợp Nhất', 170, NOW());
insert into ExampleDb.address_ward  (id, name, district_id, created_at) values (2901, 'Xã Sóc Đăng', 170, NOW());
insert into ExampleDb.address_ward  (id, name, district_id, created_at) values (2902, 'Xã Tây Cốc', 170, NOW());
insert into ExampleDb.address_ward  (id, name, district_id, created_at) values (2903, 'Xã Yên Kiện', 170, NOW());
insert into ExampleDb.address_ward  (id, name, district_id, created_at) values (2904, 'Xã Hùng Long', 170, NOW());
insert into ExampleDb.address_ward  (id, name, district_id, created_at) values (2905, 'Xã Vụ Quang', 170, NOW());
insert into ExampleDb.address_ward  (id, name, district_id, created_at) values (2906, 'Xã Vân Đồn', 170, NOW());
insert into ExampleDb.address_ward  (id, name, district_id, created_at) values (2907, 'Xã Tiêu Sơn', 170, NOW());
insert into ExampleDb.address_ward  (id, name, district_id, created_at) values (2908, 'Xã Minh Tiến', 170, NOW());
insert into ExampleDb.address_ward  (id, name, district_id, created_at) values (2909, 'Xã Minh Phú', 170, NOW());
insert into ExampleDb.address_ward  (id, name, district_id, created_at) values (2910, 'Xã Chân Mộng', 170, NOW());
insert into ExampleDb.address_ward  (id, name, district_id, created_at) values (2911, 'Xã Ca Đình', 170, NOW());
insert into ExampleDb.address_district  (id, name, province_id, created_at) values (171, 'Huyện Hạ Hoà', 16, NOW());
insert into ExampleDb.address_ward  (id, name, district_id, created_at) values (2912, 'Thị trấn Hạ Hoà', 171, NOW());
insert into ExampleDb.address_ward  (id, name, district_id, created_at) values (2913, 'Xã Đại Phạm', 171, NOW());
insert into ExampleDb.address_ward  (id, name, district_id, created_at) values (2914, 'Xã Đan Thượng', 171, NOW());
insert into ExampleDb.address_ward  (id, name, district_id, created_at) values (2915, 'Xã Hà Lương', 171, NOW());
insert into ExampleDb.address_ward  (id, name, district_id, created_at) values (2916, 'Xã Tứ Hiệp', 171, NOW());
insert into ExampleDb.address_ward  (id, name, district_id, created_at) values (2917, 'Xã Hiền Lương', 171, NOW());
insert into ExampleDb.address_ward  (id, name, district_id, created_at) values (2918, 'Xã Phương Viên', 171, NOW());
insert into ExampleDb.address_ward  (id, name, district_id, created_at) values (2919, 'Xã Gia Điền', 171, NOW());
insert into ExampleDb.address_ward  (id, name, district_id, created_at) values (2920, 'Xã Ấm Hạ', 171, NOW());
insert into ExampleDb.address_ward  (id, name, district_id, created_at) values (2921, 'Xã Hương Xạ', 171, NOW());
insert into ExampleDb.address_ward  (id, name, district_id, created_at) values (2922, 'Xã Xuân Áng', 171, NOW());
insert into ExampleDb.address_ward  (id, name, district_id, created_at) values (2923, 'Xã Yên Kỳ', 171, NOW());
insert into ExampleDb.address_ward  (id, name, district_id, created_at) values (2924, 'Xã Minh Hạc', 171, NOW());
insert into ExampleDb.address_ward  (id, name, district_id, created_at) values (2925, 'Xã Lang Sơn', 171, NOW());
insert into ExampleDb.address_ward  (id, name, district_id, created_at) values (2926, 'Xã Bằng Giã', 171, NOW());
insert into ExampleDb.address_ward  (id, name, district_id, created_at) values (2927, 'Xã Yên Luật', 171, NOW());
insert into ExampleDb.address_ward  (id, name, district_id, created_at) values (2928, 'Xã Vô Tranh', 171, NOW());
insert into ExampleDb.address_ward  (id, name, district_id, created_at) values (2929, 'Xã Văn Lang', 171, NOW());
insert into ExampleDb.address_ward  (id, name, district_id, created_at) values (2930, 'Xã Minh Côi', 171, NOW());
insert into ExampleDb.address_ward  (id, name, district_id, created_at) values (2931, 'Xã Vĩnh Chân', 171, NOW());
insert into ExampleDb.address_district  (id, name, province_id, created_at) values (172, 'Huyện Thanh Ba', 16, NOW());
insert into ExampleDb.address_ward  (id, name, district_id, created_at) values (2932, 'Thị trấn Thanh Ba', 172, NOW());
insert into ExampleDb.address_ward  (id, name, district_id, created_at) values (2933, 'Xã Vân Lĩnh', 172, NOW());
insert into ExampleDb.address_ward  (id, name, district_id, created_at) values (2934, 'Xã Đông Lĩnh', 172, NOW());
insert into ExampleDb.address_ward  (id, name, district_id, created_at) values (2935, 'Xã Đại An', 172, NOW());
insert into ExampleDb.address_ward  (id, name, district_id, created_at) values (2936, 'Xã Hanh Cù', 172, NOW());
insert into ExampleDb.address_ward  (id, name, district_id, created_at) values (2937, 'Xã Đồng Xuân', 172, NOW());
insert into ExampleDb.address_ward  (id, name, district_id, created_at) values (2938, 'Xã Quảng Yên', 172, NOW());
insert into ExampleDb.address_ward  (id, name, district_id, created_at) values (2939, 'Xã Ninh Dân', 172, NOW());
insert into ExampleDb.address_ward  (id, name, district_id, created_at) values (2940, 'Xã Võ Lao', 172, NOW());
insert into ExampleDb.address_ward  (id, name, district_id, created_at) values (2941, 'Xã Khải Xuân', 172, NOW());
insert into ExampleDb.address_ward  (id, name, district_id, created_at) values (2942, 'Xã Mạn Lạn', 172, NOW());
insert into ExampleDb.address_ward  (id, name, district_id, created_at) values (2943, 'Xã Hoàng Cương', 172, NOW());
insert into ExampleDb.address_ward  (id, name, district_id, created_at) values (2944, 'Xã Chí Tiên', 172, NOW());
insert into ExampleDb.address_ward  (id, name, district_id, created_at) values (2945, 'Xã Đông Thành', 172, NOW());
insert into ExampleDb.address_ward  (id, name, district_id, created_at) values (2946, 'Xã Sơn Cương', 172, NOW());
insert into ExampleDb.address_ward  (id, name, district_id, created_at) values (2947, 'Xã Thanh Hà', 172, NOW());
insert into ExampleDb.address_ward  (id, name, district_id, created_at) values (2948, 'Xã Đỗ Sơn', 172, NOW());
insert into ExampleDb.address_ward  (id, name, district_id, created_at) values (2949, 'Xã Đỗ Xuyên', 172, NOW());
insert into ExampleDb.address_ward  (id, name, district_id, created_at) values (2950, 'Xã Lương Lỗ', 172, NOW());
insert into ExampleDb.address_district  (id, name, province_id, created_at) values (173, 'Huyện Phù Ninh', 16, NOW());
insert into ExampleDb.address_ward  (id, name, district_id, created_at) values (2951, 'Thị trấn Phong Châu', 173, NOW());
insert into ExampleDb.address_ward  (id, name, district_id, created_at) values (2952, 'Xã Phú Mỹ', 173, NOW());
insert into ExampleDb.address_ward  (id, name, district_id, created_at) values (2953, 'Xã Lệ Mỹ', 173, NOW());
insert into ExampleDb.address_ward  (id, name, district_id, created_at) values (2954, 'Xã Liên Hoa', 173, NOW());
insert into ExampleDb.address_ward  (id, name, district_id, created_at) values (2955, 'Xã Trạm Thản', 173, NOW());
insert into ExampleDb.address_ward  (id, name, district_id, created_at) values (2956, 'Xã Trị Quận', 173, NOW());
insert into ExampleDb.address_ward  (id, name, district_id, created_at) values (2957, 'Xã Trung Giáp', 173, NOW());
insert into ExampleDb.address_ward  (id, name, district_id, created_at) values (2958, 'Xã Tiên Phú', 173, NOW());
insert into ExampleDb.address_ward  (id, name, district_id, created_at) values (2959, 'Xã Hạ Giáp', 173, NOW());
insert into ExampleDb.address_ward  (id, name, district_id, created_at) values (2960, 'Xã Bảo Thanh', 173, NOW());
insert into ExampleDb.address_ward  (id, name, district_id, created_at) values (2961, 'Xã Phú Lộc', 173, NOW());
insert into ExampleDb.address_ward  (id, name, district_id, created_at) values (2962, 'Xã Gia Thanh', 173, NOW());
insert into ExampleDb.address_ward  (id, name, district_id, created_at) values (2963, 'Xã Tiên Du', 173, NOW());
insert into ExampleDb.address_ward  (id, name, district_id, created_at) values (2964, 'Xã Phú Nham', 173, NOW());
insert into ExampleDb.address_ward  (id, name, district_id, created_at) values (2965, 'Xã An Đạo', 173, NOW());
insert into ExampleDb.address_ward  (id, name, district_id, created_at) values (2966, 'Xã Bình Phú', 173, NOW());
insert into ExampleDb.address_ward  (id, name, district_id, created_at) values (2967, 'Xã Phù Ninh', 173, NOW());
insert into ExampleDb.address_district  (id, name, province_id, created_at) values (174, 'Huyện Yên Lập', 16, NOW());
insert into ExampleDb.address_ward  (id, name, district_id, created_at) values (2968, 'Thị trấn Yên Lập', 174, NOW());
insert into ExampleDb.address_ward  (id, name, district_id, created_at) values (2969, 'Xã Mỹ Lung', 174, NOW());
insert into ExampleDb.address_ward  (id, name, district_id, created_at) values (2970, 'Xã Mỹ Lương', 174, NOW());
insert into ExampleDb.address_ward  (id, name, district_id, created_at) values (2971, 'Xã Lương Sơn', 174, NOW());
insert into ExampleDb.address_ward  (id, name, district_id, created_at) values (2972, 'Xã Xuân An', 174, NOW());
insert into ExampleDb.address_ward  (id, name, district_id, created_at) values (2973, 'Xã Xuân Viên', 174, NOW());
insert into ExampleDb.address_ward  (id, name, district_id, created_at) values (2974, 'Xã Xuân Thủy', 174, NOW());
insert into ExampleDb.address_ward  (id, name, district_id, created_at) values (2975, 'Xã Trung Sơn', 174, NOW());
insert into ExampleDb.address_ward  (id, name, district_id, created_at) values (2976, 'Xã Hưng Long', 174, NOW());
insert into ExampleDb.address_ward  (id, name, district_id, created_at) values (2977, 'Xã Nga Hoàng', 174, NOW());
insert into ExampleDb.address_ward  (id, name, district_id, created_at) values (2978, 'Xã Đồng Lạc', 174, NOW());
insert into ExampleDb.address_ward  (id, name, district_id, created_at) values (2979, 'Xã Thượng Long', 174, NOW());
insert into ExampleDb.address_ward  (id, name, district_id, created_at) values (2980, 'Xã Đồng Thịnh', 174, NOW());
insert into ExampleDb.address_ward  (id, name, district_id, created_at) values (2981, 'Xã Phúc Khánh', 174, NOW());
insert into ExampleDb.address_ward  (id, name, district_id, created_at) values (2982, 'Xã Minh Hòa', 174, NOW());
insert into ExampleDb.address_ward  (id, name, district_id, created_at) values (2983, 'Xã Ngọc Lập', 174, NOW());
insert into ExampleDb.address_ward  (id, name, district_id, created_at) values (2984, 'Xã Ngọc Đồng', 174, NOW());
insert into ExampleDb.address_district  (id, name, province_id, created_at) values (175, 'Huyện Cẩm Khê', 16, NOW());
insert into ExampleDb.address_ward  (id, name, district_id, created_at) values (2985, 'Thị trấn Cẩm Khê', 175, NOW());
insert into ExampleDb.address_ward  (id, name, district_id, created_at) values (2986, 'Xã Tiên Lương', 175, NOW());
insert into ExampleDb.address_ward  (id, name, district_id, created_at) values (2987, 'Xã Tuy Lộc', 175, NOW());
insert into ExampleDb.address_ward  (id, name, district_id, created_at) values (2988, 'Xã Ngô Xá', 175, NOW());
insert into ExampleDb.address_ward  (id, name, district_id, created_at) values (2989, 'Xã Minh Tân', 175, NOW());
insert into ExampleDb.address_ward  (id, name, district_id, created_at) values (2990, 'Xã Phượng Vĩ', 175, NOW());
insert into ExampleDb.address_ward  (id, name, district_id, created_at) values (2991, 'Xã Thụy Liễu', 175, NOW());
insert into ExampleDb.address_ward  (id, name, district_id, created_at) values (2992, 'Xã Tùng Khê', 175, NOW());
insert into ExampleDb.address_ward  (id, name, district_id, created_at) values (2993, 'Xã Tam Sơn', 175, NOW());
insert into ExampleDb.address_ward  (id, name, district_id, created_at) values (2994, 'Xã Văn Bán', 175, NOW());
insert into ExampleDb.address_ward  (id, name, district_id, created_at) values (2995, 'Xã Cấp Dẫn', 175, NOW());
insert into ExampleDb.address_ward  (id, name, district_id, created_at) values (2996, 'Xã Xương Thịnh', 175, NOW());
insert into ExampleDb.address_ward  (id, name, district_id, created_at) values (2997, 'Xã Phú Khê', 175, NOW());
insert into ExampleDb.address_ward  (id, name, district_id, created_at) values (2998, 'Xã Sơn Tình', 175, NOW());
insert into ExampleDb.address_ward  (id, name, district_id, created_at) values (2999, 'Xã Yên Tập', 175, NOW());
insert into ExampleDb.address_ward  (id, name, district_id, created_at) values (3000, 'Xã Hương Lung', 175, NOW());
insert into ExampleDb.address_ward  (id, name, district_id, created_at) values (3001, 'Xã Tạ Xá', 175, NOW());
insert into ExampleDb.address_ward  (id, name, district_id, created_at) values (3002, 'Xã Phú Lạc', 175, NOW());
insert into ExampleDb.address_ward  (id, name, district_id, created_at) values (3003, 'Xã Chương Xá', 175, NOW());
insert into ExampleDb.address_ward  (id, name, district_id, created_at) values (3004, 'Xã Hùng Việt', 175, NOW());
insert into ExampleDb.address_ward  (id, name, district_id, created_at) values (3005, 'Xã Văn Khúc', 175, NOW());
insert into ExampleDb.address_ward  (id, name, district_id, created_at) values (3006, 'Xã Yên Dưỡng', 175, NOW());
insert into ExampleDb.address_ward  (id, name, district_id, created_at) values (3007, 'Xã Điêu Lương', 175, NOW());
insert into ExampleDb.address_ward  (id, name, district_id, created_at) values (3008, 'Xã Đồng Lương', 175, NOW());
insert into ExampleDb.address_district  (id, name, province_id, created_at) values (176, 'Huyện Tam Nông', 16, NOW());
insert into ExampleDb.address_ward  (id, name, district_id, created_at) values (3009, 'Thị trấn Hưng Hoá', 176, NOW());
insert into ExampleDb.address_ward  (id, name, district_id, created_at) values (3010, 'Xã Hiền Quan', 176, NOW());
insert into ExampleDb.address_ward  (id, name, district_id, created_at) values (3011, 'Xã Bắc Sơn', 176, NOW());
insert into ExampleDb.address_ward  (id, name, district_id, created_at) values (3012, 'Xã Thanh Uyên', 176, NOW());
insert into ExampleDb.address_ward  (id, name, district_id, created_at) values (3013, 'Xã Lam Sơn', 176, NOW());
insert into ExampleDb.address_ward  (id, name, district_id, created_at) values (3014, 'Xã Vạn Xuân', 176, NOW());
insert into ExampleDb.address_ward  (id, name, district_id, created_at) values (3015, 'Xã Quang Húc', 176, NOW());
insert into ExampleDb.address_ward  (id, name, district_id, created_at) values (3016, 'Xã Hương Nộn', 176, NOW());
insert into ExampleDb.address_ward  (id, name, district_id, created_at) values (3017, 'Xã Tề Lễ', 176, NOW());
insert into ExampleDb.address_ward  (id, name, district_id, created_at) values (3018, 'Xã Thọ Văn', 176, NOW());
insert into ExampleDb.address_ward  (id, name, district_id, created_at) values (3019, 'Xã Dị Nậu', 176, NOW());
insert into ExampleDb.address_ward  (id, name, district_id, created_at) values (3020, 'Xã Dân Quyền', 176, NOW());
insert into ExampleDb.address_district  (id, name, province_id, created_at) values (177, 'Huyện Lâm Thao', 16, NOW());
insert into ExampleDb.address_ward  (id, name, district_id, created_at) values (3021, 'Thị trấn Lâm Thao', 177, NOW());
insert into ExampleDb.address_ward  (id, name, district_id, created_at) values (3022, 'Xã Tiên Kiên', 177, NOW());
insert into ExampleDb.address_ward  (id, name, district_id, created_at) values (3023, 'Thị trấn Hùng Sơn', 177, NOW());
insert into ExampleDb.address_ward  (id, name, district_id, created_at) values (3024, 'Xã Xuân Lũng', 177, NOW());
insert into ExampleDb.address_ward  (id, name, district_id, created_at) values (3025, 'Xã Xuân Huy', 177, NOW());
insert into ExampleDb.address_ward  (id, name, district_id, created_at) values (3026, 'Xã Thạch Sơn', 177, NOW());
insert into ExampleDb.address_ward  (id, name, district_id, created_at) values (3027, 'Xã Sơn Vi', 177, NOW());
insert into ExampleDb.address_ward  (id, name, district_id, created_at) values (3028, 'Xã Phùng Nguyên', 177, NOW());
insert into ExampleDb.address_ward  (id, name, district_id, created_at) values (3029, 'Xã Cao Xá', 177, NOW());
insert into ExampleDb.address_ward  (id, name, district_id, created_at) values (3030, 'Xã Vĩnh Lại', 177, NOW());
insert into ExampleDb.address_ward  (id, name, district_id, created_at) values (3031, 'Xã Tứ Xã', 177, NOW());
insert into ExampleDb.address_ward  (id, name, district_id, created_at) values (3032, 'Xã Bản Nguyên', 177, NOW());
insert into ExampleDb.address_district  (id, name, province_id, created_at) values (178, 'Huyện Thanh Sơn', 16, NOW());
insert into ExampleDb.address_ward  (id, name, district_id, created_at) values (3033, 'Thị trấn Thanh Sơn', 178, NOW());
insert into ExampleDb.address_ward  (id, name, district_id, created_at) values (3034, 'Xã Sơn Hùng', 178, NOW());
insert into ExampleDb.address_ward  (id, name, district_id, created_at) values (3035, 'Xã Địch Quả', 178, NOW());
insert into ExampleDb.address_ward  (id, name, district_id, created_at) values (3036, 'Xã Giáp Lai', 178, NOW());
insert into ExampleDb.address_ward  (id, name, district_id, created_at) values (3037, 'Xã Thục Luyện', 178, NOW());
insert into ExampleDb.address_ward  (id, name, district_id, created_at) values (3038, 'Xã Võ Miếu', 178, NOW());
insert into ExampleDb.address_ward  (id, name, district_id, created_at) values (3039, 'Xã Thạch Khoán', 178, NOW());
insert into ExampleDb.address_ward  (id, name, district_id, created_at) values (3040, 'Xã Cự Thắng', 178, NOW());
insert into ExampleDb.address_ward  (id, name, district_id, created_at) values (3041, 'Xã Tất Thắng', 178, NOW());
insert into ExampleDb.address_ward  (id, name, district_id, created_at) values (3042, 'Xã Văn Miếu', 178, NOW());
insert into ExampleDb.address_ward  (id, name, district_id, created_at) values (3043, 'Xã Cự Đồng', 178, NOW());
insert into ExampleDb.address_ward  (id, name, district_id, created_at) values (3044, 'Xã Thắng Sơn', 178, NOW());
insert into ExampleDb.address_ward  (id, name, district_id, created_at) values (3045, 'Xã Tân Minh', 178, NOW());
insert into ExampleDb.address_ward  (id, name, district_id, created_at) values (3046, 'Xã Hương Cần', 178, NOW());
insert into ExampleDb.address_ward  (id, name, district_id, created_at) values (3047, 'Xã Khả Cửu', 178, NOW());
insert into ExampleDb.address_ward  (id, name, district_id, created_at) values (3048, 'Xã Đông Cửu', 178, NOW());
insert into ExampleDb.address_ward  (id, name, district_id, created_at) values (3049, 'Xã Tân Lập', 178, NOW());
insert into ExampleDb.address_ward  (id, name, district_id, created_at) values (3050, 'Xã Yên Lãng', 178, NOW());
insert into ExampleDb.address_ward  (id, name, district_id, created_at) values (3051, 'Xã Yên Lương', 178, NOW());
insert into ExampleDb.address_ward  (id, name, district_id, created_at) values (3052, 'Xã Thượng Cửu', 178, NOW());
insert into ExampleDb.address_ward  (id, name, district_id, created_at) values (3053, 'Xã Lương Nha', 178, NOW());
insert into ExampleDb.address_ward  (id, name, district_id, created_at) values (3054, 'Xã Yên Sơn', 178, NOW());
insert into ExampleDb.address_ward  (id, name, district_id, created_at) values (3055, 'Xã Tinh Nhuệ', 178, NOW());
insert into ExampleDb.address_district  (id, name, province_id, created_at) values (179, 'Huyện Thanh Thuỷ', 16, NOW());
insert into ExampleDb.address_ward  (id, name, district_id, created_at) values (3056, 'Xã Đào Xá', 179, NOW());
insert into ExampleDb.address_ward  (id, name, district_id, created_at) values (3057, 'Xã Thạch Đồng', 179, NOW());
insert into ExampleDb.address_ward  (id, name, district_id, created_at) values (3058, 'Xã Xuân Lộc', 179, NOW());
insert into ExampleDb.address_ward  (id, name, district_id, created_at) values (3059, 'Xã Tân Phương', 179, NOW());
insert into ExampleDb.address_ward  (id, name, district_id, created_at) values (3060, 'Thị trấn Thanh Thủy', 179, NOW());
insert into ExampleDb.address_ward  (id, name, district_id, created_at) values (3061, 'Xã Sơn Thủy', 179, NOW());
insert into ExampleDb.address_ward  (id, name, district_id, created_at) values (3062, 'Xã Bảo Yên', 179, NOW());
insert into ExampleDb.address_ward  (id, name, district_id, created_at) values (3063, 'Xã Đoan Hạ', 179, NOW());
insert into ExampleDb.address_ward  (id, name, district_id, created_at) values (3064, 'Xã Đồng Trung', 179, NOW());
insert into ExampleDb.address_ward  (id, name, district_id, created_at) values (3065, 'Xã Hoàng Xá', 179, NOW());
insert into ExampleDb.address_ward  (id, name, district_id, created_at) values (3066, 'Xã Tu Vũ', 179, NOW());
insert into ExampleDb.address_district  (id, name, province_id, created_at) values (180, 'Huyện Tân Sơn', 16, NOW());
insert into ExampleDb.address_ward  (id, name, district_id, created_at) values (3067, 'Xã Thu Cúc', 180, NOW());
insert into ExampleDb.address_ward  (id, name, district_id, created_at) values (3068, 'Xã Thạch Kiệt', 180, NOW());
insert into ExampleDb.address_ward  (id, name, district_id, created_at) values (3069, 'Xã Thu Ngạc', 180, NOW());
insert into ExampleDb.address_ward  (id, name, district_id, created_at) values (3070, 'Xã Kiệt Sơn', 180, NOW());
insert into ExampleDb.address_ward  (id, name, district_id, created_at) values (3071, 'Xã Đồng Sơn', 180, NOW());
insert into ExampleDb.address_ward  (id, name, district_id, created_at) values (3072, 'Xã Lai Đồng', 180, NOW());
insert into ExampleDb.address_ward  (id, name, district_id, created_at) values (3073, 'Xã Tân Phú', 180, NOW());
insert into ExampleDb.address_ward  (id, name, district_id, created_at) values (3074, 'Xã Mỹ Thuận', 180, NOW());
insert into ExampleDb.address_ward  (id, name, district_id, created_at) values (3075, 'Xã Tân Sơn', 180, NOW());
insert into ExampleDb.address_ward  (id, name, district_id, created_at) values (3076, 'Xã Xuân Đài', 180, NOW());
insert into ExampleDb.address_ward  (id, name, district_id, created_at) values (3077, 'Xã Minh Đài', 180, NOW());
insert into ExampleDb.address_ward  (id, name, district_id, created_at) values (3078, 'Xã Văn Luông', 180, NOW());
insert into ExampleDb.address_ward  (id, name, district_id, created_at) values (3079, 'Xã Xuân Sơn', 180, NOW());
insert into ExampleDb.address_ward  (id, name, district_id, created_at) values (3080, 'Xã Long Cốc', 180, NOW());
insert into ExampleDb.address_ward  (id, name, district_id, created_at) values (3081, 'Xã Kim Thượng', 180, NOW());
insert into ExampleDb.address_ward  (id, name, district_id, created_at) values (3082, 'Xã Tam Thanh', 180, NOW());
insert into ExampleDb.address_ward  (id, name, district_id, created_at) values (3083, 'Xã Vinh Tiền', 180, NOW());
insert into ExampleDb.address_province (id, name, created_at) values (17, 'Tỉnh Vĩnh Phúc', NOW());
insert into ExampleDb.address_district  (id, name, province_id, created_at) values (181, 'Thành phố Vĩnh Yên', 17, NOW());
insert into ExampleDb.address_ward  (id, name, district_id, created_at) values (3084, 'Phường Tích Sơn', 181, NOW());
insert into ExampleDb.address_ward  (id, name, district_id, created_at) values (3085, 'Phường Liên Bảo', 181, NOW());
insert into ExampleDb.address_ward  (id, name, district_id, created_at) values (3086, 'Phường Hội Hợp', 181, NOW());
insert into ExampleDb.address_ward  (id, name, district_id, created_at) values (3087, 'Phường Đống Đa', 181, NOW());
insert into ExampleDb.address_ward  (id, name, district_id, created_at) values (3088, 'Phường Ngô Quyền', 181, NOW());
insert into ExampleDb.address_ward  (id, name, district_id, created_at) values (3089, 'Phường Đồng Tâm', 181, NOW());
insert into ExampleDb.address_ward  (id, name, district_id, created_at) values (3090, 'Xã Định Trung', 181, NOW());
insert into ExampleDb.address_ward  (id, name, district_id, created_at) values (3091, 'Phường Khai Quang', 181, NOW());
insert into ExampleDb.address_ward  (id, name, district_id, created_at) values (3092, 'Xã Thanh Trù', 181, NOW());
insert into ExampleDb.address_district  (id, name, province_id, created_at) values (182, 'Thành phố Phúc Yên', 17, NOW());
insert into ExampleDb.address_ward  (id, name, district_id, created_at) values (3093, 'Phường Trưng Trắc', 182, NOW());
insert into ExampleDb.address_ward  (id, name, district_id, created_at) values (3094, 'Phường Hùng Vương', 182, NOW());
insert into ExampleDb.address_ward  (id, name, district_id, created_at) values (3095, 'Phường Trưng Nhị', 182, NOW());
insert into ExampleDb.address_ward  (id, name, district_id, created_at) values (3096, 'Phường Phúc Thắng', 182, NOW());
insert into ExampleDb.address_ward  (id, name, district_id, created_at) values (3097, 'Phường Xuân Hoà', 182, NOW());
insert into ExampleDb.address_ward  (id, name, district_id, created_at) values (3098, 'Phường Đồng Xuân', 182, NOW());
insert into ExampleDb.address_ward  (id, name, district_id, created_at) values (3099, 'Xã Ngọc Thanh', 182, NOW());
insert into ExampleDb.address_ward  (id, name, district_id, created_at) values (3100, 'Xã Cao Minh', 182, NOW());
insert into ExampleDb.address_ward  (id, name, district_id, created_at) values (3101, 'Phường Nam Viêm', 182, NOW());
insert into ExampleDb.address_ward  (id, name, district_id, created_at) values (3102, 'Phường Tiền Châu', 182, NOW());
insert into ExampleDb.address_district  (id, name, province_id, created_at) values (183, 'Huyện Lập Thạch', 17, NOW());
insert into ExampleDb.address_ward  (id, name, district_id, created_at) values (3103, 'Thị trấn Lập Thạch', 183, NOW());
insert into ExampleDb.address_ward  (id, name, district_id, created_at) values (3104, 'Xã Quang Sơn', 183, NOW());
insert into ExampleDb.address_ward  (id, name, district_id, created_at) values (3105, 'Xã Ngọc Mỹ', 183, NOW());
insert into ExampleDb.address_ward  (id, name, district_id, created_at) values (3106, 'Xã Hợp Lý', 183, NOW());
insert into ExampleDb.address_ward  (id, name, district_id, created_at) values (3107, 'Xã Bắc Bình', 183, NOW());
insert into ExampleDb.address_ward  (id, name, district_id, created_at) values (3108, 'Xã Thái Hòa', 183, NOW());
insert into ExampleDb.address_ward  (id, name, district_id, created_at) values (3109, 'Thị trấn Hoa Sơn', 183, NOW());
insert into ExampleDb.address_ward  (id, name, district_id, created_at) values (3110, 'Xã Liễn Sơn', 183, NOW());
insert into ExampleDb.address_ward  (id, name, district_id, created_at) values (3111, 'Xã Xuân Hòa', 183, NOW());
insert into ExampleDb.address_ward  (id, name, district_id, created_at) values (3112, 'Xã Vân Trục', 183, NOW());
insert into ExampleDb.address_ward  (id, name, district_id, created_at) values (3113, 'Xã Liên Hòa', 183, NOW());
insert into ExampleDb.address_ward  (id, name, district_id, created_at) values (3114, 'Xã Tử Du', 183, NOW());
insert into ExampleDb.address_ward  (id, name, district_id, created_at) values (3115, 'Xã Bàn Giản', 183, NOW());
insert into ExampleDb.address_ward  (id, name, district_id, created_at) values (3116, 'Xã Xuân Lôi', 183, NOW());
insert into ExampleDb.address_ward  (id, name, district_id, created_at) values (3117, 'Xã Đồng Ích', 183, NOW());
insert into ExampleDb.address_ward  (id, name, district_id, created_at) values (3118, 'Xã Tiên Lữ', 183, NOW());
insert into ExampleDb.address_ward  (id, name, district_id, created_at) values (3119, 'Xã Văn Quán', 183, NOW());
insert into ExampleDb.address_ward  (id, name, district_id, created_at) values (3120, 'Xã Đình Chu', 183, NOW());
insert into ExampleDb.address_ward  (id, name, district_id, created_at) values (3121, 'Xã Triệu Đề', 183, NOW());
insert into ExampleDb.address_ward  (id, name, district_id, created_at) values (3122, 'Xã Sơn Đông', 183, NOW());
insert into ExampleDb.address_district  (id, name, province_id, created_at) values (184, 'Huyện Tam Dương', 17, NOW());
insert into ExampleDb.address_ward  (id, name, district_id, created_at) values (3123, 'Thị trấn Hợp Hòa', 184, NOW());
insert into ExampleDb.address_ward  (id, name, district_id, created_at) values (3124, 'Xã Hoàng Hoa', 184, NOW());
insert into ExampleDb.address_ward  (id, name, district_id, created_at) values (3125, 'Xã Đồng Tĩnh', 184, NOW());
insert into ExampleDb.address_ward  (id, name, district_id, created_at) values (3126, 'Xã Kim Long', 184, NOW());
insert into ExampleDb.address_ward  (id, name, district_id, created_at) values (3127, 'Xã Hướng Đạo', 184, NOW());
insert into ExampleDb.address_ward  (id, name, district_id, created_at) values (3128, 'Xã Đạo Tú', 184, NOW());
insert into ExampleDb.address_ward  (id, name, district_id, created_at) values (3129, 'Xã An Hòa', 184, NOW());
insert into ExampleDb.address_ward  (id, name, district_id, created_at) values (3130, 'Xã Thanh Vân', 184, NOW());
insert into ExampleDb.address_ward  (id, name, district_id, created_at) values (3131, 'Xã Duy Phiên', 184, NOW());
insert into ExampleDb.address_ward  (id, name, district_id, created_at) values (3132, 'Xã Hoàng Đan', 184, NOW());
insert into ExampleDb.address_ward  (id, name, district_id, created_at) values (3133, 'Xã Hoàng Lâu', 184, NOW());
insert into ExampleDb.address_ward  (id, name, district_id, created_at) values (3134, 'Xã Vân Hội', 184, NOW());
insert into ExampleDb.address_ward  (id, name, district_id, created_at) values (3135, 'Xã Hợp Thịnh', 184, NOW());
insert into ExampleDb.address_district  (id, name, province_id, created_at) values (185, 'Huyện Tam Đảo', 17, NOW());
insert into ExampleDb.address_ward  (id, name, district_id, created_at) values (3136, 'Thị trấn Tam Đảo', 185, NOW());
insert into ExampleDb.address_ward  (id, name, district_id, created_at) values (3137, 'Thị trấn Hợp Châu', 185, NOW());
insert into ExampleDb.address_ward  (id, name, district_id, created_at) values (3138, 'Xã Đạo Trù', 185, NOW());
insert into ExampleDb.address_ward  (id, name, district_id, created_at) values (3139, 'Xã Yên Dương', 185, NOW());
insert into ExampleDb.address_ward  (id, name, district_id, created_at) values (3140, 'Xã Bồ Lý', 185, NOW());
insert into ExampleDb.address_ward  (id, name, district_id, created_at) values (3141, 'Thị trấn Đại Đình', 185, NOW());
insert into ExampleDb.address_ward  (id, name, district_id, created_at) values (3142, 'Xã Tam Quan', 185, NOW());
insert into ExampleDb.address_ward  (id, name, district_id, created_at) values (3143, 'Xã Hồ Sơn', 185, NOW());
insert into ExampleDb.address_ward  (id, name, district_id, created_at) values (3144, 'Xã Minh Quang', 185, NOW());
insert into ExampleDb.address_district  (id, name, province_id, created_at) values (186, 'Huyện Bình Xuyên', 17, NOW());
insert into ExampleDb.address_ward  (id, name, district_id, created_at) values (3145, 'Thị trấn Hương Canh', 186, NOW());
insert into ExampleDb.address_ward  (id, name, district_id, created_at) values (3146, 'Thị trấn Gia Khánh', 186, NOW());
insert into ExampleDb.address_ward  (id, name, district_id, created_at) values (3147, 'Xã Trung Mỹ', 186, NOW());
insert into ExampleDb.address_ward  (id, name, district_id, created_at) values (3148, 'Thị trấn Bá Hiến', 186, NOW());
insert into ExampleDb.address_ward  (id, name, district_id, created_at) values (3149, 'Xã Thiện Kế', 186, NOW());
insert into ExampleDb.address_ward  (id, name, district_id, created_at) values (3150, 'Xã Hương Sơn', 186, NOW());
insert into ExampleDb.address_ward  (id, name, district_id, created_at) values (3151, 'Xã Tam Hợp', 186, NOW());
insert into ExampleDb.address_ward  (id, name, district_id, created_at) values (3152, 'Xã Quất Lưu', 186, NOW());
insert into ExampleDb.address_ward  (id, name, district_id, created_at) values (3153, 'Xã Sơn Lôi', 186, NOW());
insert into ExampleDb.address_ward  (id, name, district_id, created_at) values (3154, 'Thị trấn Đạo Đức', 186, NOW());
insert into ExampleDb.address_ward  (id, name, district_id, created_at) values (3155, 'Xã Tân Phong', 186, NOW());
insert into ExampleDb.address_ward  (id, name, district_id, created_at) values (3156, 'Thị trấn Thanh Lãng', 186, NOW());
insert into ExampleDb.address_ward  (id, name, district_id, created_at) values (3157, 'Xã Phú Xuân', 186, NOW());
insert into ExampleDb.address_district  (id, name, province_id, created_at) values (187, 'Huyện Yên Lạc', 17, NOW());
insert into ExampleDb.address_ward  (id, name, district_id, created_at) values (3158, 'Thị trấn Yên Lạc', 187, NOW());
insert into ExampleDb.address_ward  (id, name, district_id, created_at) values (3159, 'Xã Đồng Cương', 187, NOW());
insert into ExampleDb.address_ward  (id, name, district_id, created_at) values (3160, 'Xã Đồng Văn', 187, NOW());
insert into ExampleDb.address_ward  (id, name, district_id, created_at) values (3161, 'Xã Bình Định', 187, NOW());
insert into ExampleDb.address_ward  (id, name, district_id, created_at) values (3162, 'Xã Trung Nguyên', 187, NOW());
insert into ExampleDb.address_ward  (id, name, district_id, created_at) values (3163, 'Xã Tề Lỗ', 187, NOW());
insert into ExampleDb.address_ward  (id, name, district_id, created_at) values (3164, 'Xã Tam Hồng', 187, NOW());
insert into ExampleDb.address_ward  (id, name, district_id, created_at) values (3165, 'Xã Yên Đồng', 187, NOW());
insert into ExampleDb.address_ward  (id, name, district_id, created_at) values (3166, 'Xã Văn Tiến', 187, NOW());
insert into ExampleDb.address_ward  (id, name, district_id, created_at) values (3167, 'Xã Nguyệt Đức', 187, NOW());
insert into ExampleDb.address_ward  (id, name, district_id, created_at) values (3168, 'Xã Yên Phương', 187, NOW());
insert into ExampleDb.address_ward  (id, name, district_id, created_at) values (3169, 'Xã Hồng Phương', 187, NOW());
insert into ExampleDb.address_ward  (id, name, district_id, created_at) values (3170, 'Xã Trung Kiên', 187, NOW());
insert into ExampleDb.address_ward  (id, name, district_id, created_at) values (3171, 'Xã Liên Châu', 187, NOW());
insert into ExampleDb.address_ward  (id, name, district_id, created_at) values (3172, 'Xã Đại Tự', 187, NOW());
insert into ExampleDb.address_ward  (id, name, district_id, created_at) values (3173, 'Xã Hồng Châu', 187, NOW());
insert into ExampleDb.address_ward  (id, name, district_id, created_at) values (3174, 'Xã Trung Hà', 187, NOW());
insert into ExampleDb.address_district  (id, name, province_id, created_at) values (188, 'Huyện Vĩnh Tường', 17, NOW());
insert into ExampleDb.address_ward  (id, name, district_id, created_at) values (3175, 'Thị trấn Vĩnh Tường', 188, NOW());
insert into ExampleDb.address_ward  (id, name, district_id, created_at) values (3176, 'Xã Kim Xá', 188, NOW());
insert into ExampleDb.address_ward  (id, name, district_id, created_at) values (3177, 'Xã Yên Bình', 188, NOW());
insert into ExampleDb.address_ward  (id, name, district_id, created_at) values (3178, 'Xã Chấn Hưng', 188, NOW());
insert into ExampleDb.address_ward  (id, name, district_id, created_at) values (3179, 'Xã Nghĩa Hưng', 188, NOW());
insert into ExampleDb.address_ward  (id, name, district_id, created_at) values (3180, 'Xã Yên Lập', 188, NOW());
insert into ExampleDb.address_ward  (id, name, district_id, created_at) values (3181, 'Xã Việt Xuân', 188, NOW());
insert into ExampleDb.address_ward  (id, name, district_id, created_at) values (3182, 'Xã Bồ Sao', 188, NOW());
insert into ExampleDb.address_ward  (id, name, district_id, created_at) values (3183, 'Xã Đại Đồng', 188, NOW());
insert into ExampleDb.address_ward  (id, name, district_id, created_at) values (3184, 'Xã Tân Tiến', 188, NOW());
insert into ExampleDb.address_ward  (id, name, district_id, created_at) values (3185, 'Xã Lũng Hoà', 188, NOW());
insert into ExampleDb.address_ward  (id, name, district_id, created_at) values (3186, 'Xã Cao Đại', 188, NOW());
insert into ExampleDb.address_ward  (id, name, district_id, created_at) values (3187, 'Thị Trấn Thổ Tang', 188, NOW());
insert into ExampleDb.address_ward  (id, name, district_id, created_at) values (3188, 'Xã Vĩnh Sơn', 188, NOW());
insert into ExampleDb.address_ward  (id, name, district_id, created_at) values (3189, 'Xã Bình Dương', 188, NOW());
insert into ExampleDb.address_ward  (id, name, district_id, created_at) values (3190, 'Xã Tân Phú', 188, NOW());
insert into ExampleDb.address_ward  (id, name, district_id, created_at) values (3191, 'Xã Thượng Trưng', 188, NOW());
insert into ExampleDb.address_ward  (id, name, district_id, created_at) values (3192, 'Xã Vũ Di', 188, NOW());
insert into ExampleDb.address_ward  (id, name, district_id, created_at) values (3193, 'Xã Lý Nhân', 188, NOW());
insert into ExampleDb.address_ward  (id, name, district_id, created_at) values (3194, 'Xã Tuân Chính', 188, NOW());
insert into ExampleDb.address_ward  (id, name, district_id, created_at) values (3195, 'Xã Vân Xuân', 188, NOW());
insert into ExampleDb.address_ward  (id, name, district_id, created_at) values (3196, 'Xã Tam Phúc', 188, NOW());
insert into ExampleDb.address_ward  (id, name, district_id, created_at) values (3197, 'Thị trấn Tứ Trưng', 188, NOW());
insert into ExampleDb.address_ward  (id, name, district_id, created_at) values (3198, 'Xã Ngũ Kiên', 188, NOW());
insert into ExampleDb.address_ward  (id, name, district_id, created_at) values (3199, 'Xã An Tường', 188, NOW());
insert into ExampleDb.address_ward  (id, name, district_id, created_at) values (3200, 'Xã Vĩnh Thịnh', 188, NOW());
insert into ExampleDb.address_ward  (id, name, district_id, created_at) values (3201, 'Xã Phú Đa', 188, NOW());
insert into ExampleDb.address_ward  (id, name, district_id, created_at) values (3202, 'Xã Vĩnh Ninh', 188, NOW());
insert into ExampleDb.address_district  (id, name, province_id, created_at) values (189, 'Huyện Sông Lô', 17, NOW());
insert into ExampleDb.address_ward  (id, name, district_id, created_at) values (3203, 'Xã Lãng Công', 189, NOW());
insert into ExampleDb.address_ward  (id, name, district_id, created_at) values (3204, 'Xã Quang Yên', 189, NOW());
insert into ExampleDb.address_ward  (id, name, district_id, created_at) values (3205, 'Xã Bạch Lưu', 189, NOW());
insert into ExampleDb.address_ward  (id, name, district_id, created_at) values (3206, 'Xã Hải Lựu', 189, NOW());
insert into ExampleDb.address_ward  (id, name, district_id, created_at) values (3207, 'Xã Đồng Quế', 189, NOW());
insert into ExampleDb.address_ward  (id, name, district_id, created_at) values (3208, 'Xã Nhân Đạo', 189, NOW());
insert into ExampleDb.address_ward  (id, name, district_id, created_at) values (3209, 'Xã Đôn Nhân', 189, NOW());
insert into ExampleDb.address_ward  (id, name, district_id, created_at) values (3210, 'Xã Phương Khoan', 189, NOW());
insert into ExampleDb.address_ward  (id, name, district_id, created_at) values (3211, 'Xã Tân Lập', 189, NOW());
insert into ExampleDb.address_ward  (id, name, district_id, created_at) values (3212, 'Xã Nhạo Sơn', 189, NOW());
insert into ExampleDb.address_ward  (id, name, district_id, created_at) values (3213, 'Thị trấn Tam Sơn', 189, NOW());
insert into ExampleDb.address_ward  (id, name, district_id, created_at) values (3214, 'Xã Như Thụy', 189, NOW());
insert into ExampleDb.address_ward  (id, name, district_id, created_at) values (3215, 'Xã Yên Thạch', 189, NOW());
insert into ExampleDb.address_ward  (id, name, district_id, created_at) values (3216, 'Xã Đồng Thịnh', 189, NOW());
insert into ExampleDb.address_ward  (id, name, district_id, created_at) values (3217, 'Xã Tứ Yên', 189, NOW());
insert into ExampleDb.address_ward  (id, name, district_id, created_at) values (3218, 'Xã Đức Bác', 189, NOW());
insert into ExampleDb.address_ward  (id, name, district_id, created_at) values (3219, 'Xã Cao Phong', 189, NOW());
insert into ExampleDb.address_province (id, name, created_at) values (18, 'Tỉnh Bắc Ninh', NOW());
insert into ExampleDb.address_district  (id, name, province_id, created_at) values (190, 'Thành phố Bắc Ninh', 18, NOW());
insert into ExampleDb.address_ward  (id, name, district_id, created_at) values (3220, 'Phường Vũ Ninh', 190, NOW());
insert into ExampleDb.address_ward  (id, name, district_id, created_at) values (3221, 'Phường Đáp Cầu', 190, NOW());
insert into ExampleDb.address_ward  (id, name, district_id, created_at) values (3222, 'Phường Thị Cầu', 190, NOW());
insert into ExampleDb.address_ward  (id, name, district_id, created_at) values (3223, 'Phường Kinh Bắc', 190, NOW());
insert into ExampleDb.address_ward  (id, name, district_id, created_at) values (3224, 'Phường Vệ An', 190, NOW());
insert into ExampleDb.address_ward  (id, name, district_id, created_at) values (3225, 'Phường Tiền An', 190, NOW());
insert into ExampleDb.address_ward  (id, name, district_id, created_at) values (3226, 'Phường Đại Phúc', 190, NOW());
insert into ExampleDb.address_ward  (id, name, district_id, created_at) values (3227, 'Phường Ninh Xá', 190, NOW());
insert into ExampleDb.address_ward  (id, name, district_id, created_at) values (3228, 'Phường Suối Hoa', 190, NOW());
insert into ExampleDb.address_ward  (id, name, district_id, created_at) values (3229, 'Phường Võ Cường', 190, NOW());
insert into ExampleDb.address_ward  (id, name, district_id, created_at) values (3230, 'Phường Hòa Long', 190, NOW());
insert into ExampleDb.address_ward  (id, name, district_id, created_at) values (3231, 'Phường Vạn An', 190, NOW());
insert into ExampleDb.address_ward  (id, name, district_id, created_at) values (3232, 'Phường Khúc Xuyên', 190, NOW());
insert into ExampleDb.address_ward  (id, name, district_id, created_at) values (3233, 'Phường Phong Khê', 190, NOW());
insert into ExampleDb.address_ward  (id, name, district_id, created_at) values (3234, 'Phường Kim Chân', 190, NOW());
insert into ExampleDb.address_ward  (id, name, district_id, created_at) values (3235, 'Phường Vân Dương', 190, NOW());
insert into ExampleDb.address_ward  (id, name, district_id, created_at) values (3236, 'Phường Nam Sơn', 190, NOW());
insert into ExampleDb.address_ward  (id, name, district_id, created_at) values (3237, 'Phường Khắc Niệm', 190, NOW());
insert into ExampleDb.address_ward  (id, name, district_id, created_at) values (3238, 'Phường Hạp Lĩnh', 190, NOW());
insert into ExampleDb.address_district  (id, name, province_id, created_at) values (191, 'Huyện Yên Phong', 18, NOW());
insert into ExampleDb.address_ward  (id, name, district_id, created_at) values (3239, 'Thị trấn Chờ', 191, NOW());
insert into ExampleDb.address_ward  (id, name, district_id, created_at) values (3240, 'Xã Dũng Liệt', 191, NOW());
insert into ExampleDb.address_ward  (id, name, district_id, created_at) values (3241, 'Xã Tam Đa', 191, NOW());
insert into ExampleDb.address_ward  (id, name, district_id, created_at) values (3242, 'Xã Tam Giang', 191, NOW());
insert into ExampleDb.address_ward  (id, name, district_id, created_at) values (3243, 'Xã Yên Trung', 191, NOW());
insert into ExampleDb.address_ward  (id, name, district_id, created_at) values (3244, 'Xã Thụy Hòa', 191, NOW());
insert into ExampleDb.address_ward  (id, name, district_id, created_at) values (3245, 'Xã Hòa Tiến', 191, NOW());
insert into ExampleDb.address_ward  (id, name, district_id, created_at) values (3246, 'Xã Đông Tiến', 191, NOW());
insert into ExampleDb.address_ward  (id, name, district_id, created_at) values (3247, 'Xã Yên Phụ', 191, NOW());
insert into ExampleDb.address_ward  (id, name, district_id, created_at) values (3248, 'Xã Trung Nghĩa', 191, NOW());
insert into ExampleDb.address_ward  (id, name, district_id, created_at) values (3249, 'Xã Đông Phong', 191, NOW());
insert into ExampleDb.address_ward  (id, name, district_id, created_at) values (3250, 'Xã Long Châu', 191, NOW());
insert into ExampleDb.address_ward  (id, name, district_id, created_at) values (3251, 'Xã Văn Môn', 191, NOW());
insert into ExampleDb.address_ward  (id, name, district_id, created_at) values (3252, 'Xã Đông Thọ', 191, NOW());
insert into ExampleDb.address_district  (id, name, province_id, created_at) values (192, 'Huyện Quế Võ', 18, NOW());
insert into ExampleDb.address_ward  (id, name, district_id, created_at) values (3253, 'Thị trấn Phố Mới', 192, NOW());
insert into ExampleDb.address_ward  (id, name, district_id, created_at) values (3254, 'Xã Việt Thống', 192, NOW());
insert into ExampleDb.address_ward  (id, name, district_id, created_at) values (3255, 'Xã Đại Xuân', 192, NOW());
insert into ExampleDb.address_ward  (id, name, district_id, created_at) values (3256, 'Xã Nhân Hòa', 192, NOW());
insert into ExampleDb.address_ward  (id, name, district_id, created_at) values (3257, 'Xã Bằng An', 192, NOW());
insert into ExampleDb.address_ward  (id, name, district_id, created_at) values (3258, 'Xã Phương Liễu', 192, NOW());
insert into ExampleDb.address_ward  (id, name, district_id, created_at) values (3259, 'Xã Quế Tân', 192, NOW());
insert into ExampleDb.address_ward  (id, name, district_id, created_at) values (3260, 'Xã Phù Lương', 192, NOW());
insert into ExampleDb.address_ward  (id, name, district_id, created_at) values (3261, 'Xã Phù Lãng', 192, NOW());
insert into ExampleDb.address_ward  (id, name, district_id, created_at) values (3262, 'Xã Phượng Mao', 192, NOW());
insert into ExampleDb.address_ward  (id, name, district_id, created_at) values (3263, 'Xã Việt Hùng', 192, NOW());
insert into ExampleDb.address_ward  (id, name, district_id, created_at) values (3264, 'Xã Ngọc Xá', 192, NOW());
insert into ExampleDb.address_ward  (id, name, district_id, created_at) values (3265, 'Xã Châu Phong', 192, NOW());
insert into ExampleDb.address_ward  (id, name, district_id, created_at) values (3266, 'Xã Bồng Lai', 192, NOW());
insert into ExampleDb.address_ward  (id, name, district_id, created_at) values (3267, 'Xã Cách Bi', 192, NOW());
insert into ExampleDb.address_ward  (id, name, district_id, created_at) values (3268, 'Xã Đào Viên', 192, NOW());
insert into ExampleDb.address_ward  (id, name, district_id, created_at) values (3269, 'Xã Yên Giả', 192, NOW());
insert into ExampleDb.address_ward  (id, name, district_id, created_at) values (3270, 'Xã Mộ Đạo', 192, NOW());
insert into ExampleDb.address_ward  (id, name, district_id, created_at) values (3271, 'Xã Đức Long', 192, NOW());
insert into ExampleDb.address_ward  (id, name, district_id, created_at) values (3272, 'Xã Chi Lăng', 192, NOW());
insert into ExampleDb.address_ward  (id, name, district_id, created_at) values (3273, 'Xã Hán Quảng', 192, NOW());
insert into ExampleDb.address_district  (id, name, province_id, created_at) values (193, 'Huyện Tiên Du', 18, NOW());
insert into ExampleDb.address_ward  (id, name, district_id, created_at) values (3274, 'Thị trấn Lim', 193, NOW());
insert into ExampleDb.address_ward  (id, name, district_id, created_at) values (3275, 'Xã Phú Lâm', 193, NOW());
insert into ExampleDb.address_ward  (id, name, district_id, created_at) values (3276, 'Xã Nội Duệ', 193, NOW());
insert into ExampleDb.address_ward  (id, name, district_id, created_at) values (3277, 'Xã Liên Bão', 193, NOW());
insert into ExampleDb.address_ward  (id, name, district_id, created_at) values (3278, 'Xã Hiên Vân', 193, NOW());
insert into ExampleDb.address_ward  (id, name, district_id, created_at) values (3279, 'Xã Hoàn Sơn', 193, NOW());
insert into ExampleDb.address_ward  (id, name, district_id, created_at) values (3280, 'Xã Lạc Vệ', 193, NOW());
insert into ExampleDb.address_ward  (id, name, district_id, created_at) values (3281, 'Xã Việt Đoàn', 193, NOW());
insert into ExampleDb.address_ward  (id, name, district_id, created_at) values (3282, 'Xã Phật Tích', 193, NOW());
insert into ExampleDb.address_ward  (id, name, district_id, created_at) values (3283, 'Xã Tân Chi', 193, NOW());
insert into ExampleDb.address_ward  (id, name, district_id, created_at) values (3284, 'Xã Đại Đồng', 193, NOW());
insert into ExampleDb.address_ward  (id, name, district_id, created_at) values (3285, 'Xã Tri Phương', 193, NOW());
insert into ExampleDb.address_ward  (id, name, district_id, created_at) values (3286, 'Xã Minh Đạo', 193, NOW());
insert into ExampleDb.address_ward  (id, name, district_id, created_at) values (3287, 'Xã Cảnh Hưng', 193, NOW());
insert into ExampleDb.address_district  (id, name, province_id, created_at) values (194, 'Thành phố Từ Sơn', 18, NOW());
insert into ExampleDb.address_ward  (id, name, district_id, created_at) values (3288, 'Phường Đông Ngàn', 194, NOW());
insert into ExampleDb.address_ward  (id, name, district_id, created_at) values (3289, 'Phường Tam Sơn', 194, NOW());
insert into ExampleDb.address_ward  (id, name, district_id, created_at) values (3290, 'Phường Hương Mạc', 194, NOW());
insert into ExampleDb.address_ward  (id, name, district_id, created_at) values (3291, 'Phường Tương Giang', 194, NOW());
insert into ExampleDb.address_ward  (id, name, district_id, created_at) values (3292, 'Phường Phù Khê', 194, NOW());
insert into ExampleDb.address_ward  (id, name, district_id, created_at) values (3293, 'Phường Đồng Kỵ', 194, NOW());
insert into ExampleDb.address_ward  (id, name, district_id, created_at) values (3294, 'Phường Trang Hạ', 194, NOW());
insert into ExampleDb.address_ward  (id, name, district_id, created_at) values (3295, 'Phường Đồng Nguyên', 194, NOW());
insert into ExampleDb.address_ward  (id, name, district_id, created_at) values (3296, 'Phường Châu Khê', 194, NOW());
insert into ExampleDb.address_ward  (id, name, district_id, created_at) values (3297, 'Phường Tân Hồng', 194, NOW());
insert into ExampleDb.address_ward  (id, name, district_id, created_at) values (3298, 'Phường Đình Bảng', 194, NOW());
insert into ExampleDb.address_ward  (id, name, district_id, created_at) values (3299, 'Phường Phù Chẩn', 194, NOW());
insert into ExampleDb.address_district  (id, name, province_id, created_at) values (195, 'Huyện Thuận Thành', 18, NOW());
insert into ExampleDb.address_ward  (id, name, district_id, created_at) values (3300, 'Thị trấn Hồ', 195, NOW());
insert into ExampleDb.address_ward  (id, name, district_id, created_at) values (3301, 'Xã Hoài Thượng', 195, NOW());
insert into ExampleDb.address_ward  (id, name, district_id, created_at) values (3302, 'Xã Đại Đồng Thành', 195, NOW());
insert into ExampleDb.address_ward  (id, name, district_id, created_at) values (3303, 'Xã Mão Điền', 195, NOW());
insert into ExampleDb.address_ward  (id, name, district_id, created_at) values (3304, 'Xã Song Hồ', 195, NOW());
insert into ExampleDb.address_ward  (id, name, district_id, created_at) values (3305, 'Xã Đình Tổ', 195, NOW());
insert into ExampleDb.address_ward  (id, name, district_id, created_at) values (3306, 'Xã An Bình', 195, NOW());
insert into ExampleDb.address_ward  (id, name, district_id, created_at) values (3307, 'Xã Trí Quả', 195, NOW());
insert into ExampleDb.address_ward  (id, name, district_id, created_at) values (3308, 'Xã Gia Đông', 195, NOW());
insert into ExampleDb.address_ward  (id, name, district_id, created_at) values (3309, 'Xã Thanh Khương', 195, NOW());
insert into ExampleDb.address_ward  (id, name, district_id, created_at) values (3310, 'Xã Trạm Lộ', 195, NOW());
insert into ExampleDb.address_ward  (id, name, district_id, created_at) values (3311, 'Xã Xuân Lâm', 195, NOW());
insert into ExampleDb.address_ward  (id, name, district_id, created_at) values (3312, 'Xã Hà Mãn', 195, NOW());
insert into ExampleDb.address_ward  (id, name, district_id, created_at) values (3313, 'Xã Ngũ Thái', 195, NOW());
insert into ExampleDb.address_ward  (id, name, district_id, created_at) values (3314, 'Xã Nguyệt Đức', 195, NOW());
insert into ExampleDb.address_ward  (id, name, district_id, created_at) values (3315, 'Xã Ninh Xá', 195, NOW());
insert into ExampleDb.address_ward  (id, name, district_id, created_at) values (3316, 'Xã Nghĩa Đạo', 195, NOW());
insert into ExampleDb.address_ward  (id, name, district_id, created_at) values (3317, 'Xã Song Liễu', 195, NOW());
insert into ExampleDb.address_district  (id, name, province_id, created_at) values (196, 'Huyện Gia Bình', 18, NOW());
insert into ExampleDb.address_ward  (id, name, district_id, created_at) values (3318, 'Thị trấn Gia Bình', 196, NOW());
insert into ExampleDb.address_ward  (id, name, district_id, created_at) values (3319, 'Xã Vạn Ninh', 196, NOW());
insert into ExampleDb.address_ward  (id, name, district_id, created_at) values (3320, 'Xã Thái Bảo', 196, NOW());
insert into ExampleDb.address_ward  (id, name, district_id, created_at) values (3321, 'Xã Giang Sơn', 196, NOW());
insert into ExampleDb.address_ward  (id, name, district_id, created_at) values (3322, 'Xã Cao Đức', 196, NOW());
insert into ExampleDb.address_ward  (id, name, district_id, created_at) values (3323, 'Xã Đại Lai', 196, NOW());
insert into ExampleDb.address_ward  (id, name, district_id, created_at) values (3324, 'Xã Song Giang', 196, NOW());
insert into ExampleDb.address_ward  (id, name, district_id, created_at) values (3325, 'Xã Bình Dương', 196, NOW());
insert into ExampleDb.address_ward  (id, name, district_id, created_at) values (3326, 'Xã Lãng Ngâm', 196, NOW());
insert into ExampleDb.address_ward  (id, name, district_id, created_at) values (3327, 'Xã Nhân Thắng', 196, NOW());
insert into ExampleDb.address_ward  (id, name, district_id, created_at) values (3328, 'Xã Xuân Lai', 196, NOW());
insert into ExampleDb.address_ward  (id, name, district_id, created_at) values (3329, 'Xã Đông Cứu', 196, NOW());
insert into ExampleDb.address_ward  (id, name, district_id, created_at) values (3330, 'Xã Đại Bái', 196, NOW());
insert into ExampleDb.address_ward  (id, name, district_id, created_at) values (3331, 'Xã Quỳnh Phú', 196, NOW());
insert into ExampleDb.address_district  (id, name, province_id, created_at) values (197, 'Huyện Lương Tài', 18, NOW());
insert into ExampleDb.address_ward  (id, name, district_id, created_at) values (3332, 'Thị trấn Thứa', 197, NOW());
insert into ExampleDb.address_ward  (id, name, district_id, created_at) values (3333, 'Xã An Thịnh', 197, NOW());
insert into ExampleDb.address_ward  (id, name, district_id, created_at) values (3334, 'Xã Trung Kênh', 197, NOW());
insert into ExampleDb.address_ward  (id, name, district_id, created_at) values (3335, 'Xã Phú Hòa', 197, NOW());
insert into ExampleDb.address_ward  (id, name, district_id, created_at) values (3336, 'Xã Mỹ Hương', 197, NOW());
insert into ExampleDb.address_ward  (id, name, district_id, created_at) values (3337, 'Xã Tân Lãng', 197, NOW());
insert into ExampleDb.address_ward  (id, name, district_id, created_at) values (3338, 'Xã Quảng Phú', 197, NOW());
insert into ExampleDb.address_ward  (id, name, district_id, created_at) values (3339, 'Xã Trừng Xá', 197, NOW());
insert into ExampleDb.address_ward  (id, name, district_id, created_at) values (3340, 'Xã Lai Hạ', 197, NOW());
insert into ExampleDb.address_ward  (id, name, district_id, created_at) values (3341, 'Xã Trung Chính', 197, NOW());
insert into ExampleDb.address_ward  (id, name, district_id, created_at) values (3342, 'Xã Minh Tân', 197, NOW());
insert into ExampleDb.address_ward  (id, name, district_id, created_at) values (3343, 'Xã Bình Định', 197, NOW());
insert into ExampleDb.address_ward  (id, name, district_id, created_at) values (3344, 'Xã Phú Lương', 197, NOW());
insert into ExampleDb.address_ward  (id, name, district_id, created_at) values (3345, 'Xã Lâm Thao', 197, NOW());
insert into ExampleDb.address_province (id, name, created_at) values (19, 'Tỉnh Hải Dương', NOW());
insert into ExampleDb.address_district  (id, name, province_id, created_at) values (198, 'Thành phố Hải Dương', 19, NOW());
insert into ExampleDb.address_ward  (id, name, district_id, created_at) values (3346, 'Phường Cẩm Thượng', 198, NOW());
insert into ExampleDb.address_ward  (id, name, district_id, created_at) values (3347, 'Phường Bình Hàn', 198, NOW());
insert into ExampleDb.address_ward  (id, name, district_id, created_at) values (3348, 'Phường Ngọc Châu', 198, NOW());
insert into ExampleDb.address_ward  (id, name, district_id, created_at) values (3349, 'Phường Nhị Châu', 198, NOW());
insert into ExampleDb.address_ward  (id, name, district_id, created_at) values (3350, 'Phường Quang Trung', 198, NOW());
insert into ExampleDb.address_ward  (id, name, district_id, created_at) values (3351, 'Phường Nguyễn Trãi', 198, NOW());
insert into ExampleDb.address_ward  (id, name, district_id, created_at) values (3352, 'Phường Phạm Ngũ Lão', 198, NOW());
insert into ExampleDb.address_ward  (id, name, district_id, created_at) values (3353, 'Phường Trần Hưng Đạo', 198, NOW());
insert into ExampleDb.address_ward  (id, name, district_id, created_at) values (3354, 'Phường Trần Phú', 198, NOW());
insert into ExampleDb.address_ward  (id, name, district_id, created_at) values (3355, 'Phường Thanh Bình', 198, NOW());
insert into ExampleDb.address_ward  (id, name, district_id, created_at) values (3356, 'Phường Tân Bình', 198, NOW());
insert into ExampleDb.address_ward  (id, name, district_id, created_at) values (3357, 'Phường Lê Thanh Nghị', 198, NOW());
insert into ExampleDb.address_ward  (id, name, district_id, created_at) values (3358, 'Phường Hải Tân', 198, NOW());
insert into ExampleDb.address_ward  (id, name, district_id, created_at) values (3359, 'Phường Tứ Minh', 198, NOW());
insert into ExampleDb.address_ward  (id, name, district_id, created_at) values (3360, 'Phường Việt Hoà', 198, NOW());
insert into ExampleDb.address_ward  (id, name, district_id, created_at) values (3361, 'Phường Ái Quốc', 198, NOW());
insert into ExampleDb.address_ward  (id, name, district_id, created_at) values (3362, 'Xã An Thượng', 198, NOW());
insert into ExampleDb.address_ward  (id, name, district_id, created_at) values (3363, 'Phường Nam Đồng', 198, NOW());
insert into ExampleDb.address_ward  (id, name, district_id, created_at) values (3364, 'Xã Quyết Thắng', 198, NOW());
insert into ExampleDb.address_ward  (id, name, district_id, created_at) values (3365, 'Xã Tiền Tiến', 198, NOW());
insert into ExampleDb.address_ward  (id, name, district_id, created_at) values (3366, 'Phường Thạch Khôi', 198, NOW());
insert into ExampleDb.address_ward  (id, name, district_id, created_at) values (3367, 'Xã Liên Hồng', 198, NOW());
insert into ExampleDb.address_ward  (id, name, district_id, created_at) values (3368, 'Phường Tân Hưng', 198, NOW());
insert into ExampleDb.address_ward  (id, name, district_id, created_at) values (3369, 'Xã Gia Xuyên', 198, NOW());
insert into ExampleDb.address_ward  (id, name, district_id, created_at) values (3370, 'Xã Ngọc Sơn', 198, NOW());
insert into ExampleDb.address_district  (id, name, province_id, created_at) values (199, 'Thành phố Chí Linh', 19, NOW());
insert into ExampleDb.address_ward  (id, name, district_id, created_at) values (3371, 'Phường Phả Lại', 199, NOW());
insert into ExampleDb.address_ward  (id, name, district_id, created_at) values (3372, 'Phường Sao Đỏ', 199, NOW());
insert into ExampleDb.address_ward  (id, name, district_id, created_at) values (3373, 'Phường Bến Tắm', 199, NOW());
insert into ExampleDb.address_ward  (id, name, district_id, created_at) values (3374, 'Xã Hoàng Hoa Thám', 199, NOW());
insert into ExampleDb.address_ward  (id, name, district_id, created_at) values (3375, 'Xã Bắc An', 199, NOW());
insert into ExampleDb.address_ward  (id, name, district_id, created_at) values (3376, 'Xã Hưng Đạo', 199, NOW());
insert into ExampleDb.address_ward  (id, name, district_id, created_at) values (3377, 'Xã Lê Lợi', 199, NOW());
insert into ExampleDb.address_ward  (id, name, district_id, created_at) values (3378, 'Phường Hoàng Tiến', 199, NOW());
insert into ExampleDb.address_ward  (id, name, district_id, created_at) values (3379, 'Phường Cộng Hoà', 199, NOW());
insert into ExampleDb.address_ward  (id, name, district_id, created_at) values (3380, 'Phường Hoàng Tân', 199, NOW());
insert into ExampleDb.address_ward  (id, name, district_id, created_at) values (3381, 'Phường Cổ Thành', 199, NOW());
insert into ExampleDb.address_ward  (id, name, district_id, created_at) values (3382, 'Phường Văn An', 199, NOW());
insert into ExampleDb.address_ward  (id, name, district_id, created_at) values (3383, 'Phường Chí Minh', 199, NOW());
insert into ExampleDb.address_ward  (id, name, district_id, created_at) values (3384, 'Phường Văn Đức', 199, NOW());
insert into ExampleDb.address_ward  (id, name, district_id, created_at) values (3385, 'Phường Thái Học', 199, NOW());
insert into ExampleDb.address_ward  (id, name, district_id, created_at) values (3386, 'Xã Nhân Huệ', 199, NOW());
insert into ExampleDb.address_ward  (id, name, district_id, created_at) values (3387, 'Phường An Lạc', 199, NOW());
insert into ExampleDb.address_ward  (id, name, district_id, created_at) values (3388, 'Phường Đồng Lạc', 199, NOW());
insert into ExampleDb.address_ward  (id, name, district_id, created_at) values (3389, 'Phường Tân Dân', 199, NOW());
insert into ExampleDb.address_district  (id, name, province_id, created_at) values (200, 'Huyện Nam Sách', 19, NOW());
insert into ExampleDb.address_ward  (id, name, district_id, created_at) values (3390, 'Thị trấn Nam Sách', 200, NOW());
insert into ExampleDb.address_ward  (id, name, district_id, created_at) values (3391, 'Xã Nam Hưng', 200, NOW());
insert into ExampleDb.address_ward  (id, name, district_id, created_at) values (3392, 'Xã Nam Tân', 200, NOW());
insert into ExampleDb.address_ward  (id, name, district_id, created_at) values (3393, 'Xã Hợp Tiến', 200, NOW());
insert into ExampleDb.address_ward  (id, name, district_id, created_at) values (3394, 'Xã Hiệp Cát', 200, NOW());
insert into ExampleDb.address_ward  (id, name, district_id, created_at) values (3395, 'Xã Thanh Quang', 200, NOW());
insert into ExampleDb.address_ward  (id, name, district_id, created_at) values (3396, 'Xã Quốc Tuấn', 200, NOW());
insert into ExampleDb.address_ward  (id, name, district_id, created_at) values (3397, 'Xã Nam Chính', 200, NOW());
insert into ExampleDb.address_ward  (id, name, district_id, created_at) values (3398, 'Xã An Bình', 200, NOW());
insert into ExampleDb.address_ward  (id, name, district_id, created_at) values (3399, 'Xã Nam Trung', 200, NOW());
insert into ExampleDb.address_ward  (id, name, district_id, created_at) values (3400, 'Xã An Sơn', 200, NOW());
insert into ExampleDb.address_ward  (id, name, district_id, created_at) values (3401, 'Xã Cộng Hòa', 200, NOW());
insert into ExampleDb.address_ward  (id, name, district_id, created_at) values (3402, 'Xã Thái Tân', 200, NOW());
insert into ExampleDb.address_ward  (id, name, district_id, created_at) values (3403, 'Xã An Lâm', 200, NOW());
insert into ExampleDb.address_ward  (id, name, district_id, created_at) values (3404, 'Xã Phú Điền', 200, NOW());
insert into ExampleDb.address_ward  (id, name, district_id, created_at) values (3405, 'Xã Nam Hồng', 200, NOW());
insert into ExampleDb.address_ward  (id, name, district_id, created_at) values (3406, 'Xã Hồng Phong', 200, NOW());
insert into ExampleDb.address_ward  (id, name, district_id, created_at) values (3407, 'Xã Đồng Lạc', 200, NOW());
insert into ExampleDb.address_ward  (id, name, district_id, created_at) values (3408, 'Xã Minh Tân', 200, NOW());
insert into ExampleDb.address_district  (id, name, province_id, created_at) values (201, 'Thị xã Kinh Môn', 19, NOW());
insert into ExampleDb.address_ward  (id, name, district_id, created_at) values (3409, 'Phường An Lưu', 201, NOW());
insert into ExampleDb.address_ward  (id, name, district_id, created_at) values (3410, 'Xã Bạch Đằng', 201, NOW());
insert into ExampleDb.address_ward  (id, name, district_id, created_at) values (3411, 'Phường Thất Hùng', 201, NOW());
insert into ExampleDb.address_ward  (id, name, district_id, created_at) values (3412, 'Xã Lê Ninh', 201, NOW());
insert into ExampleDb.address_ward  (id, name, district_id, created_at) values (3413, 'Xã Hoành Sơn', 201, NOW());
insert into ExampleDb.address_ward  (id, name, district_id, created_at) values (3414, 'Phường Phạm Thái', 201, NOW());
insert into ExampleDb.address_ward  (id, name, district_id, created_at) values (3415, 'Phường Duy Tân', 201, NOW());
insert into ExampleDb.address_ward  (id, name, district_id, created_at) values (3416, 'Phường Tân Dân', 201, NOW());
insert into ExampleDb.address_ward  (id, name, district_id, created_at) values (3417, 'Phường Minh Tân', 201, NOW());
insert into ExampleDb.address_ward  (id, name, district_id, created_at) values (3418, 'Xã Quang Thành', 201, NOW());
insert into ExampleDb.address_ward  (id, name, district_id, created_at) values (3419, 'Xã Hiệp Hòa', 201, NOW());
insert into ExampleDb.address_ward  (id, name, district_id, created_at) values (3420, 'Phường Phú Thứ', 201, NOW());
insert into ExampleDb.address_ward  (id, name, district_id, created_at) values (3421, 'Xã Thăng Long', 201, NOW());
insert into ExampleDb.address_ward  (id, name, district_id, created_at) values (3422, 'Xã Lạc Long', 201, NOW());
insert into ExampleDb.address_ward  (id, name, district_id, created_at) values (3423, 'Phường An Sinh', 201, NOW());
insert into ExampleDb.address_ward  (id, name, district_id, created_at) values (3424, 'Phường Hiệp Sơn', 201, NOW());
insert into ExampleDb.address_ward  (id, name, district_id, created_at) values (3425, 'Xã Thượng Quận', 201, NOW());
insert into ExampleDb.address_ward  (id, name, district_id, created_at) values (3426, 'Phường An Phụ', 201, NOW());
insert into ExampleDb.address_ward  (id, name, district_id, created_at) values (3427, 'Phường Hiệp An', 201, NOW());
insert into ExampleDb.address_ward  (id, name, district_id, created_at) values (3428, 'Phường Long Xuyên', 201, NOW());
insert into ExampleDb.address_ward  (id, name, district_id, created_at) values (3429, 'Phường Thái Thịnh', 201, NOW());
insert into ExampleDb.address_ward  (id, name, district_id, created_at) values (3430, 'Phường Hiến Thành', 201, NOW());
insert into ExampleDb.address_ward  (id, name, district_id, created_at) values (3431, 'Xã Minh Hòa', 201, NOW());
insert into ExampleDb.address_district  (id, name, province_id, created_at) values (202, 'Huyện Kim Thành', 19, NOW());
insert into ExampleDb.address_ward  (id, name, district_id, created_at) values (3432, 'Thị trấn Phú Thái', 202, NOW());
insert into ExampleDb.address_ward  (id, name, district_id, created_at) values (3433, 'Xã Lai Vu', 202, NOW());
insert into ExampleDb.address_ward  (id, name, district_id, created_at) values (3434, 'Xã Cộng Hòa', 202, NOW());
insert into ExampleDb.address_ward  (id, name, district_id, created_at) values (3435, 'Xã Thượng Vũ', 202, NOW());
insert into ExampleDb.address_ward  (id, name, district_id, created_at) values (3436, 'Xã Cổ Dũng', 202, NOW());
insert into ExampleDb.address_ward  (id, name, district_id, created_at) values (3437, 'Xã Tuấn Việt', 202, NOW());
insert into ExampleDb.address_ward  (id, name, district_id, created_at) values (3438, 'Xã Kim Xuyên', 202, NOW());
insert into ExampleDb.address_ward  (id, name, district_id, created_at) values (3439, 'Xã Phúc Thành A', 202, NOW());
insert into ExampleDb.address_ward  (id, name, district_id, created_at) values (3440, 'Xã Ngũ Phúc', 202, NOW());
insert into ExampleDb.address_ward  (id, name, district_id, created_at) values (3441, 'Xã Kim Anh', 202, NOW());
insert into ExampleDb.address_ward  (id, name, district_id, created_at) values (3442, 'Xã Kim Liên', 202, NOW());
insert into ExampleDb.address_ward  (id, name, district_id, created_at) values (3443, 'Xã Kim Tân', 202, NOW());
insert into ExampleDb.address_ward  (id, name, district_id, created_at) values (3444, 'Xã Kim Đính', 202, NOW());
insert into ExampleDb.address_ward  (id, name, district_id, created_at) values (3445, 'Xã Bình Dân', 202, NOW());
insert into ExampleDb.address_ward  (id, name, district_id, created_at) values (3446, 'Xã Tam Kỳ', 202, NOW());
insert into ExampleDb.address_ward  (id, name, district_id, created_at) values (3447, 'Xã Đồng Cẩm', 202, NOW());
insert into ExampleDb.address_ward  (id, name, district_id, created_at) values (3448, 'Xã Liên Hòa', 202, NOW());
insert into ExampleDb.address_ward  (id, name, district_id, created_at) values (3449, 'Xã Đại Đức', 202, NOW());
insert into ExampleDb.address_district  (id, name, province_id, created_at) values (203, 'Huyện Thanh Hà', 19, NOW());
insert into ExampleDb.address_ward  (id, name, district_id, created_at) values (3450, 'Thị trấn Thanh Hà', 203, NOW());
insert into ExampleDb.address_ward  (id, name, district_id, created_at) values (3451, 'Xã Hồng Lạc', 203, NOW());
insert into ExampleDb.address_ward  (id, name, district_id, created_at) values (3452, 'Xã Việt Hồng', 203, NOW());
insert into ExampleDb.address_ward  (id, name, district_id, created_at) values (3453, 'Xã Tân Việt', 203, NOW());
insert into ExampleDb.address_ward  (id, name, district_id, created_at) values (3454, 'Xã Cẩm Chế', 203, NOW());
insert into ExampleDb.address_ward  (id, name, district_id, created_at) values (3455, 'Xã Thanh An', 203, NOW());
insert into ExampleDb.address_ward  (id, name, district_id, created_at) values (3456, 'Xã Thanh Lang', 203, NOW());
insert into ExampleDb.address_ward  (id, name, district_id, created_at) values (3457, 'Xã Tân An', 203, NOW());
insert into ExampleDb.address_ward  (id, name, district_id, created_at) values (3458, 'Xã Liên Mạc', 203, NOW());
insert into ExampleDb.address_ward  (id, name, district_id, created_at) values (3459, 'Xã Thanh Hải', 203, NOW());
insert into ExampleDb.address_ward  (id, name, district_id, created_at) values (3460, 'Xã Thanh Khê', 203, NOW());
insert into ExampleDb.address_ward  (id, name, district_id, created_at) values (3461, 'Xã Thanh Xá', 203, NOW());
insert into ExampleDb.address_ward  (id, name, district_id, created_at) values (3462, 'Xã Thanh Xuân', 203, NOW());
insert into ExampleDb.address_ward  (id, name, district_id, created_at) values (3463, 'Xã Thanh Thủy', 203, NOW());
insert into ExampleDb.address_ward  (id, name, district_id, created_at) values (3464, 'Xã An Phượng', 203, NOW());
insert into ExampleDb.address_ward  (id, name, district_id, created_at) values (3465, 'Xã Thanh Sơn', 203, NOW());
insert into ExampleDb.address_ward  (id, name, district_id, created_at) values (3466, 'Xã Thanh Quang', 203, NOW());
insert into ExampleDb.address_ward  (id, name, district_id, created_at) values (3467, 'Xã Thanh Hồng', 203, NOW());
insert into ExampleDb.address_ward  (id, name, district_id, created_at) values (3468, 'Xã Thanh Cường', 203, NOW());
insert into ExampleDb.address_ward  (id, name, district_id, created_at) values (3469, 'Xã Vĩnh Lập', 203, NOW());
insert into ExampleDb.address_district  (id, name, province_id, created_at) values (204, 'Huyện Cẩm Giàng', 19, NOW());
insert into ExampleDb.address_ward  (id, name, district_id, created_at) values (3470, 'Thị trấn Cẩm Giang', 204, NOW());
insert into ExampleDb.address_ward  (id, name, district_id, created_at) values (3471, 'Thị trấn Lai Cách', 204, NOW());
insert into ExampleDb.address_ward  (id, name, district_id, created_at) values (3472, 'Xã Cẩm Hưng', 204, NOW());
insert into ExampleDb.address_ward  (id, name, district_id, created_at) values (3473, 'Xã Cẩm Hoàng', 204, NOW());
insert into ExampleDb.address_ward  (id, name, district_id, created_at) values (3474, 'Xã Cẩm Văn', 204, NOW());
insert into ExampleDb.address_ward  (id, name, district_id, created_at) values (3475, 'Xã Ngọc Liên', 204, NOW());
insert into ExampleDb.address_ward  (id, name, district_id, created_at) values (3476, 'Xã Thạch Lỗi', 204, NOW());
insert into ExampleDb.address_ward  (id, name, district_id, created_at) values (3477, 'Xã Cẩm Vũ', 204, NOW());
insert into ExampleDb.address_ward  (id, name, district_id, created_at) values (3478, 'Xã Đức Chính', 204, NOW());
insert into ExampleDb.address_ward  (id, name, district_id, created_at) values (3479, 'Xã Định Sơn', 204, NOW());
insert into ExampleDb.address_ward  (id, name, district_id, created_at) values (3480, 'Xã Lương Điền', 204, NOW());
insert into ExampleDb.address_ward  (id, name, district_id, created_at) values (3481, 'Xã Cao An', 204, NOW());
insert into ExampleDb.address_ward  (id, name, district_id, created_at) values (3482, 'Xã Tân Trường', 204, NOW());
insert into ExampleDb.address_ward  (id, name, district_id, created_at) values (3483, 'Xã Cẩm Phúc', 204, NOW());
insert into ExampleDb.address_ward  (id, name, district_id, created_at) values (3484, 'Xã Cẩm Điền', 204, NOW());
insert into ExampleDb.address_ward  (id, name, district_id, created_at) values (3485, 'Xã Cẩm Đông', 204, NOW());
insert into ExampleDb.address_ward  (id, name, district_id, created_at) values (3486, 'Xã Cẩm Đoài', 204, NOW());
insert into ExampleDb.address_district  (id, name, province_id, created_at) values (205, 'Huyện Bình Giang', 19, NOW());
insert into ExampleDb.address_ward  (id, name, district_id, created_at) values (3487, 'Thị trấn Kẻ Sặt', 205, NOW());
insert into ExampleDb.address_ward  (id, name, district_id, created_at) values (3488, 'Xã Vĩnh Hưng', 205, NOW());
insert into ExampleDb.address_ward  (id, name, district_id, created_at) values (3489, 'Xã Hùng Thắng', 205, NOW());
insert into ExampleDb.address_ward  (id, name, district_id, created_at) values (3490, 'Xã Vĩnh Hồng', 205, NOW());
insert into ExampleDb.address_ward  (id, name, district_id, created_at) values (3491, 'Xã Long Xuyên', 205, NOW());
insert into ExampleDb.address_ward  (id, name, district_id, created_at) values (3492, 'Xã Tân Việt', 205, NOW());
insert into ExampleDb.address_ward  (id, name, district_id, created_at) values (3493, 'Xã Thúc Kháng', 205, NOW());
insert into ExampleDb.address_ward  (id, name, district_id, created_at) values (3494, 'Xã Tân Hồng', 205, NOW());
insert into ExampleDb.address_ward  (id, name, district_id, created_at) values (3495, 'Xã Bình Minh', 205, NOW());
insert into ExampleDb.address_ward  (id, name, district_id, created_at) values (3496, 'Xã Hồng Khê', 205, NOW());
insert into ExampleDb.address_ward  (id, name, district_id, created_at) values (3497, 'Xã Thái Học', 205, NOW());
insert into ExampleDb.address_ward  (id, name, district_id, created_at) values (3498, 'Xã Cổ Bì', 205, NOW());
insert into ExampleDb.address_ward  (id, name, district_id, created_at) values (3499, 'Xã Nhân Quyền', 205, NOW());
insert into ExampleDb.address_ward  (id, name, district_id, created_at) values (3500, 'Xã Thái Dương', 205, NOW());
insert into ExampleDb.address_ward  (id, name, district_id, created_at) values (3501, 'Xã Thái Hòa', 205, NOW());
insert into ExampleDb.address_ward  (id, name, district_id, created_at) values (3502, 'Xã Bình Xuyên', 205, NOW());
insert into ExampleDb.address_district  (id, name, province_id, created_at) values (206, 'Huyện Gia Lộc', 19, NOW());
insert into ExampleDb.address_ward  (id, name, district_id, created_at) values (3503, 'Thị trấn Gia Lộc', 206, NOW());
insert into ExampleDb.address_ward  (id, name, district_id, created_at) values (3504, 'Xã Thống Nhất', 206, NOW());
insert into ExampleDb.address_ward  (id, name, district_id, created_at) values (3505, 'Xã Yết Kiêu', 206, NOW());
insert into ExampleDb.address_ward  (id, name, district_id, created_at) values (3506, 'Xã Gia Tân', 206, NOW());
insert into ExampleDb.address_ward  (id, name, district_id, created_at) values (3507, 'Xã Tân Tiến', 206, NOW());
insert into ExampleDb.address_ward  (id, name, district_id, created_at) values (3508, 'Xã Gia Khánh', 206, NOW());
insert into ExampleDb.address_ward  (id, name, district_id, created_at) values (3509, 'Xã Gia Lương', 206, NOW());
insert into ExampleDb.address_ward  (id, name, district_id, created_at) values (3510, 'Xã Lê Lợi', 206, NOW());
insert into ExampleDb.address_ward  (id, name, district_id, created_at) values (3511, 'Xã Toàn Thắng', 206, NOW());
insert into ExampleDb.address_ward  (id, name, district_id, created_at) values (3512, 'Xã Hoàng Diệu', 206, NOW());
insert into ExampleDb.address_ward  (id, name, district_id, created_at) values (3513, 'Xã Hồng Hưng', 206, NOW());
insert into ExampleDb.address_ward  (id, name, district_id, created_at) values (3514, 'Xã Phạm Trấn', 206, NOW());
insert into ExampleDb.address_ward  (id, name, district_id, created_at) values (3515, 'Xã Đoàn Thượng', 206, NOW());
insert into ExampleDb.address_ward  (id, name, district_id, created_at) values (3516, 'Xã Thống Kênh', 206, NOW());
insert into ExampleDb.address_ward  (id, name, district_id, created_at) values (3517, 'Xã Quang Minh', 206, NOW());
insert into ExampleDb.address_ward  (id, name, district_id, created_at) values (3518, 'Xã Đồng Quang', 206, NOW());
insert into ExampleDb.address_ward  (id, name, district_id, created_at) values (3519, 'Xã Nhật Tân', 206, NOW());
insert into ExampleDb.address_ward  (id, name, district_id, created_at) values (3520, 'Xã Đức Xương', 206, NOW());
insert into ExampleDb.address_district  (id, name, province_id, created_at) values (207, 'Huyện Tứ Kỳ', 19, NOW());
insert into ExampleDb.address_ward  (id, name, district_id, created_at) values (3521, 'Thị trấn Tứ Kỳ', 207, NOW());
insert into ExampleDb.address_ward  (id, name, district_id, created_at) values (3522, 'Xã Đại Sơn', 207, NOW());
insert into ExampleDb.address_ward  (id, name, district_id, created_at) values (3523, 'Xã Hưng Đạo', 207, NOW());
insert into ExampleDb.address_ward  (id, name, district_id, created_at) values (3524, 'Xã Ngọc Kỳ', 207, NOW());
insert into ExampleDb.address_ward  (id, name, district_id, created_at) values (3525, 'Xã Bình Lăng', 207, NOW());
insert into ExampleDb.address_ward  (id, name, district_id, created_at) values (3526, 'Xã Chí Minh', 207, NOW());
insert into ExampleDb.address_ward  (id, name, district_id, created_at) values (3527, 'Xã Tái Sơn', 207, NOW());
insert into ExampleDb.address_ward  (id, name, district_id, created_at) values (3528, 'Xã Quang Phục', 207, NOW());
insert into ExampleDb.address_ward  (id, name, district_id, created_at) values (3529, 'Xã Dân Chủ', 207, NOW());
insert into ExampleDb.address_ward  (id, name, district_id, created_at) values (3530, 'Xã Tân Kỳ', 207, NOW());
insert into ExampleDb.address_ward  (id, name, district_id, created_at) values (3531, 'Xã Quang Khải', 207, NOW());
insert into ExampleDb.address_ward  (id, name, district_id, created_at) values (3532, 'Xã Đại Hợp', 207, NOW());
insert into ExampleDb.address_ward  (id, name, district_id, created_at) values (3533, 'Xã Quảng Nghiệp', 207, NOW());
insert into ExampleDb.address_ward  (id, name, district_id, created_at) values (3534, 'Xã An Thanh', 207, NOW());
insert into ExampleDb.address_ward  (id, name, district_id, created_at) values (3535, 'Xã Minh Đức', 207, NOW());
insert into ExampleDb.address_ward  (id, name, district_id, created_at) values (3536, 'Xã Văn Tố', 207, NOW());
insert into ExampleDb.address_ward  (id, name, district_id, created_at) values (3537, 'Xã Quang Trung', 207, NOW());
insert into ExampleDb.address_ward  (id, name, district_id, created_at) values (3538, 'Xã Phượng Kỳ', 207, NOW());
insert into ExampleDb.address_ward  (id, name, district_id, created_at) values (3539, 'Xã Cộng Lạc', 207, NOW());
insert into ExampleDb.address_ward  (id, name, district_id, created_at) values (3540, 'Xã Tiên Động', 207, NOW());
insert into ExampleDb.address_ward  (id, name, district_id, created_at) values (3541, 'Xã Nguyên Giáp', 207, NOW());
insert into ExampleDb.address_ward  (id, name, district_id, created_at) values (3542, 'Xã Hà Kỳ', 207, NOW());
insert into ExampleDb.address_ward  (id, name, district_id, created_at) values (3543, 'Xã Hà Thanh', 207, NOW());
insert into ExampleDb.address_district  (id, name, province_id, created_at) values (208, 'Huyện Ninh Giang', 19, NOW());
insert into ExampleDb.address_ward  (id, name, district_id, created_at) values (3544, 'Thị trấn Ninh Giang', 208, NOW());
insert into ExampleDb.address_ward  (id, name, district_id, created_at) values (3545, 'Xã Ứng Hoè', 208, NOW());
insert into ExampleDb.address_ward  (id, name, district_id, created_at) values (3546, 'Xã Nghĩa An', 208, NOW());
insert into ExampleDb.address_ward  (id, name, district_id, created_at) values (3547, 'Xã Hồng Đức', 208, NOW());
insert into ExampleDb.address_ward  (id, name, district_id, created_at) values (3548, 'Xã An Đức', 208, NOW());
insert into ExampleDb.address_ward  (id, name, district_id, created_at) values (3549, 'Xã Vạn Phúc', 208, NOW());
insert into ExampleDb.address_ward  (id, name, district_id, created_at) values (3550, 'Xã Tân Hương', 208, NOW());
insert into ExampleDb.address_ward  (id, name, district_id, created_at) values (3551, 'Xã Vĩnh Hòa', 208, NOW());
insert into ExampleDb.address_ward  (id, name, district_id, created_at) values (3552, 'Xã Đông Xuyên', 208, NOW());
insert into ExampleDb.address_ward  (id, name, district_id, created_at) values (3553, 'Xã Tân Phong', 208, NOW());
insert into ExampleDb.address_ward  (id, name, district_id, created_at) values (3554, 'Xã Ninh Hải', 208, NOW());
insert into ExampleDb.address_ward  (id, name, district_id, created_at) values (3555, 'Xã Đồng Tâm', 208, NOW());
insert into ExampleDb.address_ward  (id, name, district_id, created_at) values (3556, 'Xã Tân Quang', 208, NOW());
insert into ExampleDb.address_ward  (id, name, district_id, created_at) values (3557, 'Xã Kiến Quốc', 208, NOW());
insert into ExampleDb.address_ward  (id, name, district_id, created_at) values (3558, 'Xã Hồng Dụ', 208, NOW());
insert into ExampleDb.address_ward  (id, name, district_id, created_at) values (3559, 'Xã Văn Hội', 208, NOW());
insert into ExampleDb.address_ward  (id, name, district_id, created_at) values (3560, 'Xã Hồng Phong', 208, NOW());
insert into ExampleDb.address_ward  (id, name, district_id, created_at) values (3561, 'Xã Hiệp Lực', 208, NOW());
insert into ExampleDb.address_ward  (id, name, district_id, created_at) values (3562, 'Xã Hồng Phúc', 208, NOW());
insert into ExampleDb.address_ward  (id, name, district_id, created_at) values (3563, 'Xã Hưng Long', 208, NOW());
insert into ExampleDb.address_district  (id, name, province_id, created_at) values (209, 'Huyện Thanh Miện', 19, NOW());
insert into ExampleDb.address_ward  (id, name, district_id, created_at) values (3564, 'Thị trấn Thanh Miện', 209, NOW());
insert into ExampleDb.address_ward  (id, name, district_id, created_at) values (3565, 'Xã Thanh Tùng', 209, NOW());
insert into ExampleDb.address_ward  (id, name, district_id, created_at) values (3566, 'Xã Phạm Kha', 209, NOW());
insert into ExampleDb.address_ward  (id, name, district_id, created_at) values (3567, 'Xã Ngô Quyền', 209, NOW());
insert into ExampleDb.address_ward  (id, name, district_id, created_at) values (3568, 'Xã Đoàn Tùng', 209, NOW());
insert into ExampleDb.address_ward  (id, name, district_id, created_at) values (3569, 'Xã Hồng Quang', 209, NOW());
insert into ExampleDb.address_ward  (id, name, district_id, created_at) values (3570, 'Xã Tân Trào', 209, NOW());
insert into ExampleDb.address_ward  (id, name, district_id, created_at) values (3571, 'Xã Lam Sơn', 209, NOW());
insert into ExampleDb.address_ward  (id, name, district_id, created_at) values (3572, 'Xã Đoàn Kết', 209, NOW());
insert into ExampleDb.address_ward  (id, name, district_id, created_at) values (3573, 'Xã Lê Hồng', 209, NOW());
insert into ExampleDb.address_ward  (id, name, district_id, created_at) values (3574, 'Xã Tứ Cường', 209, NOW());
insert into ExampleDb.address_ward  (id, name, district_id, created_at) values (3575, 'Xã Ngũ Hùng', 209, NOW());
insert into ExampleDb.address_ward  (id, name, district_id, created_at) values (3576, 'Xã Cao Thắng', 209, NOW());
insert into ExampleDb.address_ward  (id, name, district_id, created_at) values (3577, 'Xã Chi Lăng Bắc', 209, NOW());
insert into ExampleDb.address_ward  (id, name, district_id, created_at) values (3578, 'Xã Chi Lăng Nam', 209, NOW());
insert into ExampleDb.address_ward  (id, name, district_id, created_at) values (3579, 'Xã Thanh Giang', 209, NOW());
insert into ExampleDb.address_ward  (id, name, district_id, created_at) values (3580, 'Xã Hồng Phong', 209, NOW());
insert into ExampleDb.address_province (id, name, created_at) values (20, 'Thành phố Hải Phòng', NOW());
insert into ExampleDb.address_district  (id, name, province_id, created_at) values (210, 'Quận Hồng Bàng', 20, NOW());
insert into ExampleDb.address_ward  (id, name, district_id, created_at) values (3581, 'Phường Quán Toan', 210, NOW());
insert into ExampleDb.address_ward  (id, name, district_id, created_at) values (3582, 'Phường Hùng Vương', 210, NOW());
insert into ExampleDb.address_ward  (id, name, district_id, created_at) values (3583, 'Phường Sở Dầu', 210, NOW());
insert into ExampleDb.address_ward  (id, name, district_id, created_at) values (3584, 'Phường Thượng Lý', 210, NOW());
insert into ExampleDb.address_ward  (id, name, district_id, created_at) values (3585, 'Phường Hạ Lý', 210, NOW());
insert into ExampleDb.address_ward  (id, name, district_id, created_at) values (3586, 'Phường Minh Khai', 210, NOW());
insert into ExampleDb.address_ward  (id, name, district_id, created_at) values (3587, 'Phường Trại Chuối', 210, NOW());
insert into ExampleDb.address_ward  (id, name, district_id, created_at) values (3588, 'Phường Hoàng Văn Thụ', 210, NOW());
insert into ExampleDb.address_ward  (id, name, district_id, created_at) values (3589, 'Phường Phan Bội Châu', 210, NOW());
insert into ExampleDb.address_district  (id, name, province_id, created_at) values (211, 'Quận Ngô Quyền', 20, NOW());
insert into ExampleDb.address_ward  (id, name, district_id, created_at) values (3590, 'Phường Máy Chai', 211, NOW());
insert into ExampleDb.address_ward  (id, name, district_id, created_at) values (3591, 'Phường Máy Tơ', 211, NOW());
insert into ExampleDb.address_ward  (id, name, district_id, created_at) values (3592, 'Phường Vạn Mỹ', 211, NOW());
insert into ExampleDb.address_ward  (id, name, district_id, created_at) values (3593, 'Phường Cầu Tre', 211, NOW());
insert into ExampleDb.address_ward  (id, name, district_id, created_at) values (3594, 'Phường Lạc Viên', 211, NOW());
insert into ExampleDb.address_ward  (id, name, district_id, created_at) values (3595, 'Phường Gia Viên', 211, NOW());
insert into ExampleDb.address_ward  (id, name, district_id, created_at) values (3596, 'Phường Đông Khê', 211, NOW());
insert into ExampleDb.address_ward  (id, name, district_id, created_at) values (3597, 'Phường Cầu Đất', 211, NOW());
insert into ExampleDb.address_ward  (id, name, district_id, created_at) values (3598, 'Phường Lê Lợi', 211, NOW());
insert into ExampleDb.address_ward  (id, name, district_id, created_at) values (3599, 'Phường Đằng Giang', 211, NOW());
insert into ExampleDb.address_ward  (id, name, district_id, created_at) values (3600, 'Phường Lạch Tray', 211, NOW());
insert into ExampleDb.address_ward  (id, name, district_id, created_at) values (3601, 'Phường Đổng Quốc Bình', 211, NOW());
insert into ExampleDb.address_district  (id, name, province_id, created_at) values (212, 'Quận Lê Chân', 20, NOW());
insert into ExampleDb.address_ward  (id, name, district_id, created_at) values (3602, 'Phường Cát Dài', 212, NOW());
insert into ExampleDb.address_ward  (id, name, district_id, created_at) values (3603, 'Phường An Biên', 212, NOW());
insert into ExampleDb.address_ward  (id, name, district_id, created_at) values (3604, 'Phường Lam Sơn', 212, NOW());
insert into ExampleDb.address_ward  (id, name, district_id, created_at) values (3605, 'Phường An Dương', 212, NOW());
insert into ExampleDb.address_ward  (id, name, district_id, created_at) values (3606, 'Phường Trần Nguyên Hãn', 212, NOW());
insert into ExampleDb.address_ward  (id, name, district_id, created_at) values (3607, 'Phường Hồ Nam', 212, NOW());
insert into ExampleDb.address_ward  (id, name, district_id, created_at) values (3608, 'Phường Trại Cau', 212, NOW());
insert into ExampleDb.address_ward  (id, name, district_id, created_at) values (3609, 'Phường Dư Hàng', 212, NOW());
insert into ExampleDb.address_ward  (id, name, district_id, created_at) values (3610, 'Phường Hàng Kênh', 212, NOW());
insert into ExampleDb.address_ward  (id, name, district_id, created_at) values (3611, 'Phường Đông Hải', 212, NOW());
insert into ExampleDb.address_ward  (id, name, district_id, created_at) values (3612, 'Phường Niệm Nghĩa', 212, NOW());
insert into ExampleDb.address_ward  (id, name, district_id, created_at) values (3613, 'Phường Nghĩa Xá', 212, NOW());
insert into ExampleDb.address_ward  (id, name, district_id, created_at) values (3614, 'Phường Dư Hàng Kênh', 212, NOW());
insert into ExampleDb.address_ward  (id, name, district_id, created_at) values (3615, 'Phường Kênh Dương', 212, NOW());
insert into ExampleDb.address_ward  (id, name, district_id, created_at) values (3616, 'Phường Vĩnh Niệm', 212, NOW());
insert into ExampleDb.address_district  (id, name, province_id, created_at) values (213, 'Quận Hải An', 20, NOW());
insert into ExampleDb.address_ward  (id, name, district_id, created_at) values (3617, 'Phường Đông Hải 1', 213, NOW());
insert into ExampleDb.address_ward  (id, name, district_id, created_at) values (3618, 'Phường Đông Hải 2', 213, NOW());
insert into ExampleDb.address_ward  (id, name, district_id, created_at) values (3619, 'Phường Đằng Lâm', 213, NOW());
insert into ExampleDb.address_ward  (id, name, district_id, created_at) values (3620, 'Phường Thành Tô', 213, NOW());
insert into ExampleDb.address_ward  (id, name, district_id, created_at) values (3621, 'Phường Đằng Hải', 213, NOW());
insert into ExampleDb.address_ward  (id, name, district_id, created_at) values (3622, 'Phường Nam Hải', 213, NOW());
insert into ExampleDb.address_ward  (id, name, district_id, created_at) values (3623, 'Phường Cát Bi', 213, NOW());
insert into ExampleDb.address_ward  (id, name, district_id, created_at) values (3624, 'Phường Tràng Cát', 213, NOW());
insert into ExampleDb.address_district  (id, name, province_id, created_at) values (214, 'Quận Kiến An', 20, NOW());
insert into ExampleDb.address_ward  (id, name, district_id, created_at) values (3625, 'Phường Quán Trữ', 214, NOW());
insert into ExampleDb.address_ward  (id, name, district_id, created_at) values (3626, 'Phường Lãm Hà', 214, NOW());
insert into ExampleDb.address_ward  (id, name, district_id, created_at) values (3627, 'Phường Đồng Hoà', 214, NOW());
insert into ExampleDb.address_ward  (id, name, district_id, created_at) values (3628, 'Phường Bắc Sơn', 214, NOW());
insert into ExampleDb.address_ward  (id, name, district_id, created_at) values (3629, 'Phường Nam Sơn', 214, NOW());
insert into ExampleDb.address_ward  (id, name, district_id, created_at) values (3630, 'Phường Ngọc Sơn', 214, NOW());
insert into ExampleDb.address_ward  (id, name, district_id, created_at) values (3631, 'Phường Trần Thành Ngọ', 214, NOW());
insert into ExampleDb.address_ward  (id, name, district_id, created_at) values (3632, 'Phường Văn Đẩu', 214, NOW());
insert into ExampleDb.address_ward  (id, name, district_id, created_at) values (3633, 'Phường Phù Liễn', 214, NOW());
insert into ExampleDb.address_ward  (id, name, district_id, created_at) values (3634, 'Phường Tràng Minh', 214, NOW());
insert into ExampleDb.address_district  (id, name, province_id, created_at) values (215, 'Quận Đồ Sơn', 20, NOW());
insert into ExampleDb.address_ward  (id, name, district_id, created_at) values (3635, 'Phường Ngọc Xuyên', 215, NOW());
insert into ExampleDb.address_ward  (id, name, district_id, created_at) values (3636, 'Phường Hải Sơn', 215, NOW());
insert into ExampleDb.address_ward  (id, name, district_id, created_at) values (3637, 'Phường Vạn Hương', 215, NOW());
insert into ExampleDb.address_ward  (id, name, district_id, created_at) values (3638, 'Phường Minh Đức', 215, NOW());
insert into ExampleDb.address_ward  (id, name, district_id, created_at) values (3639, 'Phường Bàng La', 215, NOW());
insert into ExampleDb.address_ward  (id, name, district_id, created_at) values (3640, 'Phường Hợp Đức', 215, NOW());
insert into ExampleDb.address_district  (id, name, province_id, created_at) values (216, 'Quận Dương Kinh', 20, NOW());
insert into ExampleDb.address_ward  (id, name, district_id, created_at) values (3641, 'Phường Đa Phúc', 216, NOW());
insert into ExampleDb.address_ward  (id, name, district_id, created_at) values (3642, 'Phường Hưng Đạo', 216, NOW());
insert into ExampleDb.address_ward  (id, name, district_id, created_at) values (3643, 'Phường Anh Dũng', 216, NOW());
insert into ExampleDb.address_ward  (id, name, district_id, created_at) values (3644, 'Phường Hải Thành', 216, NOW());
insert into ExampleDb.address_ward  (id, name, district_id, created_at) values (3645, 'Phường Hoà Nghĩa', 216, NOW());
insert into ExampleDb.address_ward  (id, name, district_id, created_at) values (3646, 'Phường Tân Thành', 216, NOW());
insert into ExampleDb.address_district  (id, name, province_id, created_at) values (217, 'Huyện Thuỷ Nguyên', 20, NOW());
insert into ExampleDb.address_ward  (id, name, district_id, created_at) values (3647, 'Thị trấn Núi Đèo', 217, NOW());
insert into ExampleDb.address_ward  (id, name, district_id, created_at) values (3648, 'Thị trấn Minh Đức', 217, NOW());
insert into ExampleDb.address_ward  (id, name, district_id, created_at) values (3649, 'Xã Lại Xuân', 217, NOW());
insert into ExampleDb.address_ward  (id, name, district_id, created_at) values (3650, 'Xã An Sơn', 217, NOW());
insert into ExampleDb.address_ward  (id, name, district_id, created_at) values (3651, 'Xã Kỳ Sơn', 217, NOW());
insert into ExampleDb.address_ward  (id, name, district_id, created_at) values (3652, 'Xã Liên Khê', 217, NOW());
insert into ExampleDb.address_ward  (id, name, district_id, created_at) values (3653, 'Xã Lưu Kiếm', 217, NOW());
insert into ExampleDb.address_ward  (id, name, district_id, created_at) values (3654, 'Xã Lưu Kỳ', 217, NOW());
insert into ExampleDb.address_ward  (id, name, district_id, created_at) values (3655, 'Xã Gia Minh', 217, NOW());
insert into ExampleDb.address_ward  (id, name, district_id, created_at) values (3656, 'Xã Gia Đức', 217, NOW());
insert into ExampleDb.address_ward  (id, name, district_id, created_at) values (3657, 'Xã Minh Tân', 217, NOW());
insert into ExampleDb.address_ward  (id, name, district_id, created_at) values (3658, 'Xã Phù Ninh', 217, NOW());
insert into ExampleDb.address_ward  (id, name, district_id, created_at) values (3659, 'Xã Quảng Thanh', 217, NOW());
insert into ExampleDb.address_ward  (id, name, district_id, created_at) values (3660, 'Xã Chính Mỹ', 217, NOW());
insert into ExampleDb.address_ward  (id, name, district_id, created_at) values (3661, 'Xã Kênh Giang', 217, NOW());
insert into ExampleDb.address_ward  (id, name, district_id, created_at) values (3662, 'Xã Hợp Thành', 217, NOW());
insert into ExampleDb.address_ward  (id, name, district_id, created_at) values (3663, 'Xã Cao Nhân', 217, NOW());
insert into ExampleDb.address_ward  (id, name, district_id, created_at) values (3664, 'Xã Mỹ Đồng', 217, NOW());
insert into ExampleDb.address_ward  (id, name, district_id, created_at) values (3665, 'Xã Đông Sơn', 217, NOW());
insert into ExampleDb.address_ward  (id, name, district_id, created_at) values (3666, 'Xã Hoà Bình', 217, NOW());
insert into ExampleDb.address_ward  (id, name, district_id, created_at) values (3667, 'Xã Trung Hà', 217, NOW());
insert into ExampleDb.address_ward  (id, name, district_id, created_at) values (3668, 'Xã An Lư', 217, NOW());
insert into ExampleDb.address_ward  (id, name, district_id, created_at) values (3669, 'Xã Thuỷ Triều', 217, NOW());
insert into ExampleDb.address_ward  (id, name, district_id, created_at) values (3670, 'Xã Ngũ Lão', 217, NOW());
insert into ExampleDb.address_ward  (id, name, district_id, created_at) values (3671, 'Xã Phục Lễ', 217, NOW());
insert into ExampleDb.address_ward  (id, name, district_id, created_at) values (3672, 'Xã Tam Hưng', 217, NOW());
insert into ExampleDb.address_ward  (id, name, district_id, created_at) values (3673, 'Xã Phả Lễ', 217, NOW());
insert into ExampleDb.address_ward  (id, name, district_id, created_at) values (3674, 'Xã Lập Lễ', 217, NOW());
insert into ExampleDb.address_ward  (id, name, district_id, created_at) values (3675, 'Xã Kiền Bái', 217, NOW());
insert into ExampleDb.address_ward  (id, name, district_id, created_at) values (3676, 'Xã Thiên Hương', 217, NOW());
insert into ExampleDb.address_ward  (id, name, district_id, created_at) values (3677, 'Xã Thuỷ Sơn', 217, NOW());
insert into ExampleDb.address_ward  (id, name, district_id, created_at) values (3678, 'Xã Thuỷ Đường', 217, NOW());
insert into ExampleDb.address_ward  (id, name, district_id, created_at) values (3679, 'Xã Hoàng Động', 217, NOW());
insert into ExampleDb.address_ward  (id, name, district_id, created_at) values (3680, 'Xã Lâm Động', 217, NOW());
insert into ExampleDb.address_ward  (id, name, district_id, created_at) values (3681, 'Xã Hoa Động', 217, NOW());
insert into ExampleDb.address_ward  (id, name, district_id, created_at) values (3682, 'Xã Tân Dương', 217, NOW());
insert into ExampleDb.address_ward  (id, name, district_id, created_at) values (3683, 'Xã Dương Quan', 217, NOW());
insert into ExampleDb.address_district  (id, name, province_id, created_at) values (218, 'Huyện An Dương', 20, NOW());
insert into ExampleDb.address_ward  (id, name, district_id, created_at) values (3684, 'Thị trấn An Dương', 218, NOW());
insert into ExampleDb.address_ward  (id, name, district_id, created_at) values (3685, 'Xã Lê Thiện', 218, NOW());
insert into ExampleDb.address_ward  (id, name, district_id, created_at) values (3686, 'Xã Đại Bản', 218, NOW());
insert into ExampleDb.address_ward  (id, name, district_id, created_at) values (3687, 'Xã An Hoà', 218, NOW());
insert into ExampleDb.address_ward  (id, name, district_id, created_at) values (3688, 'Xã Hồng Phong', 218, NOW());
insert into ExampleDb.address_ward  (id, name, district_id, created_at) values (3689, 'Xã Tân Tiến', 218, NOW());
insert into ExampleDb.address_ward  (id, name, district_id, created_at) values (3690, 'Xã An Hưng', 218, NOW());
insert into ExampleDb.address_ward  (id, name, district_id, created_at) values (3691, 'Xã An Hồng', 218, NOW());
insert into ExampleDb.address_ward  (id, name, district_id, created_at) values (3692, 'Xã Bắc Sơn', 218, NOW());
insert into ExampleDb.address_ward  (id, name, district_id, created_at) values (3693, 'Xã Nam Sơn', 218, NOW());
insert into ExampleDb.address_ward  (id, name, district_id, created_at) values (3694, 'Xã Lê Lợi', 218, NOW());
insert into ExampleDb.address_ward  (id, name, district_id, created_at) values (3695, 'Xã Đặng Cương', 218, NOW());
insert into ExampleDb.address_ward  (id, name, district_id, created_at) values (3696, 'Xã Đồng Thái', 218, NOW());
insert into ExampleDb.address_ward  (id, name, district_id, created_at) values (3697, 'Xã Quốc Tuấn', 218, NOW());
insert into ExampleDb.address_ward  (id, name, district_id, created_at) values (3698, 'Xã An Đồng', 218, NOW());
insert into ExampleDb.address_ward  (id, name, district_id, created_at) values (3699, 'Xã Hồng Thái', 218, NOW());
insert into ExampleDb.address_district  (id, name, province_id, created_at) values (219, 'Huyện An Lão', 20, NOW());
insert into ExampleDb.address_ward  (id, name, district_id, created_at) values (3700, 'Thị trấn An Lão', 219, NOW());
insert into ExampleDb.address_ward  (id, name, district_id, created_at) values (3701, 'Xã Bát Trang', 219, NOW());
insert into ExampleDb.address_ward  (id, name, district_id, created_at) values (3702, 'Xã Trường Thọ', 219, NOW());
insert into ExampleDb.address_ward  (id, name, district_id, created_at) values (3703, 'Xã Trường Thành', 219, NOW());
insert into ExampleDb.address_ward  (id, name, district_id, created_at) values (3704, 'Xã An Tiến', 219, NOW());
insert into ExampleDb.address_ward  (id, name, district_id, created_at) values (3705, 'Xã Quang Hưng', 219, NOW());
insert into ExampleDb.address_ward  (id, name, district_id, created_at) values (3706, 'Xã Quang Trung', 219, NOW());
insert into ExampleDb.address_ward  (id, name, district_id, created_at) values (3707, 'Xã Quốc Tuấn', 219, NOW());
insert into ExampleDb.address_ward  (id, name, district_id, created_at) values (3708, 'Xã An Thắng', 219, NOW());
insert into ExampleDb.address_ward  (id, name, district_id, created_at) values (3709, 'Thị trấn Trường Sơn', 219, NOW());
insert into ExampleDb.address_ward  (id, name, district_id, created_at) values (3710, 'Xã Tân Dân', 219, NOW());
insert into ExampleDb.address_ward  (id, name, district_id, created_at) values (3711, 'Xã Thái Sơn', 219, NOW());
insert into ExampleDb.address_ward  (id, name, district_id, created_at) values (3712, 'Xã Tân Viên', 219, NOW());
insert into ExampleDb.address_ward  (id, name, district_id, created_at) values (3713, 'Xã Mỹ Đức', 219, NOW());
insert into ExampleDb.address_ward  (id, name, district_id, created_at) values (3714, 'Xã Chiến Thắng', 219, NOW());
insert into ExampleDb.address_ward  (id, name, district_id, created_at) values (3715, 'Xã An Thọ', 219, NOW());
insert into ExampleDb.address_ward  (id, name, district_id, created_at) values (3716, 'Xã An Thái', 219, NOW());
insert into ExampleDb.address_district  (id, name, province_id, created_at) values (220, 'Huyện Kiến Thuỵ', 20, NOW());
insert into ExampleDb.address_ward  (id, name, district_id, created_at) values (3717, 'Thị trấn Núi Đối', 220, NOW());
insert into ExampleDb.address_ward  (id, name, district_id, created_at) values (3718, 'Xã Đông Phương', 220, NOW());
insert into ExampleDb.address_ward  (id, name, district_id, created_at) values (3719, 'Xã Thuận Thiên', 220, NOW());
insert into ExampleDb.address_ward  (id, name, district_id, created_at) values (3720, 'Xã Hữu Bằng', 220, NOW());
insert into ExampleDb.address_ward  (id, name, district_id, created_at) values (3721, 'Xã Đại Đồng', 220, NOW());
insert into ExampleDb.address_ward  (id, name, district_id, created_at) values (3722, 'Xã Ngũ Phúc', 220, NOW());
insert into ExampleDb.address_ward  (id, name, district_id, created_at) values (3723, 'Xã Kiến Quốc', 220, NOW());
insert into ExampleDb.address_ward  (id, name, district_id, created_at) values (3724, 'Xã Du Lễ', 220, NOW());
insert into ExampleDb.address_ward  (id, name, district_id, created_at) values (3725, 'Xã Thuỵ Hương', 220, NOW());
insert into ExampleDb.address_ward  (id, name, district_id, created_at) values (3726, 'Xã Thanh Sơn', 220, NOW());
insert into ExampleDb.address_ward  (id, name, district_id, created_at) values (3727, 'Xã Minh Tân', 220, NOW());
insert into ExampleDb.address_ward  (id, name, district_id, created_at) values (3728, 'Xã Đại Hà', 220, NOW());
insert into ExampleDb.address_ward  (id, name, district_id, created_at) values (3729, 'Xã Ngũ Đoan', 220, NOW());
insert into ExampleDb.address_ward  (id, name, district_id, created_at) values (3730, 'Xã Tân Phong', 220, NOW());
insert into ExampleDb.address_ward  (id, name, district_id, created_at) values (3731, 'Xã Tân Trào', 220, NOW());
insert into ExampleDb.address_ward  (id, name, district_id, created_at) values (3732, 'Xã Đoàn Xá', 220, NOW());
insert into ExampleDb.address_ward  (id, name, district_id, created_at) values (3733, 'Xã Tú Sơn', 220, NOW());
insert into ExampleDb.address_ward  (id, name, district_id, created_at) values (3734, 'Xã Đại Hợp', 220, NOW());
insert into ExampleDb.address_district  (id, name, province_id, created_at) values (221, 'Huyện Tiên Lãng', 20, NOW());
insert into ExampleDb.address_ward  (id, name, district_id, created_at) values (3735, 'Thị trấn Tiên Lãng', 221, NOW());
insert into ExampleDb.address_ward  (id, name, district_id, created_at) values (3736, 'Xã Đại Thắng', 221, NOW());
insert into ExampleDb.address_ward  (id, name, district_id, created_at) values (3737, 'Xã Tiên Cường', 221, NOW());
insert into ExampleDb.address_ward  (id, name, district_id, created_at) values (3738, 'Xã Tự Cường', 221, NOW());
insert into ExampleDb.address_ward  (id, name, district_id, created_at) values (3739, 'Xã Quyết Tiến', 221, NOW());
insert into ExampleDb.address_ward  (id, name, district_id, created_at) values (3740, 'Xã Khởi Nghĩa', 221, NOW());
insert into ExampleDb.address_ward  (id, name, district_id, created_at) values (3741, 'Xã Tiên Thanh', 221, NOW());
insert into ExampleDb.address_ward  (id, name, district_id, created_at) values (3742, 'Xã Cấp Tiến', 221, NOW());
insert into ExampleDb.address_ward  (id, name, district_id, created_at) values (3743, 'Xã Kiến Thiết', 221, NOW());
insert into ExampleDb.address_ward  (id, name, district_id, created_at) values (3744, 'Xã Đoàn Lập', 221, NOW());
insert into ExampleDb.address_ward  (id, name, district_id, created_at) values (3745, 'Xã Bạch Đằng', 221, NOW());
insert into ExampleDb.address_ward  (id, name, district_id, created_at) values (3746, 'Xã Quang Phục', 221, NOW());
insert into ExampleDb.address_ward  (id, name, district_id, created_at) values (3747, 'Xã Toàn Thắng', 221, NOW());
insert into ExampleDb.address_ward  (id, name, district_id, created_at) values (3748, 'Xã Tiên Thắng', 221, NOW());
insert into ExampleDb.address_ward  (id, name, district_id, created_at) values (3749, 'Xã Tiên Minh', 221, NOW());
insert into ExampleDb.address_ward  (id, name, district_id, created_at) values (3750, 'Xã Bắc Hưng', 221, NOW());
insert into ExampleDb.address_ward  (id, name, district_id, created_at) values (3751, 'Xã Nam Hưng', 221, NOW());
insert into ExampleDb.address_ward  (id, name, district_id, created_at) values (3752, 'Xã Hùng Thắng', 221, NOW());
insert into ExampleDb.address_ward  (id, name, district_id, created_at) values (3753, 'Xã Tây Hưng', 221, NOW());
insert into ExampleDb.address_ward  (id, name, district_id, created_at) values (3754, 'Xã Đông Hưng', 221, NOW());
insert into ExampleDb.address_ward  (id, name, district_id, created_at) values (3755, 'Xã Vinh Quang', 221, NOW());
insert into ExampleDb.address_district  (id, name, province_id, created_at) values (222, 'Huyện Vĩnh Bảo', 20, NOW());
insert into ExampleDb.address_ward  (id, name, district_id, created_at) values (3756, 'Thị trấn Vĩnh Bảo', 222, NOW());
insert into ExampleDb.address_ward  (id, name, district_id, created_at) values (3757, 'Xã Dũng Tiến', 222, NOW());
insert into ExampleDb.address_ward  (id, name, district_id, created_at) values (3758, 'Xã Giang Biên', 222, NOW());
insert into ExampleDb.address_ward  (id, name, district_id, created_at) values (3759, 'Xã Thắng Thuỷ', 222, NOW());
insert into ExampleDb.address_ward  (id, name, district_id, created_at) values (3760, 'Xã Trung Lập', 222, NOW());
insert into ExampleDb.address_ward  (id, name, district_id, created_at) values (3761, 'Xã Việt Tiến', 222, NOW());
insert into ExampleDb.address_ward  (id, name, district_id, created_at) values (3762, 'Xã Vĩnh An', 222, NOW());
insert into ExampleDb.address_ward  (id, name, district_id, created_at) values (3763, 'Xã Vĩnh Long', 222, NOW());
insert into ExampleDb.address_ward  (id, name, district_id, created_at) values (3764, 'Xã Hiệp Hoà', 222, NOW());
insert into ExampleDb.address_ward  (id, name, district_id, created_at) values (3765, 'Xã Hùng Tiến', 222, NOW());
insert into ExampleDb.address_ward  (id, name, district_id, created_at) values (3766, 'Xã An Hoà', 222, NOW());
insert into ExampleDb.address_ward  (id, name, district_id, created_at) values (3767, 'Xã Tân Hưng', 222, NOW());
insert into ExampleDb.address_ward  (id, name, district_id, created_at) values (3768, 'Xã Tân Liên', 222, NOW());
insert into ExampleDb.address_ward  (id, name, district_id, created_at) values (3769, 'Xã Nhân Hoà', 222, NOW());
insert into ExampleDb.address_ward  (id, name, district_id, created_at) values (3770, 'Xã Tam Đa', 222, NOW());
insert into ExampleDb.address_ward  (id, name, district_id, created_at) values (3771, 'Xã Hưng Nhân', 222, NOW());
insert into ExampleDb.address_ward  (id, name, district_id, created_at) values (3772, 'Xã Vinh Quang', 222, NOW());
insert into ExampleDb.address_ward  (id, name, district_id, created_at) values (3773, 'Xã Đồng Minh', 222, NOW());
insert into ExampleDb.address_ward  (id, name, district_id, created_at) values (3774, 'Xã Thanh Lương', 222, NOW());
insert into ExampleDb.address_ward  (id, name, district_id, created_at) values (3775, 'Xã Liên Am', 222, NOW());
insert into ExampleDb.address_ward  (id, name, district_id, created_at) values (3776, 'Xã Lý Học', 222, NOW());
insert into ExampleDb.address_ward  (id, name, district_id, created_at) values (3777, 'Xã Tam Cường', 222, NOW());
insert into ExampleDb.address_ward  (id, name, district_id, created_at) values (3778, 'Xã Hoà Bình', 222, NOW());
insert into ExampleDb.address_ward  (id, name, district_id, created_at) values (3779, 'Xã Tiền Phong', 222, NOW());
insert into ExampleDb.address_ward  (id, name, district_id, created_at) values (3780, 'Xã Vĩnh Phong', 222, NOW());
insert into ExampleDb.address_ward  (id, name, district_id, created_at) values (3781, 'Xã Cộng Hiền', 222, NOW());
insert into ExampleDb.address_ward  (id, name, district_id, created_at) values (3782, 'Xã Cao Minh', 222, NOW());
insert into ExampleDb.address_ward  (id, name, district_id, created_at) values (3783, 'Xã Cổ Am', 222, NOW());
insert into ExampleDb.address_ward  (id, name, district_id, created_at) values (3784, 'Xã Vĩnh Tiến', 222, NOW());
insert into ExampleDb.address_ward  (id, name, district_id, created_at) values (3785, 'Xã Trấn Dương', 222, NOW());
insert into ExampleDb.address_district  (id, name, province_id, created_at) values (223, 'Huyện Cát Hải', 20, NOW());
insert into ExampleDb.address_ward  (id, name, district_id, created_at) values (3786, 'Thị trấn Cát Bà', 223, NOW());
insert into ExampleDb.address_ward  (id, name, district_id, created_at) values (3787, 'Thị trấn Cát Hải', 223, NOW());
insert into ExampleDb.address_ward  (id, name, district_id, created_at) values (3788, 'Xã Nghĩa Lộ', 223, NOW());
insert into ExampleDb.address_ward  (id, name, district_id, created_at) values (3789, 'Xã Đồng Bài', 223, NOW());
insert into ExampleDb.address_ward  (id, name, district_id, created_at) values (3790, 'Xã Hoàng Châu', 223, NOW());
insert into ExampleDb.address_ward  (id, name, district_id, created_at) values (3791, 'Xã Văn Phong', 223, NOW());
insert into ExampleDb.address_ward  (id, name, district_id, created_at) values (3792, 'Xã Phù Long', 223, NOW());
insert into ExampleDb.address_ward  (id, name, district_id, created_at) values (3793, 'Xã Gia Luận', 223, NOW());
insert into ExampleDb.address_ward  (id, name, district_id, created_at) values (3794, 'Xã Hiền Hào', 223, NOW());
insert into ExampleDb.address_ward  (id, name, district_id, created_at) values (3795, 'Xã Trân Châu', 223, NOW());
insert into ExampleDb.address_ward  (id, name, district_id, created_at) values (3796, 'Xã Việt Hải', 223, NOW());
insert into ExampleDb.address_ward  (id, name, district_id, created_at) values (3797, 'Xã Xuân Đám', 223, NOW());
insert into ExampleDb.address_district  (id, name, province_id, created_at) values (224, 'Huyện Bạch Long Vĩ', 20, NOW());
insert into ExampleDb.address_province (id, name, created_at) values (21, 'Tỉnh Hưng Yên', NOW());
insert into ExampleDb.address_district  (id, name, province_id, created_at) values (225, 'Thành phố Hưng Yên', 21, NOW());
insert into ExampleDb.address_ward  (id, name, district_id, created_at) values (3798, 'Phường Lam Sơn', 225, NOW());
insert into ExampleDb.address_ward  (id, name, district_id, created_at) values (3799, 'Phường Hiến Nam', 225, NOW());
insert into ExampleDb.address_ward  (id, name, district_id, created_at) values (3800, 'Phường An Tảo', 225, NOW());
insert into ExampleDb.address_ward  (id, name, district_id, created_at) values (3801, 'Phường Lê Lợi', 225, NOW());
insert into ExampleDb.address_ward  (id, name, district_id, created_at) values (3802, 'Phường Minh Khai', 225, NOW());
insert into ExampleDb.address_ward  (id, name, district_id, created_at) values (3803, 'Phường Quang Trung', 225, NOW());
insert into ExampleDb.address_ward  (id, name, district_id, created_at) values (3804, 'Phường Hồng Châu', 225, NOW());
insert into ExampleDb.address_ward  (id, name, district_id, created_at) values (3805, 'Xã Trung Nghĩa', 225, NOW());
insert into ExampleDb.address_ward  (id, name, district_id, created_at) values (3806, 'Xã Liên Phương', 225, NOW());
insert into ExampleDb.address_ward  (id, name, district_id, created_at) values (3807, 'Xã Hồng Nam', 225, NOW());
insert into ExampleDb.address_ward  (id, name, district_id, created_at) values (3808, 'Xã Quảng Châu', 225, NOW());
insert into ExampleDb.address_ward  (id, name, district_id, created_at) values (3809, 'Xã Bảo Khê', 225, NOW());
insert into ExampleDb.address_ward  (id, name, district_id, created_at) values (3810, 'Xã Phú Cường', 225, NOW());
insert into ExampleDb.address_ward  (id, name, district_id, created_at) values (3811, 'Xã Hùng Cường', 225, NOW());
insert into ExampleDb.address_ward  (id, name, district_id, created_at) values (3812, 'Xã Phương Chiểu', 225, NOW());
insert into ExampleDb.address_ward  (id, name, district_id, created_at) values (3813, 'Xã Tân Hưng', 225, NOW());
insert into ExampleDb.address_ward  (id, name, district_id, created_at) values (3814, 'Xã Hoàng Hanh', 225, NOW());
insert into ExampleDb.address_district  (id, name, province_id, created_at) values (226, 'Huyện Văn Lâm', 21, NOW());
insert into ExampleDb.address_ward  (id, name, district_id, created_at) values (3815, 'Thị trấn Như Quỳnh', 226, NOW());
insert into ExampleDb.address_ward  (id, name, district_id, created_at) values (3816, 'Xã Lạc Đạo', 226, NOW());
insert into ExampleDb.address_ward  (id, name, district_id, created_at) values (3817, 'Xã Chỉ Đạo', 226, NOW());
insert into ExampleDb.address_ward  (id, name, district_id, created_at) values (3818, 'Xã Đại Đồng', 226, NOW());
insert into ExampleDb.address_ward  (id, name, district_id, created_at) values (3819, 'Xã Việt Hưng', 226, NOW());
insert into ExampleDb.address_ward  (id, name, district_id, created_at) values (3820, 'Xã Tân Quang', 226, NOW());
insert into ExampleDb.address_ward  (id, name, district_id, created_at) values (3821, 'Xã Đình Dù', 226, NOW());
insert into ExampleDb.address_ward  (id, name, district_id, created_at) values (3822, 'Xã Minh Hải', 226, NOW());
insert into ExampleDb.address_ward  (id, name, district_id, created_at) values (3823, 'Xã Lương Tài', 226, NOW());
insert into ExampleDb.address_ward  (id, name, district_id, created_at) values (3824, 'Xã Trưng Trắc', 226, NOW());
insert into ExampleDb.address_ward  (id, name, district_id, created_at) values (3825, 'Xã Lạc Hồng', 226, NOW());
insert into ExampleDb.address_district  (id, name, province_id, created_at) values (227, 'Huyện Văn Giang', 21, NOW());
insert into ExampleDb.address_ward  (id, name, district_id, created_at) values (3826, 'Thị trấn Văn Giang', 227, NOW());
insert into ExampleDb.address_ward  (id, name, district_id, created_at) values (3827, 'Xã Xuân Quan', 227, NOW());
insert into ExampleDb.address_ward  (id, name, district_id, created_at) values (3828, 'Xã Cửu Cao', 227, NOW());
insert into ExampleDb.address_ward  (id, name, district_id, created_at) values (3829, 'Xã Phụng Công', 227, NOW());
insert into ExampleDb.address_ward  (id, name, district_id, created_at) values (3830, 'Xã Nghĩa Trụ', 227, NOW());
insert into ExampleDb.address_ward  (id, name, district_id, created_at) values (3831, 'Xã Long Hưng', 227, NOW());
insert into ExampleDb.address_ward  (id, name, district_id, created_at) values (3832, 'Xã Vĩnh Khúc', 227, NOW());
insert into ExampleDb.address_ward  (id, name, district_id, created_at) values (3833, 'Xã Liên Nghĩa', 227, NOW());
insert into ExampleDb.address_ward  (id, name, district_id, created_at) values (3834, 'Xã Tân Tiến', 227, NOW());
insert into ExampleDb.address_ward  (id, name, district_id, created_at) values (3835, 'Xã Thắng Lợi', 227, NOW());
insert into ExampleDb.address_ward  (id, name, district_id, created_at) values (3836, 'Xã Mễ Sở', 227, NOW());
insert into ExampleDb.address_district  (id, name, province_id, created_at) values (228, 'Huyện Yên Mỹ', 21, NOW());
insert into ExampleDb.address_ward  (id, name, district_id, created_at) values (3837, 'Thị trấn Yên Mỹ', 228, NOW());
insert into ExampleDb.address_ward  (id, name, district_id, created_at) values (3838, 'Xã Giai Phạm', 228, NOW());
insert into ExampleDb.address_ward  (id, name, district_id, created_at) values (3839, 'Xã Nghĩa Hiệp', 228, NOW());
insert into ExampleDb.address_ward  (id, name, district_id, created_at) values (3840, 'Xã Đồng Than', 228, NOW());
insert into ExampleDb.address_ward  (id, name, district_id, created_at) values (3841, 'Xã Ngọc Long', 228, NOW());
insert into ExampleDb.address_ward  (id, name, district_id, created_at) values (3842, 'Xã Liêu Xá', 228, NOW());
insert into ExampleDb.address_ward  (id, name, district_id, created_at) values (3843, 'Xã Hoàn Long', 228, NOW());
insert into ExampleDb.address_ward  (id, name, district_id, created_at) values (3844, 'Xã Tân Lập', 228, NOW());
insert into ExampleDb.address_ward  (id, name, district_id, created_at) values (3845, 'Xã Thanh Long', 228, NOW());
insert into ExampleDb.address_ward  (id, name, district_id, created_at) values (3846, 'Xã Yên Phú', 228, NOW());
insert into ExampleDb.address_ward  (id, name, district_id, created_at) values (3847, 'Xã Việt Cường', 228, NOW());
insert into ExampleDb.address_ward  (id, name, district_id, created_at) values (3848, 'Xã Trung Hòa', 228, NOW());
insert into ExampleDb.address_ward  (id, name, district_id, created_at) values (3849, 'Xã Yên Hòa', 228, NOW());
insert into ExampleDb.address_ward  (id, name, district_id, created_at) values (3850, 'Xã Minh Châu', 228, NOW());
insert into ExampleDb.address_ward  (id, name, district_id, created_at) values (3851, 'Xã Trung Hưng', 228, NOW());
insert into ExampleDb.address_ward  (id, name, district_id, created_at) values (3852, 'Xã Lý Thường Kiệt', 228, NOW());
insert into ExampleDb.address_ward  (id, name, district_id, created_at) values (3853, 'Xã Tân Việt', 228, NOW());
insert into ExampleDb.address_district  (id, name, province_id, created_at) values (229, 'Thị xã Mỹ Hào', 21, NOW());
insert into ExampleDb.address_ward  (id, name, district_id, created_at) values (3854, 'Phường Bần Yên Nhân', 229, NOW());
insert into ExampleDb.address_ward  (id, name, district_id, created_at) values (3855, 'Phường Phan Đình Phùng', 229, NOW());
insert into ExampleDb.address_ward  (id, name, district_id, created_at) values (3856, 'Xã Cẩm Xá', 229, NOW());
insert into ExampleDb.address_ward  (id, name, district_id, created_at) values (3857, 'Xã Dương Quang', 229, NOW());
insert into ExampleDb.address_ward  (id, name, district_id, created_at) values (3858, 'Xã Hòa Phong', 229, NOW());
insert into ExampleDb.address_ward  (id, name, district_id, created_at) values (3859, 'Phường Nhân Hòa', 229, NOW());
insert into ExampleDb.address_ward  (id, name, district_id, created_at) values (3860, 'Phường Dị Sử', 229, NOW());
insert into ExampleDb.address_ward  (id, name, district_id, created_at) values (3861, 'Phường Bạch Sam', 229, NOW());
insert into ExampleDb.address_ward  (id, name, district_id, created_at) values (3862, 'Phường Minh Đức', 229, NOW());
insert into ExampleDb.address_ward  (id, name, district_id, created_at) values (3863, 'Phường Phùng Chí Kiên', 229, NOW());
insert into ExampleDb.address_ward  (id, name, district_id, created_at) values (3864, 'Xã Xuân Dục', 229, NOW());
insert into ExampleDb.address_ward  (id, name, district_id, created_at) values (3865, 'Xã Ngọc Lâm', 229, NOW());
insert into ExampleDb.address_ward  (id, name, district_id, created_at) values (3866, 'Xã Hưng Long', 229, NOW());
insert into ExampleDb.address_district  (id, name, province_id, created_at) values (230, 'Huyện Ân Thi', 21, NOW());
insert into ExampleDb.address_ward  (id, name, district_id, created_at) values (3867, 'Thị trấn Ân Thi', 230, NOW());
insert into ExampleDb.address_ward  (id, name, district_id, created_at) values (3868, 'Xã Phù Ủng', 230, NOW());
insert into ExampleDb.address_ward  (id, name, district_id, created_at) values (3869, 'Xã Bắc Sơn', 230, NOW());
insert into ExampleDb.address_ward  (id, name, district_id, created_at) values (3870, 'Xã Bãi Sậy', 230, NOW());
insert into ExampleDb.address_ward  (id, name, district_id, created_at) values (3871, 'Xã Đào Dương', 230, NOW());
insert into ExampleDb.address_ward  (id, name, district_id, created_at) values (3872, 'Xã Tân Phúc', 230, NOW());
insert into ExampleDb.address_ward  (id, name, district_id, created_at) values (3873, 'Xã Vân Du', 230, NOW());
insert into ExampleDb.address_ward  (id, name, district_id, created_at) values (3874, 'Xã Quang Vinh', 230, NOW());
insert into ExampleDb.address_ward  (id, name, district_id, created_at) values (3875, 'Xã Xuân Trúc', 230, NOW());
insert into ExampleDb.address_ward  (id, name, district_id, created_at) values (3876, 'Xã Hoàng Hoa Thám', 230, NOW());
insert into ExampleDb.address_ward  (id, name, district_id, created_at) values (3877, 'Xã Quảng Lãng', 230, NOW());
insert into ExampleDb.address_ward  (id, name, district_id, created_at) values (3878, 'Xã Văn Nhuệ', 230, NOW());
insert into ExampleDb.address_ward  (id, name, district_id, created_at) values (3879, 'Xã Đặng Lễ', 230, NOW());
insert into ExampleDb.address_ward  (id, name, district_id, created_at) values (3880, 'Xã Cẩm Ninh', 230, NOW());
insert into ExampleDb.address_ward  (id, name, district_id, created_at) values (3881, 'Xã Nguyễn Trãi', 230, NOW());
insert into ExampleDb.address_ward  (id, name, district_id, created_at) values (3882, 'Xã Đa Lộc', 230, NOW());
insert into ExampleDb.address_ward  (id, name, district_id, created_at) values (3883, 'Xã Hồ Tùng Mậu', 230, NOW());
insert into ExampleDb.address_ward  (id, name, district_id, created_at) values (3884, 'Xã Tiền Phong', 230, NOW());
insert into ExampleDb.address_ward  (id, name, district_id, created_at) values (3885, 'Xã Hồng Vân', 230, NOW());
insert into ExampleDb.address_ward  (id, name, district_id, created_at) values (3886, 'Xã Hồng Quang', 230, NOW());
insert into ExampleDb.address_ward  (id, name, district_id, created_at) values (3887, 'Xã Hạ Lễ', 230, NOW());
insert into ExampleDb.address_district  (id, name, province_id, created_at) values (231, 'Huyện Khoái Châu', 21, NOW());
insert into ExampleDb.address_ward  (id, name, district_id, created_at) values (3888, 'Thị trấn Khoái Châu', 231, NOW());
insert into ExampleDb.address_ward  (id, name, district_id, created_at) values (3889, 'Xã Đông Tảo', 231, NOW());
insert into ExampleDb.address_ward  (id, name, district_id, created_at) values (3890, 'Xã Bình Minh', 231, NOW());
insert into ExampleDb.address_ward  (id, name, district_id, created_at) values (3891, 'Xã Dạ Trạch', 231, NOW());
insert into ExampleDb.address_ward  (id, name, district_id, created_at) values (3892, 'Xã Hàm Tử', 231, NOW());
insert into ExampleDb.address_ward  (id, name, district_id, created_at) values (3893, 'Xã Ông Đình', 231, NOW());
insert into ExampleDb.address_ward  (id, name, district_id, created_at) values (3894, 'Xã Tân Dân', 231, NOW());
insert into ExampleDb.address_ward  (id, name, district_id, created_at) values (3895, 'Xã Tứ Dân', 231, NOW());
insert into ExampleDb.address_ward  (id, name, district_id, created_at) values (3896, 'Xã An Vĩ', 231, NOW());
insert into ExampleDb.address_ward  (id, name, district_id, created_at) values (3897, 'Xã Đông Kết', 231, NOW());
insert into ExampleDb.address_ward  (id, name, district_id, created_at) values (3898, 'Xã Bình Kiều', 231, NOW());
insert into ExampleDb.address_ward  (id, name, district_id, created_at) values (3899, 'Xã Dân Tiến', 231, NOW());
insert into ExampleDb.address_ward  (id, name, district_id, created_at) values (3900, 'Xã Đồng Tiến', 231, NOW());
insert into ExampleDb.address_ward  (id, name, district_id, created_at) values (3901, 'Xã Hồng Tiến', 231, NOW());
insert into ExampleDb.address_ward  (id, name, district_id, created_at) values (3902, 'Xã Tân Châu', 231, NOW());
insert into ExampleDb.address_ward  (id, name, district_id, created_at) values (3903, 'Xã Liên Khê', 231, NOW());
insert into ExampleDb.address_ward  (id, name, district_id, created_at) values (3904, 'Xã Phùng Hưng', 231, NOW());
insert into ExampleDb.address_ward  (id, name, district_id, created_at) values (3905, 'Xã Việt Hòa', 231, NOW());
insert into ExampleDb.address_ward  (id, name, district_id, created_at) values (3906, 'Xã Đông Ninh', 231, NOW());
insert into ExampleDb.address_ward  (id, name, district_id, created_at) values (3907, 'Xã Đại Tập', 231, NOW());
insert into ExampleDb.address_ward  (id, name, district_id, created_at) values (3908, 'Xã Chí Tân', 231, NOW());
insert into ExampleDb.address_ward  (id, name, district_id, created_at) values (3909, 'Xã Đại Hưng', 231, NOW());
insert into ExampleDb.address_ward  (id, name, district_id, created_at) values (3910, 'Xã Thuần Hưng', 231, NOW());
insert into ExampleDb.address_ward  (id, name, district_id, created_at) values (3911, 'Xã Thành Công', 231, NOW());
insert into ExampleDb.address_ward  (id, name, district_id, created_at) values (3912, 'Xã Nhuế Dương', 231, NOW());
insert into ExampleDb.address_district  (id, name, province_id, created_at) values (232, 'Huyện Kim Động', 21, NOW());
insert into ExampleDb.address_ward  (id, name, district_id, created_at) values (3913, 'Thị trấn Lương Bằng', 232, NOW());
insert into ExampleDb.address_ward  (id, name, district_id, created_at) values (3914, 'Xã Nghĩa Dân', 232, NOW());
insert into ExampleDb.address_ward  (id, name, district_id, created_at) values (3915, 'Xã Toàn Thắng', 232, NOW());
insert into ExampleDb.address_ward  (id, name, district_id, created_at) values (3916, 'Xã Vĩnh Xá', 232, NOW());
insert into ExampleDb.address_ward  (id, name, district_id, created_at) values (3917, 'Xã Phạm Ngũ Lão', 232, NOW());
insert into ExampleDb.address_ward  (id, name, district_id, created_at) values (3918, 'Xã Thọ Vinh', 232, NOW());
insert into ExampleDb.address_ward  (id, name, district_id, created_at) values (3919, 'Xã Đồng Thanh', 232, NOW());
insert into ExampleDb.address_ward  (id, name, district_id, created_at) values (3920, 'Xã Song Mai', 232, NOW());
insert into ExampleDb.address_ward  (id, name, district_id, created_at) values (3921, 'Xã Chính Nghĩa', 232, NOW());
insert into ExampleDb.address_ward  (id, name, district_id, created_at) values (3922, 'Xã Nhân La', 232, NOW());
insert into ExampleDb.address_ward  (id, name, district_id, created_at) values (3923, 'Xã Phú Thịnh', 232, NOW());
insert into ExampleDb.address_ward  (id, name, district_id, created_at) values (3924, 'Xã Mai Động', 232, NOW());
insert into ExampleDb.address_ward  (id, name, district_id, created_at) values (3925, 'Xã Đức Hợp', 232, NOW());
insert into ExampleDb.address_ward  (id, name, district_id, created_at) values (3926, 'Xã Hùng An', 232, NOW());
insert into ExampleDb.address_ward  (id, name, district_id, created_at) values (3927, 'Xã Ngọc Thanh', 232, NOW());
insert into ExampleDb.address_ward  (id, name, district_id, created_at) values (3928, 'Xã Vũ Xá', 232, NOW());
insert into ExampleDb.address_ward  (id, name, district_id, created_at) values (3929, 'Xã Hiệp Cường', 232, NOW());
insert into ExampleDb.address_district  (id, name, province_id, created_at) values (233, 'Huyện Tiên Lữ', 21, NOW());
insert into ExampleDb.address_ward  (id, name, district_id, created_at) values (3930, 'Thị trấn Vương', 233, NOW());
insert into ExampleDb.address_ward  (id, name, district_id, created_at) values (3931, 'Xã Hưng Đạo', 233, NOW());
insert into ExampleDb.address_ward  (id, name, district_id, created_at) values (3932, 'Xã Ngô Quyền', 233, NOW());
insert into ExampleDb.address_ward  (id, name, district_id, created_at) values (3933, 'Xã Nhật Tân', 233, NOW());
insert into ExampleDb.address_ward  (id, name, district_id, created_at) values (3934, 'Xã Dị Chế', 233, NOW());
insert into ExampleDb.address_ward  (id, name, district_id, created_at) values (3935, 'Xã Lệ Xá', 233, NOW());
insert into ExampleDb.address_ward  (id, name, district_id, created_at) values (3936, 'Xã An Viên', 233, NOW());
insert into ExampleDb.address_ward  (id, name, district_id, created_at) values (3937, 'Xã Đức Thắng', 233, NOW());
insert into ExampleDb.address_ward  (id, name, district_id, created_at) values (3938, 'Xã Trung Dũng', 233, NOW());
insert into ExampleDb.address_ward  (id, name, district_id, created_at) values (3939, 'Xã Hải Triều', 233, NOW());
insert into ExampleDb.address_ward  (id, name, district_id, created_at) values (3940, 'Xã Thủ Sỹ', 233, NOW());
insert into ExampleDb.address_ward  (id, name, district_id, created_at) values (3941, 'Xã Thiện Phiến', 233, NOW());
insert into ExampleDb.address_ward  (id, name, district_id, created_at) values (3942, 'Xã Thụy Lôi', 233, NOW());
insert into ExampleDb.address_ward  (id, name, district_id, created_at) values (3943, 'Xã Cương Chính', 233, NOW());
insert into ExampleDb.address_ward  (id, name, district_id, created_at) values (3944, 'Xã Minh Phượng', 233, NOW());
insert into ExampleDb.address_district  (id, name, province_id, created_at) values (234, 'Huyện Phù Cừ', 21, NOW());
insert into ExampleDb.address_ward  (id, name, district_id, created_at) values (3945, 'Thị trấn Trần Cao', 234, NOW());
insert into ExampleDb.address_ward  (id, name, district_id, created_at) values (3946, 'Xã Minh Tân', 234, NOW());
insert into ExampleDb.address_ward  (id, name, district_id, created_at) values (3947, 'Xã Phan Sào Nam', 234, NOW());
insert into ExampleDb.address_ward  (id, name, district_id, created_at) values (3948, 'Xã Quang Hưng', 234, NOW());
insert into ExampleDb.address_ward  (id, name, district_id, created_at) values (3949, 'Xã Minh Hoàng', 234, NOW());
insert into ExampleDb.address_ward  (id, name, district_id, created_at) values (3950, 'Xã Đoàn Đào', 234, NOW());
insert into ExampleDb.address_ward  (id, name, district_id, created_at) values (3951, 'Xã Tống Phan', 234, NOW());
insert into ExampleDb.address_ward  (id, name, district_id, created_at) values (3952, 'Xã Đình Cao', 234, NOW());
insert into ExampleDb.address_ward  (id, name, district_id, created_at) values (3953, 'Xã Nhật Quang', 234, NOW());
insert into ExampleDb.address_ward  (id, name, district_id, created_at) values (3954, 'Xã Tiền Tiến', 234, NOW());
insert into ExampleDb.address_ward  (id, name, district_id, created_at) values (3955, 'Xã Tam Đa', 234, NOW());
insert into ExampleDb.address_ward  (id, name, district_id, created_at) values (3956, 'Xã Minh Tiến', 234, NOW());
insert into ExampleDb.address_ward  (id, name, district_id, created_at) values (3957, 'Xã Nguyên Hòa', 234, NOW());
insert into ExampleDb.address_ward  (id, name, district_id, created_at) values (3958, 'Xã Tống Trân', 234, NOW());
insert into ExampleDb.address_province (id, name, created_at) values (22, 'Tỉnh Thái Bình', NOW());
insert into ExampleDb.address_district  (id, name, province_id, created_at) values (235, 'Thành phố Thái Bình', 22, NOW());
insert into ExampleDb.address_ward  (id, name, district_id, created_at) values (3959, 'Phường Lê Hồng Phong', 235, NOW());
insert into ExampleDb.address_ward  (id, name, district_id, created_at) values (3960, 'Phường Bồ Xuyên', 235, NOW());
insert into ExampleDb.address_ward  (id, name, district_id, created_at) values (3961, 'Phường Đề Thám', 235, NOW());
insert into ExampleDb.address_ward  (id, name, district_id, created_at) values (3962, 'Phường Kỳ Bá', 235, NOW());
insert into ExampleDb.address_ward  (id, name, district_id, created_at) values (3963, 'Phường Quang Trung', 235, NOW());
insert into ExampleDb.address_ward  (id, name, district_id, created_at) values (3964, 'Phường Phú Khánh', 235, NOW());
insert into ExampleDb.address_ward  (id, name, district_id, created_at) values (3965, 'Phường Tiền Phong', 235, NOW());
insert into ExampleDb.address_ward  (id, name, district_id, created_at) values (3966, 'Phường Trần Hưng Đạo', 235, NOW());
insert into ExampleDb.address_ward  (id, name, district_id, created_at) values (3967, 'Phường Trần Lãm', 235, NOW());
insert into ExampleDb.address_ward  (id, name, district_id, created_at) values (3968, 'Xã Đông Hòa', 235, NOW());
insert into ExampleDb.address_ward  (id, name, district_id, created_at) values (3969, 'Phường Hoàng Diệu', 235, NOW());
insert into ExampleDb.address_ward  (id, name, district_id, created_at) values (3970, 'Xã Phú Xuân', 235, NOW());
insert into ExampleDb.address_ward  (id, name, district_id, created_at) values (3971, 'Xã Vũ Phúc', 235, NOW());
insert into ExampleDb.address_ward  (id, name, district_id, created_at) values (3972, 'Xã Vũ Chính', 235, NOW());
insert into ExampleDb.address_ward  (id, name, district_id, created_at) values (3973, 'Xã Đông Mỹ', 235, NOW());
insert into ExampleDb.address_ward  (id, name, district_id, created_at) values (3974, 'Xã Đông Thọ', 235, NOW());
insert into ExampleDb.address_ward  (id, name, district_id, created_at) values (3975, 'Xã Vũ Đông', 235, NOW());
insert into ExampleDb.address_ward  (id, name, district_id, created_at) values (3976, 'Xã Vũ Lạc', 235, NOW());
insert into ExampleDb.address_ward  (id, name, district_id, created_at) values (3977, 'Xã Tân Bình', 235, NOW());
insert into ExampleDb.address_district  (id, name, province_id, created_at) values (236, 'Huyện Quỳnh Phụ', 22, NOW());
insert into ExampleDb.address_ward  (id, name, district_id, created_at) values (3978, 'Thị trấn Quỳnh Côi', 236, NOW());
insert into ExampleDb.address_ward  (id, name, district_id, created_at) values (3979, 'Xã An Khê', 236, NOW());
insert into ExampleDb.address_ward  (id, name, district_id, created_at) values (3980, 'Xã An Đồng', 236, NOW());
insert into ExampleDb.address_ward  (id, name, district_id, created_at) values (3981, 'Xã Quỳnh Hoa', 236, NOW());
insert into ExampleDb.address_ward  (id, name, district_id, created_at) values (3982, 'Xã Quỳnh Lâm', 236, NOW());
insert into ExampleDb.address_ward  (id, name, district_id, created_at) values (3983, 'Xã Quỳnh Thọ', 236, NOW());
insert into ExampleDb.address_ward  (id, name, district_id, created_at) values (3984, 'Xã An Hiệp', 236, NOW());
insert into ExampleDb.address_ward  (id, name, district_id, created_at) values (3985, 'Xã Quỳnh Hoàng', 236, NOW());
insert into ExampleDb.address_ward  (id, name, district_id, created_at) values (3986, 'Xã Quỳnh Giao', 236, NOW());
insert into ExampleDb.address_ward  (id, name, district_id, created_at) values (3987, 'Xã An Thái', 236, NOW());
insert into ExampleDb.address_ward  (id, name, district_id, created_at) values (3988, 'Xã An Cầu', 236, NOW());
insert into ExampleDb.address_ward  (id, name, district_id, created_at) values (3989, 'Xã Quỳnh Hồng', 236, NOW());
insert into ExampleDb.address_ward  (id, name, district_id, created_at) values (3990, 'Xã Quỳnh Khê', 236, NOW());
insert into ExampleDb.address_ward  (id, name, district_id, created_at) values (3991, 'Xã Quỳnh Minh', 236, NOW());
insert into ExampleDb.address_ward  (id, name, district_id, created_at) values (3992, 'Xã An Ninh', 236, NOW());
insert into ExampleDb.address_ward  (id, name, district_id, created_at) values (3993, 'Xã Quỳnh Ngọc', 236, NOW());
insert into ExampleDb.address_ward  (id, name, district_id, created_at) values (3994, 'Xã Quỳnh Hải', 236, NOW());
insert into ExampleDb.address_ward  (id, name, district_id, created_at) values (3995, 'Thị trấn An Bài', 236, NOW());
insert into ExampleDb.address_ward  (id, name, district_id, created_at) values (3996, 'Xã An Ấp', 236, NOW());
insert into ExampleDb.address_ward  (id, name, district_id, created_at) values (3997, 'Xã Quỳnh Hội', 236, NOW());
insert into ExampleDb.address_ward  (id, name, district_id, created_at) values (3998, 'Xã Châu Sơn', 236, NOW());
insert into ExampleDb.address_ward  (id, name, district_id, created_at) values (3999, 'Xã Quỳnh Mỹ', 236, NOW());
insert into ExampleDb.address_ward  (id, name, district_id, created_at) values (4000, 'Xã An Quí', 236, NOW());
insert into ExampleDb.address_ward  (id, name, district_id, created_at) values (4001, 'Xã An Thanh', 236, NOW());
insert into ExampleDb.address_ward  (id, name, district_id, created_at) values (4002, 'Xã An Vũ', 236, NOW());
insert into ExampleDb.address_ward  (id, name, district_id, created_at) values (4003, 'Xã An Lễ', 236, NOW());
insert into ExampleDb.address_ward  (id, name, district_id, created_at) values (4004, 'Xã Quỳnh Hưng', 236, NOW());
insert into ExampleDb.address_ward  (id, name, district_id, created_at) values (4005, 'Xã Quỳnh Bảo', 236, NOW());
insert into ExampleDb.address_ward  (id, name, district_id, created_at) values (4006, 'Xã An Mỹ', 236, NOW());
insert into ExampleDb.address_ward  (id, name, district_id, created_at) values (4007, 'Xã Quỳnh Nguyên', 236, NOW());
insert into ExampleDb.address_ward  (id, name, district_id, created_at) values (4008, 'Xã An Vinh', 236, NOW());
insert into ExampleDb.address_ward  (id, name, district_id, created_at) values (4009, 'Xã Quỳnh Xá', 236, NOW());
insert into ExampleDb.address_ward  (id, name, district_id, created_at) values (4010, 'Xã An Dục', 236, NOW());
insert into ExampleDb.address_ward  (id, name, district_id, created_at) values (4011, 'Xã Đông Hải', 236, NOW());
insert into ExampleDb.address_ward  (id, name, district_id, created_at) values (4012, 'Xã Quỳnh Trang', 236, NOW());
insert into ExampleDb.address_ward  (id, name, district_id, created_at) values (4013, 'Xã An Tràng', 236, NOW());
insert into ExampleDb.address_ward  (id, name, district_id, created_at) values (4014, 'Xã Đồng Tiến', 236, NOW());
insert into ExampleDb.address_district  (id, name, province_id, created_at) values (237, 'Huyện Hưng Hà', 22, NOW());
insert into ExampleDb.address_ward  (id, name, district_id, created_at) values (4015, 'Thị trấn Hưng Hà', 237, NOW());
insert into ExampleDb.address_ward  (id, name, district_id, created_at) values (4016, 'Xã Điệp Nông', 237, NOW());
insert into ExampleDb.address_ward  (id, name, district_id, created_at) values (4017, 'Xã Tân Lễ', 237, NOW());
insert into ExampleDb.address_ward  (id, name, district_id, created_at) values (4018, 'Xã Cộng Hòa', 237, NOW());
insert into ExampleDb.address_ward  (id, name, district_id, created_at) values (4019, 'Xã Dân Chủ', 237, NOW());
insert into ExampleDb.address_ward  (id, name, district_id, created_at) values (4020, 'Xã Canh Tân', 237, NOW());
insert into ExampleDb.address_ward  (id, name, district_id, created_at) values (4021, 'Xã Hòa Tiến', 237, NOW());
insert into ExampleDb.address_ward  (id, name, district_id, created_at) values (4022, 'Xã Hùng Dũng', 237, NOW());
insert into ExampleDb.address_ward  (id, name, district_id, created_at) values (4023, 'Xã Tân Tiến', 237, NOW());
insert into ExampleDb.address_ward  (id, name, district_id, created_at) values (4024, 'Thị trấn Hưng Nhân', 237, NOW());
insert into ExampleDb.address_ward  (id, name, district_id, created_at) values (4025, 'Xã Đoan Hùng', 237, NOW());
insert into ExampleDb.address_ward  (id, name, district_id, created_at) values (4026, 'Xã Duyên Hải', 237, NOW());
insert into ExampleDb.address_ward  (id, name, district_id, created_at) values (4027, 'Xã Tân Hòa', 237, NOW());
insert into ExampleDb.address_ward  (id, name, district_id, created_at) values (4028, 'Xã Văn Cẩm', 237, NOW());
insert into ExampleDb.address_ward  (id, name, district_id, created_at) values (4029, 'Xã Bắc Sơn', 237, NOW());
insert into ExampleDb.address_ward  (id, name, district_id, created_at) values (4030, 'Xã Đông Đô', 237, NOW());
insert into ExampleDb.address_ward  (id, name, district_id, created_at) values (4031, 'Xã Phúc Khánh', 237, NOW());
insert into ExampleDb.address_ward  (id, name, district_id, created_at) values (4032, 'Xã Liên Hiệp', 237, NOW());
insert into ExampleDb.address_ward  (id, name, district_id, created_at) values (4033, 'Xã Tây Đô', 237, NOW());
insert into ExampleDb.address_ward  (id, name, district_id, created_at) values (4034, 'Xã Thống Nhất', 237, NOW());
insert into ExampleDb.address_ward  (id, name, district_id, created_at) values (4035, 'Xã Tiến Đức', 237, NOW());
insert into ExampleDb.address_ward  (id, name, district_id, created_at) values (4036, 'Xã Thái Hưng', 237, NOW());
insert into ExampleDb.address_ward  (id, name, district_id, created_at) values (4037, 'Xã Thái Phương', 237, NOW());
insert into ExampleDb.address_ward  (id, name, district_id, created_at) values (4038, 'Xã Hòa Bình', 237, NOW());
insert into ExampleDb.address_ward  (id, name, district_id, created_at) values (4039, 'Xã Chi Lăng', 237, NOW());
insert into ExampleDb.address_ward  (id, name, district_id, created_at) values (4040, 'Xã Minh Khai', 237, NOW());
insert into ExampleDb.address_ward  (id, name, district_id, created_at) values (4041, 'Xã Hồng An', 237, NOW());
insert into ExampleDb.address_ward  (id, name, district_id, created_at) values (4042, 'Xã Kim Chung', 237, NOW());
insert into ExampleDb.address_ward  (id, name, district_id, created_at) values (4043, 'Xã Hồng Lĩnh', 237, NOW());
insert into ExampleDb.address_ward  (id, name, district_id, created_at) values (4044, 'Xã Minh Tân', 237, NOW());
insert into ExampleDb.address_ward  (id, name, district_id, created_at) values (4045, 'Xã Văn Lang', 237, NOW());
insert into ExampleDb.address_ward  (id, name, district_id, created_at) values (4046, 'Xã Độc Lập', 237, NOW());
insert into ExampleDb.address_ward  (id, name, district_id, created_at) values (4047, 'Xã Chí Hòa', 237, NOW());
insert into ExampleDb.address_ward  (id, name, district_id, created_at) values (4048, 'Xã Minh Hòa', 237, NOW());
insert into ExampleDb.address_ward  (id, name, district_id, created_at) values (4049, 'Xã Hồng Minh', 237, NOW());
insert into ExampleDb.address_district  (id, name, province_id, created_at) values (238, 'Huyện Đông Hưng', 22, NOW());
insert into ExampleDb.address_ward  (id, name, district_id, created_at) values (4050, 'Thị trấn Đông Hưng', 238, NOW());
insert into ExampleDb.address_ward  (id, name, district_id, created_at) values (4051, 'Xã Đô Lương', 238, NOW());
insert into ExampleDb.address_ward  (id, name, district_id, created_at) values (4052, 'Xã Đông Phương', 238, NOW());
insert into ExampleDb.address_ward  (id, name, district_id, created_at) values (4053, 'Xã Liên Giang', 238, NOW());
insert into ExampleDb.address_ward  (id, name, district_id, created_at) values (4054, 'Xã An Châu', 238, NOW());
insert into ExampleDb.address_ward  (id, name, district_id, created_at) values (4055, 'Xã Đông Sơn', 238, NOW());
insert into ExampleDb.address_ward  (id, name, district_id, created_at) values (4056, 'Xã Đông Cường', 238, NOW());
insert into ExampleDb.address_ward  (id, name, district_id, created_at) values (4057, 'Xã Phú Lương', 238, NOW());
insert into ExampleDb.address_ward  (id, name, district_id, created_at) values (4058, 'Xã Mê Linh', 238, NOW());
insert into ExampleDb.address_ward  (id, name, district_id, created_at) values (4059, 'Xã Lô Giang', 238, NOW());
insert into ExampleDb.address_ward  (id, name, district_id, created_at) values (4060, 'Xã Đông La', 238, NOW());
insert into ExampleDb.address_ward  (id, name, district_id, created_at) values (4061, 'Xã Minh Tân', 238, NOW());
insert into ExampleDb.address_ward  (id, name, district_id, created_at) values (4062, 'Xã Đông Xá', 238, NOW());
insert into ExampleDb.address_ward  (id, name, district_id, created_at) values (4063, 'Xã Chương Dương', 238, NOW());
insert into ExampleDb.address_ward  (id, name, district_id, created_at) values (4064, 'Xã Nguyên Xá', 238, NOW());
insert into ExampleDb.address_ward  (id, name, district_id, created_at) values (4065, 'Xã Phong Châu', 238, NOW());
insert into ExampleDb.address_ward  (id, name, district_id, created_at) values (4066, 'Xã Hợp Tiến', 238, NOW());
insert into ExampleDb.address_ward  (id, name, district_id, created_at) values (4067, 'Xã Hồng Việt', 238, NOW());
insert into ExampleDb.address_ward  (id, name, district_id, created_at) values (4068, 'Xã Hà Giang', 238, NOW());
insert into ExampleDb.address_ward  (id, name, district_id, created_at) values (4069, 'Xã Đông Kinh', 238, NOW());
insert into ExampleDb.address_ward  (id, name, district_id, created_at) values (4070, 'Xã Đông Hợp', 238, NOW());
insert into ExampleDb.address_ward  (id, name, district_id, created_at) values (4071, 'Xã Thăng Long', 238, NOW());
insert into ExampleDb.address_ward  (id, name, district_id, created_at) values (4072, 'Xã Đông Các', 238, NOW());
insert into ExampleDb.address_ward  (id, name, district_id, created_at) values (4073, 'Xã Phú Châu', 238, NOW());
insert into ExampleDb.address_ward  (id, name, district_id, created_at) values (4074, 'Xã Liên Hoa', 238, NOW());
insert into ExampleDb.address_ward  (id, name, district_id, created_at) values (4075, 'Xã Đông Tân', 238, NOW());
insert into ExampleDb.address_ward  (id, name, district_id, created_at) values (4076, 'Xã Đông Vinh', 238, NOW());
insert into ExampleDb.address_ward  (id, name, district_id, created_at) values (4077, 'Xã Đông Động', 238, NOW());
insert into ExampleDb.address_ward  (id, name, district_id, created_at) values (4078, 'Xã Hồng Bạch', 238, NOW());
insert into ExampleDb.address_ward  (id, name, district_id, created_at) values (4079, 'Xã Trọng Quan', 238, NOW());
insert into ExampleDb.address_ward  (id, name, district_id, created_at) values (4080, 'Xã Hồng Giang', 238, NOW());
insert into ExampleDb.address_ward  (id, name, district_id, created_at) values (4081, 'Xã Đông Quan', 238, NOW());
insert into ExampleDb.address_ward  (id, name, district_id, created_at) values (4082, 'Xã Đông Quang', 238, NOW());
insert into ExampleDb.address_ward  (id, name, district_id, created_at) values (4083, 'Xã Đông Xuân', 238, NOW());
insert into ExampleDb.address_ward  (id, name, district_id, created_at) values (4084, 'Xã Đông Á', 238, NOW());
insert into ExampleDb.address_ward  (id, name, district_id, created_at) values (4085, 'Xã Đông Hoàng', 238, NOW());
insert into ExampleDb.address_ward  (id, name, district_id, created_at) values (4086, 'Xã Đông Dương', 238, NOW());
insert into ExampleDb.address_ward  (id, name, district_id, created_at) values (4087, 'Xã Minh Phú', 238, NOW());
insert into ExampleDb.address_district  (id, name, province_id, created_at) values (239, 'Huyện Thái Thụy', 22, NOW());
insert into ExampleDb.address_ward  (id, name, district_id, created_at) values (4088, 'Thị trấn Diêm Điền', 239, NOW());
insert into ExampleDb.address_ward  (id, name, district_id, created_at) values (4089, 'Xã Thụy Trường', 239, NOW());
insert into ExampleDb.address_ward  (id, name, district_id, created_at) values (4090, 'Xã Hồng Dũng', 239, NOW());
insert into ExampleDb.address_ward  (id, name, district_id, created_at) values (4091, 'Xã Thụy Quỳnh', 239, NOW());
insert into ExampleDb.address_ward  (id, name, district_id, created_at) values (4092, 'Xã An Tân', 239, NOW());
insert into ExampleDb.address_ward  (id, name, district_id, created_at) values (4093, 'Xã Thụy Ninh', 239, NOW());
insert into ExampleDb.address_ward  (id, name, district_id, created_at) values (4094, 'Xã Thụy Hưng', 239, NOW());
insert into ExampleDb.address_ward  (id, name, district_id, created_at) values (4095, 'Xã Thụy Việt', 239, NOW());
insert into ExampleDb.address_ward  (id, name, district_id, created_at) values (4096, 'Xã Thụy Văn', 239, NOW());
insert into ExampleDb.address_ward  (id, name, district_id, created_at) values (4097, 'Xã Thụy Xuân', 239, NOW());
insert into ExampleDb.address_ward  (id, name, district_id, created_at) values (4098, 'Xã Dương Phúc', 239, NOW());
insert into ExampleDb.address_ward  (id, name, district_id, created_at) values (4099, 'Xã Thụy Trình', 239, NOW());
insert into ExampleDb.address_ward  (id, name, district_id, created_at) values (4100, 'Xã Thụy Bình', 239, NOW());
insert into ExampleDb.address_ward  (id, name, district_id, created_at) values (4101, 'Xã Thụy Chính', 239, NOW());
insert into ExampleDb.address_ward  (id, name, district_id, created_at) values (4102, 'Xã Thụy Dân', 239, NOW());
insert into ExampleDb.address_ward  (id, name, district_id, created_at) values (4103, 'Xã Thụy Hải', 239, NOW());
insert into ExampleDb.address_ward  (id, name, district_id, created_at) values (4104, 'Xã Thụy Liên', 239, NOW());
insert into ExampleDb.address_ward  (id, name, district_id, created_at) values (4105, 'Xã Thụy Duyên', 239, NOW());
insert into ExampleDb.address_ward  (id, name, district_id, created_at) values (4106, 'Xã Thụy Thanh', 239, NOW());
insert into ExampleDb.address_ward  (id, name, district_id, created_at) values (4107, 'Xã Thụy Sơn', 239, NOW());
insert into ExampleDb.address_ward  (id, name, district_id, created_at) values (4108, 'Xã Thụy Phong', 239, NOW());
insert into ExampleDb.address_ward  (id, name, district_id, created_at) values (4109, 'Xã Thái Thượng', 239, NOW());
insert into ExampleDb.address_ward  (id, name, district_id, created_at) values (4110, 'Xã Thái Nguyên', 239, NOW());
insert into ExampleDb.address_ward  (id, name, district_id, created_at) values (4111, 'Xã Dương Hồng  Thủy', 239, NOW());
insert into ExampleDb.address_ward  (id, name, district_id, created_at) values (4112, 'Xã Thái Giang', 239, NOW());
insert into ExampleDb.address_ward  (id, name, district_id, created_at) values (4113, 'Xã Hòa An', 239, NOW());
insert into ExampleDb.address_ward  (id, name, district_id, created_at) values (4114, 'Xã Sơn Hà', 239, NOW());
insert into ExampleDb.address_ward  (id, name, district_id, created_at) values (4115, 'Xã Thái Phúc', 239, NOW());
insert into ExampleDb.address_ward  (id, name, district_id, created_at) values (4116, 'Xã Thái Hưng', 239, NOW());
insert into ExampleDb.address_ward  (id, name, district_id, created_at) values (4117, 'Xã Thái Đô', 239, NOW());
insert into ExampleDb.address_ward  (id, name, district_id, created_at) values (4118, 'Xã Thái Xuyên', 239, NOW());
insert into ExampleDb.address_ward  (id, name, district_id, created_at) values (4119, 'Xã  Mỹ Lộc', 239, NOW());
insert into ExampleDb.address_ward  (id, name, district_id, created_at) values (4120, 'Xã Tân Học', 239, NOW());
insert into ExampleDb.address_ward  (id, name, district_id, created_at) values (4121, 'Xã Thái Thịnh', 239, NOW());
insert into ExampleDb.address_ward  (id, name, district_id, created_at) values (4122, 'Xã Thuần Thành', 239, NOW());
insert into ExampleDb.address_ward  (id, name, district_id, created_at) values (4123, 'Xã Thái Thọ', 239, NOW());
insert into ExampleDb.address_district  (id, name, province_id, created_at) values (240, 'Huyện Tiền Hải', 22, NOW());
insert into ExampleDb.address_ward  (id, name, district_id, created_at) values (4124, 'Thị trấn Tiền Hải', 240, NOW());
insert into ExampleDb.address_ward  (id, name, district_id, created_at) values (4125, 'Xã Đông Trà', 240, NOW());
insert into ExampleDb.address_ward  (id, name, district_id, created_at) values (4126, 'Xã Đông Long', 240, NOW());
insert into ExampleDb.address_ward  (id, name, district_id, created_at) values (4127, 'Xã Đông Quí', 240, NOW());
insert into ExampleDb.address_ward  (id, name, district_id, created_at) values (4128, 'Xã Vũ Lăng', 240, NOW());
insert into ExampleDb.address_ward  (id, name, district_id, created_at) values (4129, 'Xã Đông Xuyên', 240, NOW());
insert into ExampleDb.address_ward  (id, name, district_id, created_at) values (4130, 'Xã Tây Lương', 240, NOW());
insert into ExampleDb.address_ward  (id, name, district_id, created_at) values (4131, 'Xã Tây Ninh', 240, NOW());
insert into ExampleDb.address_ward  (id, name, district_id, created_at) values (4132, 'Xã Đông Trung', 240, NOW());
insert into ExampleDb.address_ward  (id, name, district_id, created_at) values (4133, 'Xã Đông Hoàng', 240, NOW());
insert into ExampleDb.address_ward  (id, name, district_id, created_at) values (4134, 'Xã Đông Minh', 240, NOW());
insert into ExampleDb.address_ward  (id, name, district_id, created_at) values (4135, 'Xã Đông Phong', 240, NOW());
insert into ExampleDb.address_ward  (id, name, district_id, created_at) values (4136, 'Xã An Ninh', 240, NOW());
insert into ExampleDb.address_ward  (id, name, district_id, created_at) values (4137, 'Xã Đông Cơ', 240, NOW());
insert into ExampleDb.address_ward  (id, name, district_id, created_at) values (4138, 'Xã Tây Giang', 240, NOW());
insert into ExampleDb.address_ward  (id, name, district_id, created_at) values (4139, 'Xã Đông Lâm', 240, NOW());
insert into ExampleDb.address_ward  (id, name, district_id, created_at) values (4140, 'Xã Phương Công', 240, NOW());
insert into ExampleDb.address_ward  (id, name, district_id, created_at) values (4141, 'Xã Tây Phong', 240, NOW());
insert into ExampleDb.address_ward  (id, name, district_id, created_at) values (4142, 'Xã Tây Tiến', 240, NOW());
insert into ExampleDb.address_ward  (id, name, district_id, created_at) values (4143, 'Xã Nam Cường', 240, NOW());
insert into ExampleDb.address_ward  (id, name, district_id, created_at) values (4144, 'Xã Vân Trường', 240, NOW());
insert into ExampleDb.address_ward  (id, name, district_id, created_at) values (4145, 'Xã Nam Thắng', 240, NOW());
insert into ExampleDb.address_ward  (id, name, district_id, created_at) values (4146, 'Xã Nam Chính', 240, NOW());
insert into ExampleDb.address_ward  (id, name, district_id, created_at) values (4147, 'Xã Bắc Hải', 240, NOW());
insert into ExampleDb.address_ward  (id, name, district_id, created_at) values (4148, 'Xã Nam Thịnh', 240, NOW());
insert into ExampleDb.address_ward  (id, name, district_id, created_at) values (4149, 'Xã Nam Hà', 240, NOW());
insert into ExampleDb.address_ward  (id, name, district_id, created_at) values (4150, 'Xã Nam Thanh', 240, NOW());
insert into ExampleDb.address_ward  (id, name, district_id, created_at) values (4151, 'Xã Nam Trung', 240, NOW());
insert into ExampleDb.address_ward  (id, name, district_id, created_at) values (4152, 'Xã Nam Hồng', 240, NOW());
insert into ExampleDb.address_ward  (id, name, district_id, created_at) values (4153, 'Xã Nam Hưng', 240, NOW());
insert into ExampleDb.address_ward  (id, name, district_id, created_at) values (4154, 'Xã Nam Hải', 240, NOW());
insert into ExampleDb.address_ward  (id, name, district_id, created_at) values (4155, 'Xã Nam Phú', 240, NOW());
insert into ExampleDb.address_district  (id, name, province_id, created_at) values (241, 'Huyện Kiến Xương', 22, NOW());
insert into ExampleDb.address_ward  (id, name, district_id, created_at) values (4156, 'Thị trấn Kiến Xương', 241, NOW());
insert into ExampleDb.address_ward  (id, name, district_id, created_at) values (4157, 'Xã Trà Giang', 241, NOW());
insert into ExampleDb.address_ward  (id, name, district_id, created_at) values (4158, 'Xã Quốc Tuấn', 241, NOW());
insert into ExampleDb.address_ward  (id, name, district_id, created_at) values (4159, 'Xã An Bình', 241, NOW());
insert into ExampleDb.address_ward  (id, name, district_id, created_at) values (4160, 'Xã Tây Sơn', 241, NOW());
insert into ExampleDb.address_ward  (id, name, district_id, created_at) values (4161, 'Xã Hồng Thái', 241, NOW());
insert into ExampleDb.address_ward  (id, name, district_id, created_at) values (4162, 'Xã Bình Nguyên', 241, NOW());
insert into ExampleDb.address_ward  (id, name, district_id, created_at) values (4163, 'Xã Lê Lợi', 241, NOW());
insert into ExampleDb.address_ward  (id, name, district_id, created_at) values (4164, 'Xã Vũ Lễ', 241, NOW());
insert into ExampleDb.address_ward  (id, name, district_id, created_at) values (4165, 'Xã Thanh Tân', 241, NOW());
insert into ExampleDb.address_ward  (id, name, district_id, created_at) values (4166, 'Xã Thượng Hiền', 241, NOW());
insert into ExampleDb.address_ward  (id, name, district_id, created_at) values (4167, 'Xã Nam Cao', 241, NOW());
insert into ExampleDb.address_ward  (id, name, district_id, created_at) values (4168, 'Xã Đình Phùng', 241, NOW());
insert into ExampleDb.address_ward  (id, name, district_id, created_at) values (4169, 'Xã Vũ Ninh', 241, NOW());
insert into ExampleDb.address_ward  (id, name, district_id, created_at) values (4170, 'Xã Vũ An', 241, NOW());
insert into ExampleDb.address_ward  (id, name, district_id, created_at) values (4171, 'Xã Quang Lịch', 241, NOW());
insert into ExampleDb.address_ward  (id, name, district_id, created_at) values (4172, 'Xã Hòa Bình', 241, NOW());
insert into ExampleDb.address_ward  (id, name, district_id, created_at) values (4173, 'Xã Bình Minh', 241, NOW());
insert into ExampleDb.address_ward  (id, name, district_id, created_at) values (4174, 'Xã Vũ Quí', 241, NOW());
insert into ExampleDb.address_ward  (id, name, district_id, created_at) values (4175, 'Xã Quang Bình', 241, NOW());
insert into ExampleDb.address_ward  (id, name, district_id, created_at) values (4176, 'Xã Vũ Trung', 241, NOW());
insert into ExampleDb.address_ward  (id, name, district_id, created_at) values (4177, 'Xã Vũ Thắng', 241, NOW());
insert into ExampleDb.address_ward  (id, name, district_id, created_at) values (4178, 'Xã Vũ Công', 241, NOW());
insert into ExampleDb.address_ward  (id, name, district_id, created_at) values (4179, 'Xã Vũ Hòa', 241, NOW());
insert into ExampleDb.address_ward  (id, name, district_id, created_at) values (4180, 'Xã Quang Minh', 241, NOW());
insert into ExampleDb.address_ward  (id, name, district_id, created_at) values (4181, 'Xã Quang Trung', 241, NOW());
insert into ExampleDb.address_ward  (id, name, district_id, created_at) values (4182, 'Xã Minh Quang', 241, NOW());
insert into ExampleDb.address_ward  (id, name, district_id, created_at) values (4183, 'Xã Vũ Bình', 241, NOW());
insert into ExampleDb.address_ward  (id, name, district_id, created_at) values (4184, 'Xã Minh Tân', 241, NOW());
insert into ExampleDb.address_ward  (id, name, district_id, created_at) values (4185, 'Xã Nam Bình', 241, NOW());
insert into ExampleDb.address_ward  (id, name, district_id, created_at) values (4186, 'Xã Bình Thanh', 241, NOW());
insert into ExampleDb.address_ward  (id, name, district_id, created_at) values (4187, 'Xã Bình Định', 241, NOW());
insert into ExampleDb.address_ward  (id, name, district_id, created_at) values (4188, 'Xã Hồng Tiến', 241, NOW());
insert into ExampleDb.address_district  (id, name, province_id, created_at) values (242, 'Huyện Vũ Thư', 22, NOW());
insert into ExampleDb.address_ward  (id, name, district_id, created_at) values (4189, 'Thị trấn Vũ Thư', 242, NOW());
insert into ExampleDb.address_ward  (id, name, district_id, created_at) values (4190, 'Xã Hồng Lý', 242, NOW());
insert into ExampleDb.address_ward  (id, name, district_id, created_at) values (4191, 'Xã Đồng Thanh', 242, NOW());
insert into ExampleDb.address_ward  (id, name, district_id, created_at) values (4192, 'Xã Xuân Hòa', 242, NOW());
insert into ExampleDb.address_ward  (id, name, district_id, created_at) values (4193, 'Xã Hiệp Hòa', 242, NOW());
insert into ExampleDb.address_ward  (id, name, district_id, created_at) values (4194, 'Xã Phúc Thành', 242, NOW());
insert into ExampleDb.address_ward  (id, name, district_id, created_at) values (4195, 'Xã Tân Phong', 242, NOW());
insert into ExampleDb.address_ward  (id, name, district_id, created_at) values (4196, 'Xã Song Lãng', 242, NOW());
insert into ExampleDb.address_ward  (id, name, district_id, created_at) values (4197, 'Xã Tân Hòa', 242, NOW());
insert into ExampleDb.address_ward  (id, name, district_id, created_at) values (4198, 'Xã Việt Hùng', 242, NOW());
insert into ExampleDb.address_ward  (id, name, district_id, created_at) values (4199, 'Xã Minh Lãng', 242, NOW());
insert into ExampleDb.address_ward  (id, name, district_id, created_at) values (4200, 'Xã Minh Khai', 242, NOW());
insert into ExampleDb.address_ward  (id, name, district_id, created_at) values (4201, 'Xã Dũng Nghĩa', 242, NOW());
insert into ExampleDb.address_ward  (id, name, district_id, created_at) values (4202, 'Xã Minh Quang', 242, NOW());
insert into ExampleDb.address_ward  (id, name, district_id, created_at) values (4203, 'Xã Tam Quang', 242, NOW());
insert into ExampleDb.address_ward  (id, name, district_id, created_at) values (4204, 'Xã Tân Lập', 242, NOW());
insert into ExampleDb.address_ward  (id, name, district_id, created_at) values (4205, 'Xã Bách Thuận', 242, NOW());
insert into ExampleDb.address_ward  (id, name, district_id, created_at) values (4206, 'Xã Tự Tân', 242, NOW());
insert into ExampleDb.address_ward  (id, name, district_id, created_at) values (4207, 'Xã Song An', 242, NOW());
insert into ExampleDb.address_ward  (id, name, district_id, created_at) values (4208, 'Xã Trung An', 242, NOW());
insert into ExampleDb.address_ward  (id, name, district_id, created_at) values (4209, 'Xã Vũ Hội', 242, NOW());
insert into ExampleDb.address_ward  (id, name, district_id, created_at) values (4210, 'Xã Hòa Bình', 242, NOW());
insert into ExampleDb.address_ward  (id, name, district_id, created_at) values (4211, 'Xã Nguyên Xá', 242, NOW());
insert into ExampleDb.address_ward  (id, name, district_id, created_at) values (4212, 'Xã Việt Thuận', 242, NOW());
insert into ExampleDb.address_ward  (id, name, district_id, created_at) values (4213, 'Xã Vũ Vinh', 242, NOW());
insert into ExampleDb.address_ward  (id, name, district_id, created_at) values (4214, 'Xã Vũ Đoài', 242, NOW());
insert into ExampleDb.address_ward  (id, name, district_id, created_at) values (4215, 'Xã Vũ Tiến', 242, NOW());
insert into ExampleDb.address_ward  (id, name, district_id, created_at) values (4216, 'Xã Vũ Vân', 242, NOW());
insert into ExampleDb.address_ward  (id, name, district_id, created_at) values (4217, 'Xã Duy Nhất', 242, NOW());
insert into ExampleDb.address_ward  (id, name, district_id, created_at) values (4218, 'Xã Hồng Phong', 242, NOW());
insert into ExampleDb.address_province (id, name, created_at) values (23, 'Tỉnh Hà Nam', NOW());
insert into ExampleDb.address_district  (id, name, province_id, created_at) values (243, 'Thành phố Phủ Lý', 23, NOW());
insert into ExampleDb.address_ward  (id, name, district_id, created_at) values (4219, 'Phường Quang Trung', 243, NOW());
insert into ExampleDb.address_ward  (id, name, district_id, created_at) values (4220, 'Phường Lương Khánh Thiện', 243, NOW());
insert into ExampleDb.address_ward  (id, name, district_id, created_at) values (4221, 'Phường Lê Hồng Phong', 243, NOW());
insert into ExampleDb.address_ward  (id, name, district_id, created_at) values (4222, 'Phường Minh Khai', 243, NOW());
insert into ExampleDb.address_ward  (id, name, district_id, created_at) values (4223, 'Phường Hai Bà Trưng', 243, NOW());
insert into ExampleDb.address_ward  (id, name, district_id, created_at) values (4224, 'Phường Trần Hưng Đạo', 243, NOW());
insert into ExampleDb.address_ward  (id, name, district_id, created_at) values (4225, 'Phường Lam Hạ', 243, NOW());
insert into ExampleDb.address_ward  (id, name, district_id, created_at) values (4226, 'Xã Phù Vân', 243, NOW());
insert into ExampleDb.address_ward  (id, name, district_id, created_at) values (4227, 'Phường Liêm Chính', 243, NOW());
insert into ExampleDb.address_ward  (id, name, district_id, created_at) values (4228, 'Xã Liêm Chung', 243, NOW());
insert into ExampleDb.address_ward  (id, name, district_id, created_at) values (4229, 'Phường Thanh Châu', 243, NOW());
insert into ExampleDb.address_ward  (id, name, district_id, created_at) values (4230, 'Phường Châu Sơn', 243, NOW());
insert into ExampleDb.address_ward  (id, name, district_id, created_at) values (4231, 'Xã Tiên Tân', 243, NOW());
insert into ExampleDb.address_ward  (id, name, district_id, created_at) values (4232, 'Xã Tiên Hiệp', 243, NOW());
insert into ExampleDb.address_ward  (id, name, district_id, created_at) values (4233, 'Xã Tiên Hải', 243, NOW());
insert into ExampleDb.address_ward  (id, name, district_id, created_at) values (4234, 'Xã Kim Bình', 243, NOW());
insert into ExampleDb.address_ward  (id, name, district_id, created_at) values (4235, 'Xã Liêm Tuyền', 243, NOW());
insert into ExampleDb.address_ward  (id, name, district_id, created_at) values (4236, 'Xã Liêm Tiết', 243, NOW());
insert into ExampleDb.address_ward  (id, name, district_id, created_at) values (4237, 'Phường Thanh Tuyền', 243, NOW());
insert into ExampleDb.address_ward  (id, name, district_id, created_at) values (4238, 'Xã Đinh Xá', 243, NOW());
insert into ExampleDb.address_ward  (id, name, district_id, created_at) values (4239, 'Xã Trịnh Xá', 243, NOW());
insert into ExampleDb.address_district  (id, name, province_id, created_at) values (244, 'Thị xã Duy Tiên', 23, NOW());
insert into ExampleDb.address_ward  (id, name, district_id, created_at) values (4240, 'Phường Đồng Văn', 244, NOW());
insert into ExampleDb.address_ward  (id, name, district_id, created_at) values (4241, 'Phường Hòa Mạc', 244, NOW());
insert into ExampleDb.address_ward  (id, name, district_id, created_at) values (4242, 'Xã Mộc Bắc', 244, NOW());
insert into ExampleDb.address_ward  (id, name, district_id, created_at) values (4243, 'Phường Châu Giang', 244, NOW());
insert into ExampleDb.address_ward  (id, name, district_id, created_at) values (4244, 'Phường Bạch Thượng', 244, NOW());
insert into ExampleDb.address_ward  (id, name, district_id, created_at) values (4245, 'Phường Duy Minh', 244, NOW());
insert into ExampleDb.address_ward  (id, name, district_id, created_at) values (4246, 'Xã Mộc Nam', 244, NOW());
insert into ExampleDb.address_ward  (id, name, district_id, created_at) values (4247, 'Phường Duy Hải', 244, NOW());
insert into ExampleDb.address_ward  (id, name, district_id, created_at) values (4248, 'Xã Chuyên Ngoại', 244, NOW());
insert into ExampleDb.address_ward  (id, name, district_id, created_at) values (4249, 'Phường Yên Bắc', 244, NOW());
insert into ExampleDb.address_ward  (id, name, district_id, created_at) values (4250, 'Xã Trác Văn', 244, NOW());
insert into ExampleDb.address_ward  (id, name, district_id, created_at) values (4251, 'Phường Tiên Nội', 244, NOW());
insert into ExampleDb.address_ward  (id, name, district_id, created_at) values (4252, 'Phường Hoàng Đông', 244, NOW());
insert into ExampleDb.address_ward  (id, name, district_id, created_at) values (4253, 'Xã Yên Nam', 244, NOW());
insert into ExampleDb.address_ward  (id, name, district_id, created_at) values (4254, 'Xã Tiên Ngoại', 244, NOW());
insert into ExampleDb.address_ward  (id, name, district_id, created_at) values (4255, 'Xã Tiên Sơn', 244, NOW());
insert into ExampleDb.address_district  (id, name, province_id, created_at) values (245, 'Huyện Kim Bảng', 23, NOW());
insert into ExampleDb.address_ward  (id, name, district_id, created_at) values (4256, 'Thị trấn Quế', 245, NOW());
insert into ExampleDb.address_ward  (id, name, district_id, created_at) values (4257, 'Xã Nguyễn Úy', 245, NOW());
insert into ExampleDb.address_ward  (id, name, district_id, created_at) values (4258, 'Xã Đại Cương', 245, NOW());
insert into ExampleDb.address_ward  (id, name, district_id, created_at) values (4259, 'Xã Lê Hồ', 245, NOW());
insert into ExampleDb.address_ward  (id, name, district_id, created_at) values (4260, 'Xã Tượng Lĩnh', 245, NOW());
insert into ExampleDb.address_ward  (id, name, district_id, created_at) values (4261, 'Xã Nhật Tựu', 245, NOW());
insert into ExampleDb.address_ward  (id, name, district_id, created_at) values (4262, 'Xã Nhật Tân', 245, NOW());
insert into ExampleDb.address_ward  (id, name, district_id, created_at) values (4263, 'Xã Đồng Hóa', 245, NOW());
insert into ExampleDb.address_ward  (id, name, district_id, created_at) values (4264, 'Xã Hoàng Tây', 245, NOW());
insert into ExampleDb.address_ward  (id, name, district_id, created_at) values (4265, 'Xã Tân Sơn', 245, NOW());
insert into ExampleDb.address_ward  (id, name, district_id, created_at) values (4266, 'Xã Thụy Lôi', 245, NOW());
insert into ExampleDb.address_ward  (id, name, district_id, created_at) values (4267, 'Xã Văn Xá', 245, NOW());
insert into ExampleDb.address_ward  (id, name, district_id, created_at) values (4268, 'Xã Khả Phong', 245, NOW());
insert into ExampleDb.address_ward  (id, name, district_id, created_at) values (4269, 'Xã Ngọc Sơn', 245, NOW());
insert into ExampleDb.address_ward  (id, name, district_id, created_at) values (4270, 'Thị trấn Ba Sao', 245, NOW());
insert into ExampleDb.address_ward  (id, name, district_id, created_at) values (4271, 'Xã Liên Sơn', 245, NOW());
insert into ExampleDb.address_ward  (id, name, district_id, created_at) values (4272, 'Xã Thi Sơn', 245, NOW());
insert into ExampleDb.address_ward  (id, name, district_id, created_at) values (4273, 'Xã Thanh Sơn', 245, NOW());
insert into ExampleDb.address_district  (id, name, province_id, created_at) values (246, 'Huyện Thanh Liêm', 23, NOW());
insert into ExampleDb.address_ward  (id, name, district_id, created_at) values (4274, 'Thị trấn Kiện Khê', 246, NOW());
insert into ExampleDb.address_ward  (id, name, district_id, created_at) values (4275, 'Xã Liêm Phong', 246, NOW());
insert into ExampleDb.address_ward  (id, name, district_id, created_at) values (4276, 'Xã Thanh Hà', 246, NOW());
insert into ExampleDb.address_ward  (id, name, district_id, created_at) values (4277, 'Xã Liêm Cần', 246, NOW());
insert into ExampleDb.address_ward  (id, name, district_id, created_at) values (4278, 'Xã Liêm Thuận', 246, NOW());
insert into ExampleDb.address_ward  (id, name, district_id, created_at) values (4279, 'Xã Thanh Thủy', 246, NOW());
insert into ExampleDb.address_ward  (id, name, district_id, created_at) values (4280, 'Xã Thanh Phong', 246, NOW());
insert into ExampleDb.address_ward  (id, name, district_id, created_at) values (4281, 'Thị trấn Tân Thanh', 246, NOW());
insert into ExampleDb.address_ward  (id, name, district_id, created_at) values (4282, 'Xã Thanh Tân', 246, NOW());
insert into ExampleDb.address_ward  (id, name, district_id, created_at) values (4283, 'Xã Liêm Túc', 246, NOW());
insert into ExampleDb.address_ward  (id, name, district_id, created_at) values (4284, 'Xã Liêm Sơn', 246, NOW());
insert into ExampleDb.address_ward  (id, name, district_id, created_at) values (4285, 'Xã Thanh Hương', 246, NOW());
insert into ExampleDb.address_ward  (id, name, district_id, created_at) values (4286, 'Xã Thanh Nghị', 246, NOW());
insert into ExampleDb.address_ward  (id, name, district_id, created_at) values (4287, 'Xã Thanh Tâm', 246, NOW());
insert into ExampleDb.address_ward  (id, name, district_id, created_at) values (4288, 'Xã Thanh Nguyên', 246, NOW());
insert into ExampleDb.address_ward  (id, name, district_id, created_at) values (4289, 'Xã Thanh Hải', 246, NOW());
insert into ExampleDb.address_district  (id, name, province_id, created_at) values (247, 'Huyện Bình Lục', 23, NOW());
insert into ExampleDb.address_ward  (id, name, district_id, created_at) values (4290, 'Thị trấn Bình Mỹ', 247, NOW());
insert into ExampleDb.address_ward  (id, name, district_id, created_at) values (4291, 'Xã Bình Nghĩa', 247, NOW());
insert into ExampleDb.address_ward  (id, name, district_id, created_at) values (4292, 'Xã Tràng An', 247, NOW());
insert into ExampleDb.address_ward  (id, name, district_id, created_at) values (4293, 'Xã Đồng Du', 247, NOW());
insert into ExampleDb.address_ward  (id, name, district_id, created_at) values (4294, 'Xã Ngọc Lũ', 247, NOW());
insert into ExampleDb.address_ward  (id, name, district_id, created_at) values (4295, 'Xã Hưng Công', 247, NOW());
insert into ExampleDb.address_ward  (id, name, district_id, created_at) values (4296, 'Xã Đồn Xá', 247, NOW());
insert into ExampleDb.address_ward  (id, name, district_id, created_at) values (4297, 'Xã An Ninh', 247, NOW());
insert into ExampleDb.address_ward  (id, name, district_id, created_at) values (4298, 'Xã Bồ Đề', 247, NOW());
insert into ExampleDb.address_ward  (id, name, district_id, created_at) values (4299, 'Xã Bối Cầu', 247, NOW());
insert into ExampleDb.address_ward  (id, name, district_id, created_at) values (4300, 'Xã An Nội', 247, NOW());
insert into ExampleDb.address_ward  (id, name, district_id, created_at) values (4301, 'Xã Vũ Bản', 247, NOW());
insert into ExampleDb.address_ward  (id, name, district_id, created_at) values (4302, 'Xã Trung Lương', 247, NOW());
insert into ExampleDb.address_ward  (id, name, district_id, created_at) values (4303, 'Xã An Đổ', 247, NOW());
insert into ExampleDb.address_ward  (id, name, district_id, created_at) values (4304, 'Xã La Sơn', 247, NOW());
insert into ExampleDb.address_ward  (id, name, district_id, created_at) values (4305, 'Xã Tiêu Động', 247, NOW());
insert into ExampleDb.address_ward  (id, name, district_id, created_at) values (4306, 'Xã An Lão', 247, NOW());
insert into ExampleDb.address_district  (id, name, province_id, created_at) values (248, 'Huyện Lý Nhân', 23, NOW());
insert into ExampleDb.address_ward  (id, name, district_id, created_at) values (4307, 'Xã Hợp Lý', 248, NOW());
insert into ExampleDb.address_ward  (id, name, district_id, created_at) values (4308, 'Xã Nguyên Lý', 248, NOW());
insert into ExampleDb.address_ward  (id, name, district_id, created_at) values (4309, 'Xã Chính Lý', 248, NOW());
insert into ExampleDb.address_ward  (id, name, district_id, created_at) values (4310, 'Xã Chân Lý', 248, NOW());
insert into ExampleDb.address_ward  (id, name, district_id, created_at) values (4311, 'Xã Đạo Lý', 248, NOW());
insert into ExampleDb.address_ward  (id, name, district_id, created_at) values (4312, 'Xã Công Lý', 248, NOW());
insert into ExampleDb.address_ward  (id, name, district_id, created_at) values (4313, 'Xã Văn Lý', 248, NOW());
insert into ExampleDb.address_ward  (id, name, district_id, created_at) values (4314, 'Xã Bắc Lý', 248, NOW());
insert into ExampleDb.address_ward  (id, name, district_id, created_at) values (4315, 'Xã Đức Lý', 248, NOW());
insert into ExampleDb.address_ward  (id, name, district_id, created_at) values (4316, 'Xã Trần Hưng Đạo', 248, NOW());
insert into ExampleDb.address_ward  (id, name, district_id, created_at) values (4317, 'Thị trấn Vĩnh Trụ', 248, NOW());
insert into ExampleDb.address_ward  (id, name, district_id, created_at) values (4318, 'Xã Nhân Thịnh', 248, NOW());
insert into ExampleDb.address_ward  (id, name, district_id, created_at) values (4319, 'Xã Nhân Khang', 248, NOW());
insert into ExampleDb.address_ward  (id, name, district_id, created_at) values (4320, 'Xã Nhân Mỹ', 248, NOW());
insert into ExampleDb.address_ward  (id, name, district_id, created_at) values (4321, 'Xã Nhân Nghĩa', 248, NOW());
insert into ExampleDb.address_ward  (id, name, district_id, created_at) values (4322, 'Xã Nhân Chính', 248, NOW());
insert into ExampleDb.address_ward  (id, name, district_id, created_at) values (4323, 'Xã Nhân Bình', 248, NOW());
insert into ExampleDb.address_ward  (id, name, district_id, created_at) values (4324, 'Xã Phú Phúc', 248, NOW());
insert into ExampleDb.address_ward  (id, name, district_id, created_at) values (4325, 'Xã Xuân Khê', 248, NOW());
insert into ExampleDb.address_ward  (id, name, district_id, created_at) values (4326, 'Xã Tiến Thắng', 248, NOW());
insert into ExampleDb.address_ward  (id, name, district_id, created_at) values (4327, 'Xã Hòa Hậu', 248, NOW());
insert into ExampleDb.address_province (id, name, created_at) values (24, 'Tỉnh Nam Định', NOW());
insert into ExampleDb.address_district  (id, name, province_id, created_at) values (249, 'Thành phố Nam Định', 24, NOW());
insert into ExampleDb.address_ward  (id, name, district_id, created_at) values (4328, 'Phường Hạ Long', 249, NOW());
insert into ExampleDb.address_ward  (id, name, district_id, created_at) values (4329, 'Phường Trần Tế Xương', 249, NOW());
insert into ExampleDb.address_ward  (id, name, district_id, created_at) values (4330, 'Phường Vị Hoàng', 249, NOW());
insert into ExampleDb.address_ward  (id, name, district_id, created_at) values (4331, 'Phường Vị Xuyên', 249, NOW());
insert into ExampleDb.address_ward  (id, name, district_id, created_at) values (4332, 'Phường Quang Trung', 249, NOW());
insert into ExampleDb.address_ward  (id, name, district_id, created_at) values (4333, 'Phường Cửa Bắc', 249, NOW());
insert into ExampleDb.address_ward  (id, name, district_id, created_at) values (4334, 'Phường Nguyễn Du', 249, NOW());
insert into ExampleDb.address_ward  (id, name, district_id, created_at) values (4335, 'Phường Bà Triệu', 249, NOW());
insert into ExampleDb.address_ward  (id, name, district_id, created_at) values (4336, 'Phường Trường Thi', 249, NOW());
insert into ExampleDb.address_ward  (id, name, district_id, created_at) values (4337, 'Phường Phan Đình Phùng', 249, NOW());
insert into ExampleDb.address_ward  (id, name, district_id, created_at) values (4338, 'Phường Ngô Quyền', 249, NOW());
insert into ExampleDb.address_ward  (id, name, district_id, created_at) values (4339, 'Phường Trần Hưng Đạo', 249, NOW());
insert into ExampleDb.address_ward  (id, name, district_id, created_at) values (4340, 'Phường Trần Đăng Ninh', 249, NOW());
insert into ExampleDb.address_ward  (id, name, district_id, created_at) values (4341, 'Phường Năng Tĩnh', 249, NOW());
insert into ExampleDb.address_ward  (id, name, district_id, created_at) values (4342, 'Phường Văn Miếu', 249, NOW());
insert into ExampleDb.address_ward  (id, name, district_id, created_at) values (4343, 'Phường Trần Quang Khải', 249, NOW());
insert into ExampleDb.address_ward  (id, name, district_id, created_at) values (4344, 'Phường Thống Nhất', 249, NOW());
insert into ExampleDb.address_ward  (id, name, district_id, created_at) values (4345, 'Phường Lộc Hạ', 249, NOW());
insert into ExampleDb.address_ward  (id, name, district_id, created_at) values (4346, 'Phường Lộc Vượng', 249, NOW());
insert into ExampleDb.address_ward  (id, name, district_id, created_at) values (4347, 'Phường Cửa Nam', 249, NOW());
insert into ExampleDb.address_ward  (id, name, district_id, created_at) values (4348, 'Phường Lộc Hòa', 249, NOW());
insert into ExampleDb.address_ward  (id, name, district_id, created_at) values (4349, 'Xã Nam Phong', 249, NOW());
insert into ExampleDb.address_ward  (id, name, district_id, created_at) values (4350, 'Phường Mỹ Xá', 249, NOW());
insert into ExampleDb.address_ward  (id, name, district_id, created_at) values (4351, 'Xã Lộc An', 249, NOW());
insert into ExampleDb.address_ward  (id, name, district_id, created_at) values (4352, 'Xã Nam Vân', 249, NOW());
insert into ExampleDb.address_district  (id, name, province_id, created_at) values (250, 'Huyện Mỹ Lộc', 24, NOW());
insert into ExampleDb.address_ward  (id, name, district_id, created_at) values (4353, 'Thị trấn Mỹ Lộc', 250, NOW());
insert into ExampleDb.address_ward  (id, name, district_id, created_at) values (4354, 'Xã Mỹ Hà', 250, NOW());
insert into ExampleDb.address_ward  (id, name, district_id, created_at) values (4355, 'Xã Mỹ Tiến', 250, NOW());
insert into ExampleDb.address_ward  (id, name, district_id, created_at) values (4356, 'Xã Mỹ Thắng', 250, NOW());
insert into ExampleDb.address_ward  (id, name, district_id, created_at) values (4357, 'Xã Mỹ Trung', 250, NOW());
insert into ExampleDb.address_ward  (id, name, district_id, created_at) values (4358, 'Xã Mỹ Tân', 250, NOW());
insert into ExampleDb.address_ward  (id, name, district_id, created_at) values (4359, 'Xã Mỹ Phúc', 250, NOW());
insert into ExampleDb.address_ward  (id, name, district_id, created_at) values (4360, 'Xã Mỹ Hưng', 250, NOW());
insert into ExampleDb.address_ward  (id, name, district_id, created_at) values (4361, 'Xã Mỹ Thuận', 250, NOW());
insert into ExampleDb.address_ward  (id, name, district_id, created_at) values (4362, 'Xã Mỹ Thịnh', 250, NOW());
insert into ExampleDb.address_ward  (id, name, district_id, created_at) values (4363, 'Xã Mỹ Thành', 250, NOW());
insert into ExampleDb.address_district  (id, name, province_id, created_at) values (251, 'Huyện Vụ Bản', 24, NOW());
insert into ExampleDb.address_ward  (id, name, district_id, created_at) values (4364, 'Thị trấn Gôi', 251, NOW());
insert into ExampleDb.address_ward  (id, name, district_id, created_at) values (4365, 'Xã Minh Thuận', 251, NOW());
insert into ExampleDb.address_ward  (id, name, district_id, created_at) values (4366, 'Xã Hiển Khánh', 251, NOW());
insert into ExampleDb.address_ward  (id, name, district_id, created_at) values (4367, 'Xã Tân Khánh', 251, NOW());
insert into ExampleDb.address_ward  (id, name, district_id, created_at) values (4368, 'Xã Hợp Hưng', 251, NOW());
insert into ExampleDb.address_ward  (id, name, district_id, created_at) values (4369, 'Xã Đại An', 251, NOW());
insert into ExampleDb.address_ward  (id, name, district_id, created_at) values (4370, 'Xã Tân Thành', 251, NOW());
insert into ExampleDb.address_ward  (id, name, district_id, created_at) values (4371, 'Xã Cộng Hòa', 251, NOW());
insert into ExampleDb.address_ward  (id, name, district_id, created_at) values (4372, 'Xã Trung Thành', 251, NOW());
insert into ExampleDb.address_ward  (id, name, district_id, created_at) values (4373, 'Xã Quang Trung', 251, NOW());
insert into ExampleDb.address_ward  (id, name, district_id, created_at) values (4374, 'Xã Minh Tân', 251, NOW());
insert into ExampleDb.address_ward  (id, name, district_id, created_at) values (4375, 'Xã Liên Bảo', 251, NOW());
insert into ExampleDb.address_ward  (id, name, district_id, created_at) values (4376, 'Xã Thành Lợi', 251, NOW());
insert into ExampleDb.address_ward  (id, name, district_id, created_at) values (4377, 'Xã Kim Thái', 251, NOW());
insert into ExampleDb.address_ward  (id, name, district_id, created_at) values (4378, 'Xã Liên Minh', 251, NOW());
insert into ExampleDb.address_ward  (id, name, district_id, created_at) values (4379, 'Xã Đại Thắng', 251, NOW());
insert into ExampleDb.address_ward  (id, name, district_id, created_at) values (4380, 'Xã Tam Thanh', 251, NOW());
insert into ExampleDb.address_ward  (id, name, district_id, created_at) values (4381, 'Xã Vĩnh Hào', 251, NOW());
insert into ExampleDb.address_district  (id, name, province_id, created_at) values (252, 'Huyện Ý Yên', 24, NOW());
insert into ExampleDb.address_ward  (id, name, district_id, created_at) values (4382, 'Thị trấn Lâm', 252, NOW());
insert into ExampleDb.address_ward  (id, name, district_id, created_at) values (4383, 'Xã Yên Trung', 252, NOW());
insert into ExampleDb.address_ward  (id, name, district_id, created_at) values (4384, 'Xã Yên Thành', 252, NOW());
insert into ExampleDb.address_ward  (id, name, district_id, created_at) values (4385, 'Xã Yên Tân', 252, NOW());
insert into ExampleDb.address_ward  (id, name, district_id, created_at) values (4386, 'Xã Yên Lợi', 252, NOW());
insert into ExampleDb.address_ward  (id, name, district_id, created_at) values (4387, 'Xã Yên Thọ', 252, NOW());
insert into ExampleDb.address_ward  (id, name, district_id, created_at) values (4388, 'Xã Yên Nghĩa', 252, NOW());
insert into ExampleDb.address_ward  (id, name, district_id, created_at) values (4389, 'Xã Yên Minh', 252, NOW());
insert into ExampleDb.address_ward  (id, name, district_id, created_at) values (4390, 'Xã Yên Phương', 252, NOW());
insert into ExampleDb.address_ward  (id, name, district_id, created_at) values (4391, 'Xã Yên Chính', 252, NOW());
insert into ExampleDb.address_ward  (id, name, district_id, created_at) values (4392, 'Xã Yên Bình', 252, NOW());
insert into ExampleDb.address_ward  (id, name, district_id, created_at) values (4393, 'Xã Yên Phú', 252, NOW());
insert into ExampleDb.address_ward  (id, name, district_id, created_at) values (4394, 'Xã Yên Mỹ', 252, NOW());
insert into ExampleDb.address_ward  (id, name, district_id, created_at) values (4395, 'Xã Yên Dương', 252, NOW());
insert into ExampleDb.address_ward  (id, name, district_id, created_at) values (4396, 'Xã Yên Hưng', 252, NOW());
insert into ExampleDb.address_ward  (id, name, district_id, created_at) values (4397, 'Xã Yên Khánh', 252, NOW());
insert into ExampleDb.address_ward  (id, name, district_id, created_at) values (4398, 'Xã Yên Phong', 252, NOW());
insert into ExampleDb.address_ward  (id, name, district_id, created_at) values (4399, 'Xã Yên Ninh', 252, NOW());
insert into ExampleDb.address_ward  (id, name, district_id, created_at) values (4400, 'Xã Yên Lương', 252, NOW());
insert into ExampleDb.address_ward  (id, name, district_id, created_at) values (4401, 'Xã Yên Hồng', 252, NOW());
insert into ExampleDb.address_ward  (id, name, district_id, created_at) values (4402, 'Xã Yên Quang', 252, NOW());
insert into ExampleDb.address_ward  (id, name, district_id, created_at) values (4403, 'Xã Yên Tiến', 252, NOW());
insert into ExampleDb.address_ward  (id, name, district_id, created_at) values (4404, 'Xã Yên Thắng', 252, NOW());
insert into ExampleDb.address_ward  (id, name, district_id, created_at) values (4405, 'Xã Yên Phúc', 252, NOW());
insert into ExampleDb.address_ward  (id, name, district_id, created_at) values (4406, 'Xã Yên Cường', 252, NOW());
insert into ExampleDb.address_ward  (id, name, district_id, created_at) values (4407, 'Xã Yên Lộc', 252, NOW());
insert into ExampleDb.address_ward  (id, name, district_id, created_at) values (4408, 'Xã Yên Bằng', 252, NOW());
insert into ExampleDb.address_ward  (id, name, district_id, created_at) values (4409, 'Xã Yên Đồng', 252, NOW());
insert into ExampleDb.address_ward  (id, name, district_id, created_at) values (4410, 'Xã Yên Khang', 252, NOW());
insert into ExampleDb.address_ward  (id, name, district_id, created_at) values (4411, 'Xã Yên Nhân', 252, NOW());
insert into ExampleDb.address_ward  (id, name, district_id, created_at) values (4412, 'Xã Yên Trị', 252, NOW());
insert into ExampleDb.address_district  (id, name, province_id, created_at) values (253, 'Huyện Nghĩa Hưng', 24, NOW());
insert into ExampleDb.address_ward  (id, name, district_id, created_at) values (4413, 'Thị trấn Liễu Đề', 253, NOW());
insert into ExampleDb.address_ward  (id, name, district_id, created_at) values (4414, 'Thị trấn Rạng Đông', 253, NOW());
insert into ExampleDb.address_ward  (id, name, district_id, created_at) values (4415, 'Xã Nghĩa Đồng', 253, NOW());
insert into ExampleDb.address_ward  (id, name, district_id, created_at) values (4416, 'Xã Nghĩa Thịnh', 253, NOW());
insert into ExampleDb.address_ward  (id, name, district_id, created_at) values (4417, 'Xã Nghĩa Minh', 253, NOW());
insert into ExampleDb.address_ward  (id, name, district_id, created_at) values (4418, 'Xã Nghĩa Thái', 253, NOW());
insert into ExampleDb.address_ward  (id, name, district_id, created_at) values (4419, 'Xã Hoàng Nam', 253, NOW());
insert into ExampleDb.address_ward  (id, name, district_id, created_at) values (4420, 'Xã Nghĩa Châu', 253, NOW());
insert into ExampleDb.address_ward  (id, name, district_id, created_at) values (4421, 'Xã Nghĩa Trung', 253, NOW());
insert into ExampleDb.address_ward  (id, name, district_id, created_at) values (4422, 'Xã Nghĩa Sơn', 253, NOW());
insert into ExampleDb.address_ward  (id, name, district_id, created_at) values (4423, 'Xã Nghĩa Lạc', 253, NOW());
insert into ExampleDb.address_ward  (id, name, district_id, created_at) values (4424, 'Xã Nghĩa Hồng', 253, NOW());
insert into ExampleDb.address_ward  (id, name, district_id, created_at) values (4425, 'Xã Nghĩa Phong', 253, NOW());
insert into ExampleDb.address_ward  (id, name, district_id, created_at) values (4426, 'Xã Nghĩa Phú', 253, NOW());
insert into ExampleDb.address_ward  (id, name, district_id, created_at) values (4427, 'Xã Nghĩa Bình', 253, NOW());
insert into ExampleDb.address_ward  (id, name, district_id, created_at) values (4428, 'Thị trấn Quỹ Nhất', 253, NOW());
insert into ExampleDb.address_ward  (id, name, district_id, created_at) values (4429, 'Xã Nghĩa Tân', 253, NOW());
insert into ExampleDb.address_ward  (id, name, district_id, created_at) values (4430, 'Xã Nghĩa Hùng', 253, NOW());
insert into ExampleDb.address_ward  (id, name, district_id, created_at) values (4431, 'Xã Nghĩa Lâm', 253, NOW());
insert into ExampleDb.address_ward  (id, name, district_id, created_at) values (4432, 'Xã Nghĩa Thành', 253, NOW());
insert into ExampleDb.address_ward  (id, name, district_id, created_at) values (4433, 'Xã Phúc Thắng', 253, NOW());
insert into ExampleDb.address_ward  (id, name, district_id, created_at) values (4434, 'Xã Nghĩa Lợi', 253, NOW());
insert into ExampleDb.address_ward  (id, name, district_id, created_at) values (4435, 'Xã Nghĩa Hải', 253, NOW());
insert into ExampleDb.address_ward  (id, name, district_id, created_at) values (4436, 'Xã Nam Điền', 253, NOW());
insert into ExampleDb.address_district  (id, name, province_id, created_at) values (254, 'Huyện Nam Trực', 24, NOW());
insert into ExampleDb.address_ward  (id, name, district_id, created_at) values (4437, 'Thị trấn Nam Giang', 254, NOW());
insert into ExampleDb.address_ward  (id, name, district_id, created_at) values (4438, 'Xã Nam Mỹ', 254, NOW());
insert into ExampleDb.address_ward  (id, name, district_id, created_at) values (4439, 'Xã Điền Xá', 254, NOW());
insert into ExampleDb.address_ward  (id, name, district_id, created_at) values (4440, 'Xã Nghĩa An', 254, NOW());
insert into ExampleDb.address_ward  (id, name, district_id, created_at) values (4441, 'Xã Nam Thắng', 254, NOW());
insert into ExampleDb.address_ward  (id, name, district_id, created_at) values (4442, 'Xã Nam Toàn', 254, NOW());
insert into ExampleDb.address_ward  (id, name, district_id, created_at) values (4443, 'Xã Hồng Quang', 254, NOW());
insert into ExampleDb.address_ward  (id, name, district_id, created_at) values (4444, 'Xã Tân Thịnh', 254, NOW());
insert into ExampleDb.address_ward  (id, name, district_id, created_at) values (4445, 'Xã Nam Cường', 254, NOW());
insert into ExampleDb.address_ward  (id, name, district_id, created_at) values (4446, 'Xã Nam Hồng', 254, NOW());
insert into ExampleDb.address_ward  (id, name, district_id, created_at) values (4447, 'Xã Nam Hùng', 254, NOW());
insert into ExampleDb.address_ward  (id, name, district_id, created_at) values (4448, 'Xã Nam Hoa', 254, NOW());
insert into ExampleDb.address_ward  (id, name, district_id, created_at) values (4449, 'Xã Nam Dương', 254, NOW());
insert into ExampleDb.address_ward  (id, name, district_id, created_at) values (4450, 'Xã Nam Thanh', 254, NOW());
insert into ExampleDb.address_ward  (id, name, district_id, created_at) values (4451, 'Xã Nam Lợi', 254, NOW());
insert into ExampleDb.address_ward  (id, name, district_id, created_at) values (4452, 'Xã Bình Minh', 254, NOW());
insert into ExampleDb.address_ward  (id, name, district_id, created_at) values (4453, 'Xã Đồng Sơn', 254, NOW());
insert into ExampleDb.address_ward  (id, name, district_id, created_at) values (4454, 'Xã Nam Tiến', 254, NOW());
insert into ExampleDb.address_ward  (id, name, district_id, created_at) values (4455, 'Xã Nam Hải', 254, NOW());
insert into ExampleDb.address_ward  (id, name, district_id, created_at) values (4456, 'Xã Nam Thái', 254, NOW());
insert into ExampleDb.address_district  (id, name, province_id, created_at) values (255, 'Huyện Trực Ninh', 24, NOW());
insert into ExampleDb.address_ward  (id, name, district_id, created_at) values (4457, 'Thị trấn Cổ Lễ', 255, NOW());
insert into ExampleDb.address_ward  (id, name, district_id, created_at) values (4458, 'Xã Phương Định', 255, NOW());
insert into ExampleDb.address_ward  (id, name, district_id, created_at) values (4459, 'Xã Trực Chính', 255, NOW());
insert into ExampleDb.address_ward  (id, name, district_id, created_at) values (4460, 'Xã Trung Đông', 255, NOW());
insert into ExampleDb.address_ward  (id, name, district_id, created_at) values (4461, 'Xã Liêm Hải', 255, NOW());
insert into ExampleDb.address_ward  (id, name, district_id, created_at) values (4462, 'Xã Trực Tuấn', 255, NOW());
insert into ExampleDb.address_ward  (id, name, district_id, created_at) values (4463, 'Xã Việt Hùng', 255, NOW());
insert into ExampleDb.address_ward  (id, name, district_id, created_at) values (4464, 'Xã Trực Đạo', 255, NOW());
insert into ExampleDb.address_ward  (id, name, district_id, created_at) values (4465, 'Xã Trực Hưng', 255, NOW());
insert into ExampleDb.address_ward  (id, name, district_id, created_at) values (4466, 'Xã Trực Nội', 255, NOW());
insert into ExampleDb.address_ward  (id, name, district_id, created_at) values (4467, 'Thị trấn Cát Thành', 255, NOW());
insert into ExampleDb.address_ward  (id, name, district_id, created_at) values (4468, 'Xã Trực Thanh', 255, NOW());
insert into ExampleDb.address_ward  (id, name, district_id, created_at) values (4469, 'Xã Trực Khang', 255, NOW());
insert into ExampleDb.address_ward  (id, name, district_id, created_at) values (4470, 'Xã Trực Thuận', 255, NOW());
insert into ExampleDb.address_ward  (id, name, district_id, created_at) values (4471, 'Xã Trực Mỹ', 255, NOW());
insert into ExampleDb.address_ward  (id, name, district_id, created_at) values (4472, 'Xã Trực Đại', 255, NOW());
insert into ExampleDb.address_ward  (id, name, district_id, created_at) values (4473, 'Xã Trực Cường', 255, NOW());
insert into ExampleDb.address_ward  (id, name, district_id, created_at) values (4474, 'Thị trấn Ninh Cường', 255, NOW());
insert into ExampleDb.address_ward  (id, name, district_id, created_at) values (4475, 'Xã Trực Thái', 255, NOW());
insert into ExampleDb.address_ward  (id, name, district_id, created_at) values (4476, 'Xã Trực Hùng', 255, NOW());
insert into ExampleDb.address_ward  (id, name, district_id, created_at) values (4477, 'Xã Trực Thắng', 255, NOW());
insert into ExampleDb.address_district  (id, name, province_id, created_at) values (256, 'Huyện Xuân Trường', 24, NOW());
insert into ExampleDb.address_ward  (id, name, district_id, created_at) values (4478, 'Thị trấn Xuân Trường', 256, NOW());
insert into ExampleDb.address_ward  (id, name, district_id, created_at) values (4479, 'Xã Xuân Châu', 256, NOW());
insert into ExampleDb.address_ward  (id, name, district_id, created_at) values (4480, 'Xã Xuân Hồng', 256, NOW());
insert into ExampleDb.address_ward  (id, name, district_id, created_at) values (4481, 'Xã Xuân Thành', 256, NOW());
insert into ExampleDb.address_ward  (id, name, district_id, created_at) values (4482, 'Xã Xuân Thượng', 256, NOW());
insert into ExampleDb.address_ward  (id, name, district_id, created_at) values (4483, 'Xã Xuân Phong', 256, NOW());
insert into ExampleDb.address_ward  (id, name, district_id, created_at) values (4484, 'Xã Xuân Đài', 256, NOW());
insert into ExampleDb.address_ward  (id, name, district_id, created_at) values (4485, 'Xã Xuân Tân', 256, NOW());
insert into ExampleDb.address_ward  (id, name, district_id, created_at) values (4486, 'Xã Xuân Thủy', 256, NOW());
insert into ExampleDb.address_ward  (id, name, district_id, created_at) values (4487, 'Xã Xuân Ngọc', 256, NOW());
insert into ExampleDb.address_ward  (id, name, district_id, created_at) values (4488, 'Xã Xuân Bắc', 256, NOW());
insert into ExampleDb.address_ward  (id, name, district_id, created_at) values (4489, 'Xã Xuân Phương', 256, NOW());
insert into ExampleDb.address_ward  (id, name, district_id, created_at) values (4490, 'Xã Thọ Nghiệp', 256, NOW());
insert into ExampleDb.address_ward  (id, name, district_id, created_at) values (4491, 'Xã Xuân Phú', 256, NOW());
insert into ExampleDb.address_ward  (id, name, district_id, created_at) values (4492, 'Xã Xuân Trung', 256, NOW());
insert into ExampleDb.address_ward  (id, name, district_id, created_at) values (4493, 'Xã Xuân Vinh', 256, NOW());
insert into ExampleDb.address_ward  (id, name, district_id, created_at) values (4494, 'Xã Xuân Kiên', 256, NOW());
insert into ExampleDb.address_ward  (id, name, district_id, created_at) values (4495, 'Xã Xuân Tiến', 256, NOW());
insert into ExampleDb.address_ward  (id, name, district_id, created_at) values (4496, 'Xã Xuân Ninh', 256, NOW());
insert into ExampleDb.address_ward  (id, name, district_id, created_at) values (4497, 'Xã Xuân Hòa', 256, NOW());
insert into ExampleDb.address_district  (id, name, province_id, created_at) values (257, 'Huyện Giao Thủy', 24, NOW());
insert into ExampleDb.address_ward  (id, name, district_id, created_at) values (4498, 'Thị trấn Ngô Đồng', 257, NOW());
insert into ExampleDb.address_ward  (id, name, district_id, created_at) values (4499, 'Thị trấn Quất Lâm', 257, NOW());
insert into ExampleDb.address_ward  (id, name, district_id, created_at) values (4500, 'Xã Giao Hương', 257, NOW());
insert into ExampleDb.address_ward  (id, name, district_id, created_at) values (4501, 'Xã Hồng Thuận', 257, NOW());
insert into ExampleDb.address_ward  (id, name, district_id, created_at) values (4502, 'Xã Giao Thiện', 257, NOW());
insert into ExampleDb.address_ward  (id, name, district_id, created_at) values (4503, 'Xã Giao Thanh', 257, NOW());
insert into ExampleDb.address_ward  (id, name, district_id, created_at) values (4504, 'Xã Hoành Sơn', 257, NOW());
insert into ExampleDb.address_ward  (id, name, district_id, created_at) values (4505, 'Xã Bình Hòa', 257, NOW());
insert into ExampleDb.address_ward  (id, name, district_id, created_at) values (4506, 'Xã Giao Tiến', 257, NOW());
insert into ExampleDb.address_ward  (id, name, district_id, created_at) values (4507, 'Xã Giao Hà', 257, NOW());
insert into ExampleDb.address_ward  (id, name, district_id, created_at) values (4508, 'Xã Giao Nhân', 257, NOW());
insert into ExampleDb.address_ward  (id, name, district_id, created_at) values (4509, 'Xã Giao An', 257, NOW());
insert into ExampleDb.address_ward  (id, name, district_id, created_at) values (4510, 'Xã Giao Lạc', 257, NOW());
insert into ExampleDb.address_ward  (id, name, district_id, created_at) values (4511, 'Xã Giao Châu', 257, NOW());
insert into ExampleDb.address_ward  (id, name, district_id, created_at) values (4512, 'Xã Giao Tân', 257, NOW());
insert into ExampleDb.address_ward  (id, name, district_id, created_at) values (4513, 'Xã Giao Yến', 257, NOW());
insert into ExampleDb.address_ward  (id, name, district_id, created_at) values (4514, 'Xã Giao Xuân', 257, NOW());
insert into ExampleDb.address_ward  (id, name, district_id, created_at) values (4515, 'Xã Giao Thịnh', 257, NOW());
insert into ExampleDb.address_ward  (id, name, district_id, created_at) values (4516, 'Xã Giao Hải', 257, NOW());
insert into ExampleDb.address_ward  (id, name, district_id, created_at) values (4517, 'Xã Bạch Long', 257, NOW());
insert into ExampleDb.address_ward  (id, name, district_id, created_at) values (4518, 'Xã Giao Long', 257, NOW());
insert into ExampleDb.address_ward  (id, name, district_id, created_at) values (4519, 'Xã Giao Phong', 257, NOW());
insert into ExampleDb.address_district  (id, name, province_id, created_at) values (258, 'Huyện Hải Hậu', 24, NOW());
insert into ExampleDb.address_ward  (id, name, district_id, created_at) values (4520, 'Thị trấn Yên Định', 258, NOW());
insert into ExampleDb.address_ward  (id, name, district_id, created_at) values (4521, 'Thị trấn Cồn', 258, NOW());
insert into ExampleDb.address_ward  (id, name, district_id, created_at) values (4522, 'Thị trấn Thịnh Long', 258, NOW());
insert into ExampleDb.address_ward  (id, name, district_id, created_at) values (4523, 'Xã Hải Nam', 258, NOW());
insert into ExampleDb.address_ward  (id, name, district_id, created_at) values (4524, 'Xã Hải Trung', 258, NOW());
insert into ExampleDb.address_ward  (id, name, district_id, created_at) values (4525, 'Xã Hải Vân', 258, NOW());
insert into ExampleDb.address_ward  (id, name, district_id, created_at) values (4526, 'Xã Hải Minh', 258, NOW());
insert into ExampleDb.address_ward  (id, name, district_id, created_at) values (4527, 'Xã Hải Anh', 258, NOW());
insert into ExampleDb.address_ward  (id, name, district_id, created_at) values (4528, 'Xã Hải Hưng', 258, NOW());
insert into ExampleDb.address_ward  (id, name, district_id, created_at) values (4529, 'Xã Hải Bắc', 258, NOW());
insert into ExampleDb.address_ward  (id, name, district_id, created_at) values (4530, 'Xã Hải Phúc', 258, NOW());
insert into ExampleDb.address_ward  (id, name, district_id, created_at) values (4531, 'Xã Hải Thanh', 258, NOW());
insert into ExampleDb.address_ward  (id, name, district_id, created_at) values (4532, 'Xã Hải Hà', 258, NOW());
insert into ExampleDb.address_ward  (id, name, district_id, created_at) values (4533, 'Xã Hải Long', 258, NOW());
insert into ExampleDb.address_ward  (id, name, district_id, created_at) values (4534, 'Xã Hải Phương', 258, NOW());
insert into ExampleDb.address_ward  (id, name, district_id, created_at) values (4535, 'Xã Hải Đường', 258, NOW());
insert into ExampleDb.address_ward  (id, name, district_id, created_at) values (4536, 'Xã Hải Lộc', 258, NOW());
insert into ExampleDb.address_ward  (id, name, district_id, created_at) values (4537, 'Xã Hải Quang', 258, NOW());
insert into ExampleDb.address_ward  (id, name, district_id, created_at) values (4538, 'Xã Hải Đông', 258, NOW());
insert into ExampleDb.address_ward  (id, name, district_id, created_at) values (4539, 'Xã Hải Sơn', 258, NOW());
insert into ExampleDb.address_ward  (id, name, district_id, created_at) values (4540, 'Xã Hải Tân', 258, NOW());
insert into ExampleDb.address_ward  (id, name, district_id, created_at) values (4541, 'Xã Hải Phong', 258, NOW());
insert into ExampleDb.address_ward  (id, name, district_id, created_at) values (4542, 'Xã Hải An', 258, NOW());
insert into ExampleDb.address_ward  (id, name, district_id, created_at) values (4543, 'Xã Hải Tây', 258, NOW());
insert into ExampleDb.address_ward  (id, name, district_id, created_at) values (4544, 'Xã Hải Lý', 258, NOW());
insert into ExampleDb.address_ward  (id, name, district_id, created_at) values (4545, 'Xã Hải Phú', 258, NOW());
insert into ExampleDb.address_ward  (id, name, district_id, created_at) values (4546, 'Xã Hải Giang', 258, NOW());
insert into ExampleDb.address_ward  (id, name, district_id, created_at) values (4547, 'Xã Hải Cường', 258, NOW());
insert into ExampleDb.address_ward  (id, name, district_id, created_at) values (4548, 'Xã Hải Ninh', 258, NOW());
insert into ExampleDb.address_ward  (id, name, district_id, created_at) values (4549, 'Xã Hải Chính', 258, NOW());
insert into ExampleDb.address_ward  (id, name, district_id, created_at) values (4550, 'Xã Hải Xuân', 258, NOW());
insert into ExampleDb.address_ward  (id, name, district_id, created_at) values (4551, 'Xã Hải Châu', 258, NOW());
insert into ExampleDb.address_ward  (id, name, district_id, created_at) values (4552, 'Xã Hải Triều', 258, NOW());
insert into ExampleDb.address_ward  (id, name, district_id, created_at) values (4553, 'Xã Hải Hòa', 258, NOW());
insert into ExampleDb.address_province (id, name, created_at) values (25, 'Tỉnh Ninh Bình', NOW());
insert into ExampleDb.address_district  (id, name, province_id, created_at) values (259, 'Thành phố Ninh Bình', 25, NOW());
insert into ExampleDb.address_ward  (id, name, district_id, created_at) values (4554, 'Phường Đông Thành', 259, NOW());
insert into ExampleDb.address_ward  (id, name, district_id, created_at) values (4555, 'Phường Tân Thành', 259, NOW());
insert into ExampleDb.address_ward  (id, name, district_id, created_at) values (4556, 'Phường Thanh Bình', 259, NOW());
insert into ExampleDb.address_ward  (id, name, district_id, created_at) values (4557, 'Phường Vân Giang', 259, NOW());
insert into ExampleDb.address_ward  (id, name, district_id, created_at) values (4558, 'Phường Bích Đào', 259, NOW());
insert into ExampleDb.address_ward  (id, name, district_id, created_at) values (4559, 'Phường Phúc Thành', 259, NOW());
insert into ExampleDb.address_ward  (id, name, district_id, created_at) values (4560, 'Phường Nam Bình', 259, NOW());
insert into ExampleDb.address_ward  (id, name, district_id, created_at) values (4561, 'Phường Nam Thành', 259, NOW());
insert into ExampleDb.address_ward  (id, name, district_id, created_at) values (4562, 'Phường Ninh Khánh', 259, NOW());
insert into ExampleDb.address_ward  (id, name, district_id, created_at) values (4563, 'Xã Ninh Nhất', 259, NOW());
insert into ExampleDb.address_ward  (id, name, district_id, created_at) values (4564, 'Xã Ninh Tiến', 259, NOW());
insert into ExampleDb.address_ward  (id, name, district_id, created_at) values (4565, 'Xã Ninh Phúc', 259, NOW());
insert into ExampleDb.address_ward  (id, name, district_id, created_at) values (4566, 'Phường Ninh Sơn', 259, NOW());
insert into ExampleDb.address_ward  (id, name, district_id, created_at) values (4567, 'Phường Ninh Phong', 259, NOW());
insert into ExampleDb.address_district  (id, name, province_id, created_at) values (260, 'Thành phố Tam Điệp', 25, NOW());
insert into ExampleDb.address_ward  (id, name, district_id, created_at) values (4568, 'Phường Bắc Sơn', 260, NOW());
insert into ExampleDb.address_ward  (id, name, district_id, created_at) values (4569, 'Phường Trung Sơn', 260, NOW());
insert into ExampleDb.address_ward  (id, name, district_id, created_at) values (4570, 'Phường Nam Sơn', 260, NOW());
insert into ExampleDb.address_ward  (id, name, district_id, created_at) values (4571, 'Phường Tây Sơn', 260, NOW());
insert into ExampleDb.address_ward  (id, name, district_id, created_at) values (4572, 'Xã Yên Sơn', 260, NOW());
insert into ExampleDb.address_ward  (id, name, district_id, created_at) values (4573, 'Phường Yên Bình', 260, NOW());
insert into ExampleDb.address_ward  (id, name, district_id, created_at) values (4574, 'Phường Tân Bình', 260, NOW());
insert into ExampleDb.address_ward  (id, name, district_id, created_at) values (4575, 'Xã Quang Sơn', 260, NOW());
insert into ExampleDb.address_ward  (id, name, district_id, created_at) values (4576, 'Xã Đông Sơn', 260, NOW());
insert into ExampleDb.address_district  (id, name, province_id, created_at) values (261, 'Huyện Nho Quan', 25, NOW());
insert into ExampleDb.address_ward  (id, name, district_id, created_at) values (4577, 'Thị trấn Nho Quan', 261, NOW());
insert into ExampleDb.address_ward  (id, name, district_id, created_at) values (4578, 'Xã Xích Thổ', 261, NOW());
insert into ExampleDb.address_ward  (id, name, district_id, created_at) values (4579, 'Xã Gia Lâm', 261, NOW());
insert into ExampleDb.address_ward  (id, name, district_id, created_at) values (4580, 'Xã Gia Sơn', 261, NOW());
insert into ExampleDb.address_ward  (id, name, district_id, created_at) values (4581, 'Xã Thạch Bình', 261, NOW());
insert into ExampleDb.address_ward  (id, name, district_id, created_at) values (4582, 'Xã Gia Thủy', 261, NOW());
insert into ExampleDb.address_ward  (id, name, district_id, created_at) values (4583, 'Xã Gia Tường', 261, NOW());
insert into ExampleDb.address_ward  (id, name, district_id, created_at) values (4584, 'Xã Cúc Phương', 261, NOW());
insert into ExampleDb.address_ward  (id, name, district_id, created_at) values (4585, 'Xã Phú Sơn', 261, NOW());
insert into ExampleDb.address_ward  (id, name, district_id, created_at) values (4586, 'Xã Đức Long', 261, NOW());
insert into ExampleDb.address_ward  (id, name, district_id, created_at) values (4587, 'Xã Lạc Vân', 261, NOW());
insert into ExampleDb.address_ward  (id, name, district_id, created_at) values (4588, 'Xã Đồng Phong', 261, NOW());
insert into ExampleDb.address_ward  (id, name, district_id, created_at) values (4589, 'Xã Yên Quang', 261, NOW());
insert into ExampleDb.address_ward  (id, name, district_id, created_at) values (4590, 'Xã Lạng Phong', 261, NOW());
insert into ExampleDb.address_ward  (id, name, district_id, created_at) values (4591, 'Xã Thượng Hòa', 261, NOW());
insert into ExampleDb.address_ward  (id, name, district_id, created_at) values (4592, 'Xã Văn Phong', 261, NOW());
insert into ExampleDb.address_ward  (id, name, district_id, created_at) values (4593, 'Xã Văn Phương', 261, NOW());
insert into ExampleDb.address_ward  (id, name, district_id, created_at) values (4594, 'Xã Thanh Lạc', 261, NOW());
insert into ExampleDb.address_ward  (id, name, district_id, created_at) values (4595, 'Xã Sơn Lai', 261, NOW());
insert into ExampleDb.address_ward  (id, name, district_id, created_at) values (4596, 'Xã Sơn Thành', 261, NOW());
insert into ExampleDb.address_ward  (id, name, district_id, created_at) values (4597, 'Xã Văn Phú', 261, NOW());
insert into ExampleDb.address_ward  (id, name, district_id, created_at) values (4598, 'Xã Phú Lộc', 261, NOW());
insert into ExampleDb.address_ward  (id, name, district_id, created_at) values (4599, 'Xã Kỳ Phú', 261, NOW());
insert into ExampleDb.address_ward  (id, name, district_id, created_at) values (4600, 'Xã Quỳnh Lưu', 261, NOW());
insert into ExampleDb.address_ward  (id, name, district_id, created_at) values (4601, 'Xã Sơn Hà', 261, NOW());
insert into ExampleDb.address_ward  (id, name, district_id, created_at) values (4602, 'Xã Phú Long', 261, NOW());
insert into ExampleDb.address_ward  (id, name, district_id, created_at) values (4603, 'Xã Quảng Lạc', 261, NOW());
insert into ExampleDb.address_district  (id, name, province_id, created_at) values (262, 'Huyện Gia Viễn', 25, NOW());
insert into ExampleDb.address_ward  (id, name, district_id, created_at) values (4604, 'Thị trấn Me', 262, NOW());
insert into ExampleDb.address_ward  (id, name, district_id, created_at) values (4605, 'Xã Gia Hòa', 262, NOW());
insert into ExampleDb.address_ward  (id, name, district_id, created_at) values (4606, 'Xã Gia Hưng', 262, NOW());
insert into ExampleDb.address_ward  (id, name, district_id, created_at) values (4607, 'Xã Liên Sơn', 262, NOW());
insert into ExampleDb.address_ward  (id, name, district_id, created_at) values (4608, 'Xã Gia Thanh', 262, NOW());
insert into ExampleDb.address_ward  (id, name, district_id, created_at) values (4609, 'Xã Gia Vân', 262, NOW());
insert into ExampleDb.address_ward  (id, name, district_id, created_at) values (4610, 'Xã Gia Phú', 262, NOW());
insert into ExampleDb.address_ward  (id, name, district_id, created_at) values (4611, 'Xã Gia Xuân', 262, NOW());
insert into ExampleDb.address_ward  (id, name, district_id, created_at) values (4612, 'Xã Gia Lập', 262, NOW());
insert into ExampleDb.address_ward  (id, name, district_id, created_at) values (4613, 'Xã Gia Vượng', 262, NOW());
insert into ExampleDb.address_ward  (id, name, district_id, created_at) values (4614, 'Xã Gia Trấn', 262, NOW());
insert into ExampleDb.address_ward  (id, name, district_id, created_at) values (4615, 'Xã Gia Thịnh', 262, NOW());
insert into ExampleDb.address_ward  (id, name, district_id, created_at) values (4616, 'Xã Gia Phương', 262, NOW());
insert into ExampleDb.address_ward  (id, name, district_id, created_at) values (4617, 'Xã Gia Tân', 262, NOW());
insert into ExampleDb.address_ward  (id, name, district_id, created_at) values (4618, 'Xã Gia Thắng', 262, NOW());
insert into ExampleDb.address_ward  (id, name, district_id, created_at) values (4619, 'Xã Gia Trung', 262, NOW());
insert into ExampleDb.address_ward  (id, name, district_id, created_at) values (4620, 'Xã Gia Minh', 262, NOW());
insert into ExampleDb.address_ward  (id, name, district_id, created_at) values (4621, 'Xã Gia Lạc', 262, NOW());
insert into ExampleDb.address_ward  (id, name, district_id, created_at) values (4622, 'Xã Gia Tiến', 262, NOW());
insert into ExampleDb.address_ward  (id, name, district_id, created_at) values (4623, 'Xã Gia Sinh', 262, NOW());
insert into ExampleDb.address_ward  (id, name, district_id, created_at) values (4624, 'Xã Gia Phong', 262, NOW());
insert into ExampleDb.address_district  (id, name, province_id, created_at) values (263, 'Huyện Hoa Lư', 25, NOW());
insert into ExampleDb.address_ward  (id, name, district_id, created_at) values (4625, 'Thị trấn Thiên Tôn', 263, NOW());
insert into ExampleDb.address_ward  (id, name, district_id, created_at) values (4626, 'Xã Ninh Giang', 263, NOW());
insert into ExampleDb.address_ward  (id, name, district_id, created_at) values (4627, 'Xã Trường Yên', 263, NOW());
insert into ExampleDb.address_ward  (id, name, district_id, created_at) values (4628, 'Xã Ninh Khang', 263, NOW());
insert into ExampleDb.address_ward  (id, name, district_id, created_at) values (4629, 'Xã Ninh Mỹ', 263, NOW());
insert into ExampleDb.address_ward  (id, name, district_id, created_at) values (4630, 'Xã Ninh Hòa', 263, NOW());
insert into ExampleDb.address_ward  (id, name, district_id, created_at) values (4631, 'Xã Ninh Xuân', 263, NOW());
insert into ExampleDb.address_ward  (id, name, district_id, created_at) values (4632, 'Xã Ninh Hải', 263, NOW());
insert into ExampleDb.address_ward  (id, name, district_id, created_at) values (4633, 'Xã Ninh Thắng', 263, NOW());
insert into ExampleDb.address_ward  (id, name, district_id, created_at) values (4634, 'Xã Ninh Vân', 263, NOW());
insert into ExampleDb.address_ward  (id, name, district_id, created_at) values (4635, 'Xã Ninh An', 263, NOW());
insert into ExampleDb.address_district  (id, name, province_id, created_at) values (264, 'Huyện Yên Khánh', 25, NOW());
insert into ExampleDb.address_ward  (id, name, district_id, created_at) values (4636, 'Thị trấn Yên Ninh', 264, NOW());
insert into ExampleDb.address_ward  (id, name, district_id, created_at) values (4637, 'Xã Khánh Tiên', 264, NOW());
insert into ExampleDb.address_ward  (id, name, district_id, created_at) values (4638, 'Xã Khánh Phú', 264, NOW());
insert into ExampleDb.address_ward  (id, name, district_id, created_at) values (4639, 'Xã Khánh Hòa', 264, NOW());
insert into ExampleDb.address_ward  (id, name, district_id, created_at) values (4640, 'Xã Khánh Lợi', 264, NOW());
insert into ExampleDb.address_ward  (id, name, district_id, created_at) values (4641, 'Xã Khánh An', 264, NOW());
insert into ExampleDb.address_ward  (id, name, district_id, created_at) values (4642, 'Xã Khánh Cường', 264, NOW());
insert into ExampleDb.address_ward  (id, name, district_id, created_at) values (4643, 'Xã Khánh Cư', 264, NOW());
insert into ExampleDb.address_ward  (id, name, district_id, created_at) values (4644, 'Xã Khánh Thiện', 264, NOW());
insert into ExampleDb.address_ward  (id, name, district_id, created_at) values (4645, 'Xã Khánh Hải', 264, NOW());
insert into ExampleDb.address_ward  (id, name, district_id, created_at) values (4646, 'Xã Khánh Trung', 264, NOW());
insert into ExampleDb.address_ward  (id, name, district_id, created_at) values (4647, 'Xã Khánh Mậu', 264, NOW());
insert into ExampleDb.address_ward  (id, name, district_id, created_at) values (4648, 'Xã Khánh Vân', 264, NOW());
insert into ExampleDb.address_ward  (id, name, district_id, created_at) values (4649, 'Xã Khánh Hội', 264, NOW());
insert into ExampleDb.address_ward  (id, name, district_id, created_at) values (4650, 'Xã Khánh Công', 264, NOW());
insert into ExampleDb.address_ward  (id, name, district_id, created_at) values (4651, 'Xã Khánh Thành', 264, NOW());
insert into ExampleDb.address_ward  (id, name, district_id, created_at) values (4652, 'Xã Khánh Nhạc', 264, NOW());
insert into ExampleDb.address_ward  (id, name, district_id, created_at) values (4653, 'Xã Khánh Thủy', 264, NOW());
insert into ExampleDb.address_ward  (id, name, district_id, created_at) values (4654, 'Xã Khánh Hồng', 264, NOW());
insert into ExampleDb.address_district  (id, name, province_id, created_at) values (265, 'Huyện Kim Sơn', 25, NOW());
insert into ExampleDb.address_ward  (id, name, district_id, created_at) values (4655, 'Thị trấn Phát Diệm', 265, NOW());
insert into ExampleDb.address_ward  (id, name, district_id, created_at) values (4656, 'Thị trấn Bình Minh', 265, NOW());
insert into ExampleDb.address_ward  (id, name, district_id, created_at) values (4657, 'Xã Hồi Ninh', 265, NOW());
insert into ExampleDb.address_ward  (id, name, district_id, created_at) values (4658, 'Xã Xuân Chính', 265, NOW());
insert into ExampleDb.address_ward  (id, name, district_id, created_at) values (4659, 'Xã Kim Định', 265, NOW());
insert into ExampleDb.address_ward  (id, name, district_id, created_at) values (4660, 'Xã Ân Hòa', 265, NOW());
insert into ExampleDb.address_ward  (id, name, district_id, created_at) values (4661, 'Xã Hùng Tiến', 265, NOW());
insert into ExampleDb.address_ward  (id, name, district_id, created_at) values (4662, 'Xã Quang Thiện', 265, NOW());
insert into ExampleDb.address_ward  (id, name, district_id, created_at) values (4663, 'Xã Như Hòa', 265, NOW());
insert into ExampleDb.address_ward  (id, name, district_id, created_at) values (4664, 'Xã Chất Bình', 265, NOW());
insert into ExampleDb.address_ward  (id, name, district_id, created_at) values (4665, 'Xã Đồng Hướng', 265, NOW());
insert into ExampleDb.address_ward  (id, name, district_id, created_at) values (4666, 'Xã Kim Chính', 265, NOW());
insert into ExampleDb.address_ward  (id, name, district_id, created_at) values (4667, 'Xã Thượng Kiệm', 265, NOW());
insert into ExampleDb.address_ward  (id, name, district_id, created_at) values (4668, 'Xã Lưu Phương', 265, NOW());
insert into ExampleDb.address_ward  (id, name, district_id, created_at) values (4669, 'Xã Tân Thành', 265, NOW());
insert into ExampleDb.address_ward  (id, name, district_id, created_at) values (4670, 'Xã Yên Lộc', 265, NOW());
insert into ExampleDb.address_ward  (id, name, district_id, created_at) values (4671, 'Xã Lai Thành', 265, NOW());
insert into ExampleDb.address_ward  (id, name, district_id, created_at) values (4672, 'Xã Định Hóa', 265, NOW());
insert into ExampleDb.address_ward  (id, name, district_id, created_at) values (4673, 'Xã Văn Hải', 265, NOW());
insert into ExampleDb.address_ward  (id, name, district_id, created_at) values (4674, 'Xã Kim Tân', 265, NOW());
insert into ExampleDb.address_ward  (id, name, district_id, created_at) values (4675, 'Xã Kim Mỹ', 265, NOW());
insert into ExampleDb.address_ward  (id, name, district_id, created_at) values (4676, 'Xã Cồn Thoi', 265, NOW());
insert into ExampleDb.address_ward  (id, name, district_id, created_at) values (4677, 'Xã Kim Hải', 265, NOW());
insert into ExampleDb.address_ward  (id, name, district_id, created_at) values (4678, 'Xã Kim Trung', 265, NOW());
insert into ExampleDb.address_ward  (id, name, district_id, created_at) values (4679, 'Xã Kim Đông', 265, NOW());
insert into ExampleDb.address_district  (id, name, province_id, created_at) values (266, 'Huyện Yên Mô', 25, NOW());
insert into ExampleDb.address_ward  (id, name, district_id, created_at) values (4680, 'Thị trấn Yên Thịnh', 266, NOW());
insert into ExampleDb.address_ward  (id, name, district_id, created_at) values (4681, 'Xã Khánh Thượng', 266, NOW());
insert into ExampleDb.address_ward  (id, name, district_id, created_at) values (4682, 'Xã Khánh Dương', 266, NOW());
insert into ExampleDb.address_ward  (id, name, district_id, created_at) values (4683, 'Xã Mai Sơn', 266, NOW());
insert into ExampleDb.address_ward  (id, name, district_id, created_at) values (4684, 'Xã Khánh Thịnh', 266, NOW());
insert into ExampleDb.address_ward  (id, name, district_id, created_at) values (4685, 'Xã Yên Phong', 266, NOW());
insert into ExampleDb.address_ward  (id, name, district_id, created_at) values (4686, 'Xã Yên Hòa', 266, NOW());
insert into ExampleDb.address_ward  (id, name, district_id, created_at) values (4687, 'Xã Yên Thắng', 266, NOW());
insert into ExampleDb.address_ward  (id, name, district_id, created_at) values (4688, 'Xã Yên Từ', 266, NOW());
insert into ExampleDb.address_ward  (id, name, district_id, created_at) values (4689, 'Xã Yên Hưng', 266, NOW());
insert into ExampleDb.address_ward  (id, name, district_id, created_at) values (4690, 'Xã Yên Thành', 266, NOW());
insert into ExampleDb.address_ward  (id, name, district_id, created_at) values (4691, 'Xã Yên Nhân', 266, NOW());
insert into ExampleDb.address_ward  (id, name, district_id, created_at) values (4692, 'Xã Yên Mỹ', 266, NOW());
insert into ExampleDb.address_ward  (id, name, district_id, created_at) values (4693, 'Xã Yên Mạc', 266, NOW());
insert into ExampleDb.address_ward  (id, name, district_id, created_at) values (4694, 'Xã Yên Đồng', 266, NOW());
insert into ExampleDb.address_ward  (id, name, district_id, created_at) values (4695, 'Xã Yên Thái', 266, NOW());
insert into ExampleDb.address_ward  (id, name, district_id, created_at) values (4696, 'Xã Yên Lâm', 266, NOW());
insert into ExampleDb.address_province (id, name, created_at) values (26, 'Tỉnh Thanh Hóa', NOW());
insert into ExampleDb.address_district  (id, name, province_id, created_at) values (267, 'Thành phố Thanh Hóa', 26, NOW());
insert into ExampleDb.address_ward  (id, name, district_id, created_at) values (4697, 'Phường Hàm Rồng', 267, NOW());
insert into ExampleDb.address_ward  (id, name, district_id, created_at) values (4698, 'Phường Đông Thọ', 267, NOW());
insert into ExampleDb.address_ward  (id, name, district_id, created_at) values (4699, 'Phường Nam Ngạn', 267, NOW());
insert into ExampleDb.address_ward  (id, name, district_id, created_at) values (4700, 'Phường Trường Thi', 267, NOW());
insert into ExampleDb.address_ward  (id, name, district_id, created_at) values (4701, 'Phường Điện Biên', 267, NOW());
insert into ExampleDb.address_ward  (id, name, district_id, created_at) values (4702, 'Phường Phú Sơn', 267, NOW());
insert into ExampleDb.address_ward  (id, name, district_id, created_at) values (4703, 'Phường Lam Sơn', 267, NOW());
insert into ExampleDb.address_ward  (id, name, district_id, created_at) values (4704, 'Phường Ba Đình', 267, NOW());
insert into ExampleDb.address_ward  (id, name, district_id, created_at) values (4705, 'Phường Ngọc Trạo', 267, NOW());
insert into ExampleDb.address_ward  (id, name, district_id, created_at) values (4706, 'Phường Đông Vệ', 267, NOW());
insert into ExampleDb.address_ward  (id, name, district_id, created_at) values (4707, 'Phường Đông Sơn', 267, NOW());
insert into ExampleDb.address_ward  (id, name, district_id, created_at) values (4708, 'Phường Tân Sơn', 267, NOW());
insert into ExampleDb.address_ward  (id, name, district_id, created_at) values (4709, 'Phường Đông Cương', 267, NOW());
insert into ExampleDb.address_ward  (id, name, district_id, created_at) values (4710, 'Phường Đông Hương', 267, NOW());
insert into ExampleDb.address_ward  (id, name, district_id, created_at) values (4711, 'Phường Đông Hải', 267, NOW());
insert into ExampleDb.address_ward  (id, name, district_id, created_at) values (4712, 'Phường Quảng Hưng', 267, NOW());
insert into ExampleDb.address_ward  (id, name, district_id, created_at) values (4713, 'Phường Quảng Thắng', 267, NOW());
insert into ExampleDb.address_ward  (id, name, district_id, created_at) values (4714, 'Phường Quảng Thành', 267, NOW());
insert into ExampleDb.address_ward  (id, name, district_id, created_at) values (4715, 'Xã Thiệu Vân', 267, NOW());
insert into ExampleDb.address_ward  (id, name, district_id, created_at) values (4716, 'Phường Thiệu Khánh', 267, NOW());
insert into ExampleDb.address_ward  (id, name, district_id, created_at) values (4717, 'Phường Thiệu Dương', 267, NOW());
insert into ExampleDb.address_ward  (id, name, district_id, created_at) values (4718, 'Phường Tào Xuyên', 267, NOW());
insert into ExampleDb.address_ward  (id, name, district_id, created_at) values (4719, 'Phường Long Anh', 267, NOW());
insert into ExampleDb.address_ward  (id, name, district_id, created_at) values (4720, 'Xã Hoằng Quang', 267, NOW());
insert into ExampleDb.address_ward  (id, name, district_id, created_at) values (4721, 'Xã Hoằng Đại', 267, NOW());
insert into ExampleDb.address_ward  (id, name, district_id, created_at) values (4722, 'Phường Đông Lĩnh', 267, NOW());
insert into ExampleDb.address_ward  (id, name, district_id, created_at) values (4723, 'Xã Đông Vinh', 267, NOW());
insert into ExampleDb.address_ward  (id, name, district_id, created_at) values (4724, 'Phường Đông Tân', 267, NOW());
insert into ExampleDb.address_ward  (id, name, district_id, created_at) values (4725, 'Phường An Hưng', 267, NOW());
insert into ExampleDb.address_ward  (id, name, district_id, created_at) values (4726, 'Phường Quảng Thịnh', 267, NOW());
insert into ExampleDb.address_ward  (id, name, district_id, created_at) values (4727, 'Phường Quảng Đông', 267, NOW());
insert into ExampleDb.address_ward  (id, name, district_id, created_at) values (4728, 'Phường Quảng Cát', 267, NOW());
insert into ExampleDb.address_ward  (id, name, district_id, created_at) values (4729, 'Phường Quảng Phú', 267, NOW());
insert into ExampleDb.address_ward  (id, name, district_id, created_at) values (4730, 'Phường Quảng Tâm', 267, NOW());
insert into ExampleDb.address_district  (id, name, province_id, created_at) values (268, 'Thị xã Bỉm Sơn', 26, NOW());
insert into ExampleDb.address_ward  (id, name, district_id, created_at) values (4731, 'Phường Bắc Sơn', 268, NOW());
insert into ExampleDb.address_ward  (id, name, district_id, created_at) values (4732, 'Phường Ba Đình', 268, NOW());
insert into ExampleDb.address_ward  (id, name, district_id, created_at) values (4733, 'Phường Lam Sơn', 268, NOW());
insert into ExampleDb.address_ward  (id, name, district_id, created_at) values (4734, 'Phường Ngọc Trạo', 268, NOW());
insert into ExampleDb.address_ward  (id, name, district_id, created_at) values (4735, 'Phường Đông Sơn', 268, NOW());
insert into ExampleDb.address_ward  (id, name, district_id, created_at) values (4736, 'Phường Phú Sơn', 268, NOW());
insert into ExampleDb.address_ward  (id, name, district_id, created_at) values (4737, 'Xã Quang Trung', 268, NOW());
insert into ExampleDb.address_district  (id, name, province_id, created_at) values (269, 'Thành phố Sầm Sơn', 26, NOW());
insert into ExampleDb.address_ward  (id, name, district_id, created_at) values (4738, 'Phường Trung Sơn', 269, NOW());
insert into ExampleDb.address_ward  (id, name, district_id, created_at) values (4739, 'Phường Bắc Sơn', 269, NOW());
insert into ExampleDb.address_ward  (id, name, district_id, created_at) values (4740, 'Phường Trường Sơn', 269, NOW());
insert into ExampleDb.address_ward  (id, name, district_id, created_at) values (4741, 'Phường Quảng Cư', 269, NOW());
insert into ExampleDb.address_ward  (id, name, district_id, created_at) values (4742, 'Phường Quảng Tiến', 269, NOW());
insert into ExampleDb.address_ward  (id, name, district_id, created_at) values (4743, 'Xã Quảng Minh', 269, NOW());
insert into ExampleDb.address_ward  (id, name, district_id, created_at) values (4744, 'Xã Quảng Hùng', 269, NOW());
insert into ExampleDb.address_ward  (id, name, district_id, created_at) values (4745, 'Phường Quảng Thọ', 269, NOW());
insert into ExampleDb.address_ward  (id, name, district_id, created_at) values (4746, 'Phường Quảng Châu', 269, NOW());
insert into ExampleDb.address_ward  (id, name, district_id, created_at) values (4747, 'Phường Quảng Vinh', 269, NOW());
insert into ExampleDb.address_ward  (id, name, district_id, created_at) values (4748, 'Xã Quảng Đại', 269, NOW());
insert into ExampleDb.address_district  (id, name, province_id, created_at) values (270, 'Huyện Mường Lát', 26, NOW());
insert into ExampleDb.address_ward  (id, name, district_id, created_at) values (4749, 'Thị trấn Mường Lát', 270, NOW());
insert into ExampleDb.address_ward  (id, name, district_id, created_at) values (4750, 'Xã Tam Chung', 270, NOW());
insert into ExampleDb.address_ward  (id, name, district_id, created_at) values (4751, 'Xã Mường Lý', 270, NOW());
insert into ExampleDb.address_ward  (id, name, district_id, created_at) values (4752, 'Xã Trung Lý', 270, NOW());
insert into ExampleDb.address_ward  (id, name, district_id, created_at) values (4753, 'Xã Quang Chiểu', 270, NOW());
insert into ExampleDb.address_ward  (id, name, district_id, created_at) values (4754, 'Xã Pù Nhi', 270, NOW());
insert into ExampleDb.address_ward  (id, name, district_id, created_at) values (4755, 'Xã Nhi Sơn', 270, NOW());
insert into ExampleDb.address_ward  (id, name, district_id, created_at) values (4756, 'Xã Mường Chanh', 270, NOW());
insert into ExampleDb.address_district  (id, name, province_id, created_at) values (271, 'Huyện Quan Hóa', 26, NOW());
insert into ExampleDb.address_ward  (id, name, district_id, created_at) values (4757, 'Thị trấn Hồi Xuân', 271, NOW());
insert into ExampleDb.address_ward  (id, name, district_id, created_at) values (4758, 'Xã Thành Sơn', 271, NOW());
insert into ExampleDb.address_ward  (id, name, district_id, created_at) values (4759, 'Xã Trung Sơn', 271, NOW());
insert into ExampleDb.address_ward  (id, name, district_id, created_at) values (4760, 'Xã Phú Thanh', 271, NOW());
insert into ExampleDb.address_ward  (id, name, district_id, created_at) values (4761, 'Xã Trung Thành', 271, NOW());
insert into ExampleDb.address_ward  (id, name, district_id, created_at) values (4762, 'Xã Phú Lệ', 271, NOW());
insert into ExampleDb.address_ward  (id, name, district_id, created_at) values (4763, 'Xã Phú Sơn', 271, NOW());
insert into ExampleDb.address_ward  (id, name, district_id, created_at) values (4764, 'Xã Phú Xuân', 271, NOW());
insert into ExampleDb.address_ward  (id, name, district_id, created_at) values (4765, 'Xã Hiền Chung', 271, NOW());
insert into ExampleDb.address_ward  (id, name, district_id, created_at) values (4766, 'Xã Hiền Kiệt', 271, NOW());
insert into ExampleDb.address_ward  (id, name, district_id, created_at) values (4767, 'Xã Nam Tiến', 271, NOW());
insert into ExampleDb.address_ward  (id, name, district_id, created_at) values (4768, 'Xã Thiên Phủ', 271, NOW());
insert into ExampleDb.address_ward  (id, name, district_id, created_at) values (4769, 'Xã Phú Nghiêm', 271, NOW());
insert into ExampleDb.address_ward  (id, name, district_id, created_at) values (4770, 'Xã Nam Xuân', 271, NOW());
insert into ExampleDb.address_ward  (id, name, district_id, created_at) values (4771, 'Xã Nam Động', 271, NOW());
insert into ExampleDb.address_district  (id, name, province_id, created_at) values (272, 'Huyện Bá Thước', 26, NOW());
insert into ExampleDb.address_ward  (id, name, district_id, created_at) values (4772, 'Thị trấn Cành Nàng', 272, NOW());
insert into ExampleDb.address_ward  (id, name, district_id, created_at) values (4773, 'Xã Điền Thượng', 272, NOW());
insert into ExampleDb.address_ward  (id, name, district_id, created_at) values (4774, 'Xã Điền Hạ', 272, NOW());
insert into ExampleDb.address_ward  (id, name, district_id, created_at) values (4775, 'Xã Điền Quang', 272, NOW());
insert into ExampleDb.address_ward  (id, name, district_id, created_at) values (4776, 'Xã Điền Trung', 272, NOW());
insert into ExampleDb.address_ward  (id, name, district_id, created_at) values (4777, 'Xã Thành Sơn', 272, NOW());
insert into ExampleDb.address_ward  (id, name, district_id, created_at) values (4778, 'Xã Lương Ngoại', 272, NOW());
insert into ExampleDb.address_ward  (id, name, district_id, created_at) values (4779, 'Xã Ái Thượng', 272, NOW());
insert into ExampleDb.address_ward  (id, name, district_id, created_at) values (4780, 'Xã Lương Nội', 272, NOW());
insert into ExampleDb.address_ward  (id, name, district_id, created_at) values (4781, 'Xã Điền Lư', 272, NOW());
insert into ExampleDb.address_ward  (id, name, district_id, created_at) values (4782, 'Xã Lương Trung', 272, NOW());
insert into ExampleDb.address_ward  (id, name, district_id, created_at) values (4783, 'Xã Lũng Niêm', 272, NOW());
insert into ExampleDb.address_ward  (id, name, district_id, created_at) values (4784, 'Xã Lũng Cao', 272, NOW());
insert into ExampleDb.address_ward  (id, name, district_id, created_at) values (4785, 'Xã Hạ Trung', 272, NOW());
insert into ExampleDb.address_ward  (id, name, district_id, created_at) values (4786, 'Xã Cổ Lũng', 272, NOW());
insert into ExampleDb.address_ward  (id, name, district_id, created_at) values (4787, 'Xã Thành Lâm', 272, NOW());
insert into ExampleDb.address_ward  (id, name, district_id, created_at) values (4788, 'Xã Ban Công', 272, NOW());
insert into ExampleDb.address_ward  (id, name, district_id, created_at) values (4789, 'Xã Kỳ Tân', 272, NOW());
insert into ExampleDb.address_ward  (id, name, district_id, created_at) values (4790, 'Xã Văn Nho', 272, NOW());
insert into ExampleDb.address_ward  (id, name, district_id, created_at) values (4791, 'Xã Thiết Ống', 272, NOW());
insert into ExampleDb.address_ward  (id, name, district_id, created_at) values (4792, 'Xã Thiết Kế', 272, NOW());
insert into ExampleDb.address_district  (id, name, province_id, created_at) values (273, 'Huyện Quan Sơn', 26, NOW());
insert into ExampleDb.address_ward  (id, name, district_id, created_at) values (4793, 'Xã Trung Xuân', 273, NOW());
insert into ExampleDb.address_ward  (id, name, district_id, created_at) values (4794, 'Xã Trung Thượng', 273, NOW());
insert into ExampleDb.address_ward  (id, name, district_id, created_at) values (4795, 'Xã Trung Tiến', 273, NOW());
insert into ExampleDb.address_ward  (id, name, district_id, created_at) values (4796, 'Xã Trung Hạ', 273, NOW());
insert into ExampleDb.address_ward  (id, name, district_id, created_at) values (4797, 'Xã Sơn Hà', 273, NOW());
insert into ExampleDb.address_ward  (id, name, district_id, created_at) values (4798, 'Xã Tam Thanh', 273, NOW());
insert into ExampleDb.address_ward  (id, name, district_id, created_at) values (4799, 'Xã Sơn Thủy', 273, NOW());
insert into ExampleDb.address_ward  (id, name, district_id, created_at) values (4800, 'Xã Na Mèo', 273, NOW());
insert into ExampleDb.address_ward  (id, name, district_id, created_at) values (4801, 'Thị trấn Sơn Lư', 273, NOW());
insert into ExampleDb.address_ward  (id, name, district_id, created_at) values (4802, 'Xã Tam Lư', 273, NOW());
insert into ExampleDb.address_ward  (id, name, district_id, created_at) values (4803, 'Xã Sơn Điện', 273, NOW());
insert into ExampleDb.address_ward  (id, name, district_id, created_at) values (4804, 'Xã Mường Mìn', 273, NOW());
insert into ExampleDb.address_district  (id, name, province_id, created_at) values (274, 'Huyện Lang Chánh', 26, NOW());
insert into ExampleDb.address_ward  (id, name, district_id, created_at) values (4805, 'Xã Yên Khương', 274, NOW());
insert into ExampleDb.address_ward  (id, name, district_id, created_at) values (4806, 'Xã Yên Thắng', 274, NOW());
insert into ExampleDb.address_ward  (id, name, district_id, created_at) values (4807, 'Xã Trí Nang', 274, NOW());
insert into ExampleDb.address_ward  (id, name, district_id, created_at) values (4808, 'Xã Giao An', 274, NOW());
insert into ExampleDb.address_ward  (id, name, district_id, created_at) values (4809, 'Xã Giao Thiện', 274, NOW());
insert into ExampleDb.address_ward  (id, name, district_id, created_at) values (4810, 'Xã Tân Phúc', 274, NOW());
insert into ExampleDb.address_ward  (id, name, district_id, created_at) values (4811, 'Xã Tam Văn', 274, NOW());
insert into ExampleDb.address_ward  (id, name, district_id, created_at) values (4812, 'Xã Lâm Phú', 274, NOW());
insert into ExampleDb.address_ward  (id, name, district_id, created_at) values (4813, 'Thị trấn Lang Chánh', 274, NOW());
insert into ExampleDb.address_ward  (id, name, district_id, created_at) values (4814, 'Xã Đồng Lương', 274, NOW());
insert into ExampleDb.address_district  (id, name, province_id, created_at) values (275, 'Huyện Ngọc Lặc', 26, NOW());
insert into ExampleDb.address_ward  (id, name, district_id, created_at) values (4815, 'Thị Trấn Ngọc Lặc', 275, NOW());
insert into ExampleDb.address_ward  (id, name, district_id, created_at) values (4816, 'Xã Lam Sơn', 275, NOW());
insert into ExampleDb.address_ward  (id, name, district_id, created_at) values (4817, 'Xã Mỹ Tân', 275, NOW());
insert into ExampleDb.address_ward  (id, name, district_id, created_at) values (4818, 'Xã Thúy Sơn', 275, NOW());
insert into ExampleDb.address_ward  (id, name, district_id, created_at) values (4819, 'Xã Thạch Lập', 275, NOW());
insert into ExampleDb.address_ward  (id, name, district_id, created_at) values (4820, 'Xã Vân Âm', 275, NOW());
insert into ExampleDb.address_ward  (id, name, district_id, created_at) values (4821, 'Xã Cao Ngọc', 275, NOW());
insert into ExampleDb.address_ward  (id, name, district_id, created_at) values (4822, 'Xã Quang Trung', 275, NOW());
insert into ExampleDb.address_ward  (id, name, district_id, created_at) values (4823, 'Xã Đồng Thịnh', 275, NOW());
insert into ExampleDb.address_ward  (id, name, district_id, created_at) values (4824, 'Xã Ngọc Liên', 275, NOW());
insert into ExampleDb.address_ward  (id, name, district_id, created_at) values (4825, 'Xã Ngọc Sơn', 275, NOW());
insert into ExampleDb.address_ward  (id, name, district_id, created_at) values (4826, 'Xã Lộc Thịnh', 275, NOW());
insert into ExampleDb.address_ward  (id, name, district_id, created_at) values (4827, 'Xã Cao Thịnh', 275, NOW());
insert into ExampleDb.address_ward  (id, name, district_id, created_at) values (4828, 'Xã Ngọc Trung', 275, NOW());
insert into ExampleDb.address_ward  (id, name, district_id, created_at) values (4829, 'Xã Phùng Giáo', 275, NOW());
insert into ExampleDb.address_ward  (id, name, district_id, created_at) values (4830, 'Xã Phùng Minh', 275, NOW());
insert into ExampleDb.address_ward  (id, name, district_id, created_at) values (4831, 'Xã Phúc Thịnh', 275, NOW());
insert into ExampleDb.address_ward  (id, name, district_id, created_at) values (4832, 'Xã Nguyệt Ấn', 275, NOW());
insert into ExampleDb.address_ward  (id, name, district_id, created_at) values (4833, 'Xã Kiên Thọ', 275, NOW());
insert into ExampleDb.address_ward  (id, name, district_id, created_at) values (4834, 'Xã Minh Tiến', 275, NOW());
insert into ExampleDb.address_ward  (id, name, district_id, created_at) values (4835, 'Xã Minh Sơn', 275, NOW());
insert into ExampleDb.address_district  (id, name, province_id, created_at) values (276, 'Huyện Cẩm Thủy', 26, NOW());
insert into ExampleDb.address_ward  (id, name, district_id, created_at) values (4836, 'Thị trấn Phong Sơn', 276, NOW());
insert into ExampleDb.address_ward  (id, name, district_id, created_at) values (4837, 'Xã Cẩm Thành', 276, NOW());
insert into ExampleDb.address_ward  (id, name, district_id, created_at) values (4838, 'Xã Cẩm Quý', 276, NOW());
insert into ExampleDb.address_ward  (id, name, district_id, created_at) values (4839, 'Xã Cẩm Lương', 276, NOW());
insert into ExampleDb.address_ward  (id, name, district_id, created_at) values (4840, 'Xã Cẩm Thạch', 276, NOW());
insert into ExampleDb.address_ward  (id, name, district_id, created_at) values (4841, 'Xã Cẩm Liên', 276, NOW());
insert into ExampleDb.address_ward  (id, name, district_id, created_at) values (4842, 'Xã Cẩm Giang', 276, NOW());
insert into ExampleDb.address_ward  (id, name, district_id, created_at) values (4843, 'Xã Cẩm Bình', 276, NOW());
insert into ExampleDb.address_ward  (id, name, district_id, created_at) values (4844, 'Xã Cẩm Tú', 276, NOW());
insert into ExampleDb.address_ward  (id, name, district_id, created_at) values (4845, 'Xã Cẩm Châu', 276, NOW());
insert into ExampleDb.address_ward  (id, name, district_id, created_at) values (4846, 'Xã Cẩm Tâm', 276, NOW());
insert into ExampleDb.address_ward  (id, name, district_id, created_at) values (4847, 'Xã Cẩm Ngọc', 276, NOW());
insert into ExampleDb.address_ward  (id, name, district_id, created_at) values (4848, 'Xã Cẩm Long', 276, NOW());
insert into ExampleDb.address_ward  (id, name, district_id, created_at) values (4849, 'Xã Cẩm Yên', 276, NOW());
insert into ExampleDb.address_ward  (id, name, district_id, created_at) values (4850, 'Xã Cẩm Tân', 276, NOW());
insert into ExampleDb.address_ward  (id, name, district_id, created_at) values (4851, 'Xã Cẩm Phú', 276, NOW());
insert into ExampleDb.address_ward  (id, name, district_id, created_at) values (4852, 'Xã Cẩm Vân', 276, NOW());
insert into ExampleDb.address_district  (id, name, province_id, created_at) values (277, 'Huyện Thạch Thành', 26, NOW());
insert into ExampleDb.address_ward  (id, name, district_id, created_at) values (4853, 'Thị trấn Kim Tân', 277, NOW());
insert into ExampleDb.address_ward  (id, name, district_id, created_at) values (4854, 'Thị trấn Vân Du', 277, NOW());
insert into ExampleDb.address_ward  (id, name, district_id, created_at) values (4855, 'Xã Thạch Lâm', 277, NOW());
insert into ExampleDb.address_ward  (id, name, district_id, created_at) values (4856, 'Xã Thạch Quảng', 277, NOW());
insert into ExampleDb.address_ward  (id, name, district_id, created_at) values (4857, 'Xã Thạch Tượng', 277, NOW());
insert into ExampleDb.address_ward  (id, name, district_id, created_at) values (4858, 'Xã Thạch Cẩm', 277, NOW());
insert into ExampleDb.address_ward  (id, name, district_id, created_at) values (4859, 'Xã Thạch Sơn', 277, NOW());
insert into ExampleDb.address_ward  (id, name, district_id, created_at) values (4860, 'Xã Thạch Bình', 277, NOW());
insert into ExampleDb.address_ward  (id, name, district_id, created_at) values (4861, 'Xã Thạch Định', 277, NOW());
insert into ExampleDb.address_ward  (id, name, district_id, created_at) values (4862, 'Xã Thạch Đồng', 277, NOW());
insert into ExampleDb.address_ward  (id, name, district_id, created_at) values (4863, 'Xã Thạch Long', 277, NOW());
insert into ExampleDb.address_ward  (id, name, district_id, created_at) values (4864, 'Xã Thành Mỹ', 277, NOW());
insert into ExampleDb.address_ward  (id, name, district_id, created_at) values (4865, 'Xã Thành Yên', 277, NOW());
insert into ExampleDb.address_ward  (id, name, district_id, created_at) values (4866, 'Xã Thành Vinh', 277, NOW());
insert into ExampleDb.address_ward  (id, name, district_id, created_at) values (4867, 'Xã Thành Minh', 277, NOW());
insert into ExampleDb.address_ward  (id, name, district_id, created_at) values (4868, 'Xã Thành Công', 277, NOW());
insert into ExampleDb.address_ward  (id, name, district_id, created_at) values (4869, 'Xã Thành Tân', 277, NOW());
insert into ExampleDb.address_ward  (id, name, district_id, created_at) values (4870, 'Xã Thành Trực', 277, NOW());
insert into ExampleDb.address_ward  (id, name, district_id, created_at) values (4871, 'Xã Thành Tâm', 277, NOW());
insert into ExampleDb.address_ward  (id, name, district_id, created_at) values (4872, 'Xã Thành An', 277, NOW());
insert into ExampleDb.address_ward  (id, name, district_id, created_at) values (4873, 'Xã Thành Thọ', 277, NOW());
insert into ExampleDb.address_ward  (id, name, district_id, created_at) values (4874, 'Xã Thành Tiến', 277, NOW());
insert into ExampleDb.address_ward  (id, name, district_id, created_at) values (4875, 'Xã Thành Long', 277, NOW());
insert into ExampleDb.address_ward  (id, name, district_id, created_at) values (4876, 'Xã Thành Hưng', 277, NOW());
insert into ExampleDb.address_ward  (id, name, district_id, created_at) values (4877, 'Xã Ngọc Trạo', 277, NOW());
insert into ExampleDb.address_district  (id, name, province_id, created_at) values (278, 'Huyện Hà Trung', 26, NOW());
insert into ExampleDb.address_ward  (id, name, district_id, created_at) values (4878, 'Thị trấn Hà Trung', 278, NOW());
insert into ExampleDb.address_ward  (id, name, district_id, created_at) values (4879, 'Xã Hà Long', 278, NOW());
insert into ExampleDb.address_ward  (id, name, district_id, created_at) values (4880, 'Xã Hà Vinh', 278, NOW());
insert into ExampleDb.address_ward  (id, name, district_id, created_at) values (4881, 'Xã Hà Bắc', 278, NOW());
insert into ExampleDb.address_ward  (id, name, district_id, created_at) values (4882, 'Xã Hoạt Giang', 278, NOW());
insert into ExampleDb.address_ward  (id, name, district_id, created_at) values (4883, 'Xã Yên Dương', 278, NOW());
insert into ExampleDb.address_ward  (id, name, district_id, created_at) values (4884, 'Xã Hà Giang', 278, NOW());
insert into ExampleDb.address_ward  (id, name, district_id, created_at) values (4885, 'Xã Lĩnh Toại', 278, NOW());
insert into ExampleDb.address_ward  (id, name, district_id, created_at) values (4886, 'Xã Hà Ngọc', 278, NOW());
insert into ExampleDb.address_ward  (id, name, district_id, created_at) values (4887, 'Xã Yến Sơn', 278, NOW());
insert into ExampleDb.address_ward  (id, name, district_id, created_at) values (4888, 'Xã Hà Sơn', 278, NOW());
insert into ExampleDb.address_ward  (id, name, district_id, created_at) values (4889, 'Xã Hà Lĩnh', 278, NOW());
insert into ExampleDb.address_ward  (id, name, district_id, created_at) values (4890, 'Xã Hà Đông', 278, NOW());
insert into ExampleDb.address_ward  (id, name, district_id, created_at) values (4891, 'Xã Hà Tân', 278, NOW());
insert into ExampleDb.address_ward  (id, name, district_id, created_at) values (4892, 'Xã Hà Tiến', 278, NOW());
insert into ExampleDb.address_ward  (id, name, district_id, created_at) values (4893, 'Xã Hà Bình', 278, NOW());
insert into ExampleDb.address_ward  (id, name, district_id, created_at) values (4894, 'Xã Hà Lai', 278, NOW());
insert into ExampleDb.address_ward  (id, name, district_id, created_at) values (4895, 'Xã Hà Châu', 278, NOW());
insert into ExampleDb.address_ward  (id, name, district_id, created_at) values (4896, 'Xã Hà Thái', 278, NOW());
insert into ExampleDb.address_ward  (id, name, district_id, created_at) values (4897, 'Xã Hà Hải', 278, NOW());
insert into ExampleDb.address_district  (id, name, province_id, created_at) values (279, 'Huyện Vĩnh Lộc', 26, NOW());
insert into ExampleDb.address_ward  (id, name, district_id, created_at) values (4898, 'Thị trấn Vĩnh Lộc', 279, NOW());
insert into ExampleDb.address_ward  (id, name, district_id, created_at) values (4899, 'Xã Vĩnh Quang', 279, NOW());
insert into ExampleDb.address_ward  (id, name, district_id, created_at) values (4900, 'Xã Vĩnh Yên', 279, NOW());
insert into ExampleDb.address_ward  (id, name, district_id, created_at) values (4901, 'Xã Vĩnh Tiến', 279, NOW());
insert into ExampleDb.address_ward  (id, name, district_id, created_at) values (4902, 'Xã Vĩnh Long', 279, NOW());
insert into ExampleDb.address_ward  (id, name, district_id, created_at) values (4903, 'Xã Vĩnh Phúc', 279, NOW());
insert into ExampleDb.address_ward  (id, name, district_id, created_at) values (4904, 'Xã Vĩnh Hưng', 279, NOW());
insert into ExampleDb.address_ward  (id, name, district_id, created_at) values (4905, 'Xã Vĩnh Hòa', 279, NOW());
insert into ExampleDb.address_ward  (id, name, district_id, created_at) values (4906, 'Xã Vĩnh Hùng', 279, NOW());
insert into ExampleDb.address_ward  (id, name, district_id, created_at) values (4907, 'Xã Minh Tân', 279, NOW());
insert into ExampleDb.address_ward  (id, name, district_id, created_at) values (4908, 'Xã Ninh Khang', 279, NOW());
insert into ExampleDb.address_ward  (id, name, district_id, created_at) values (4909, 'Xã Vĩnh Thịnh', 279, NOW());
insert into ExampleDb.address_ward  (id, name, district_id, created_at) values (4910, 'Xã Vĩnh An', 279, NOW());
insert into ExampleDb.address_district  (id, name, province_id, created_at) values (280, 'Huyện Yên Định', 26, NOW());
insert into ExampleDb.address_ward  (id, name, district_id, created_at) values (4911, 'Thị trấn Thống Nhất', 280, NOW());
insert into ExampleDb.address_ward  (id, name, district_id, created_at) values (4912, 'Thị trấn Yên Lâm', 280, NOW());
insert into ExampleDb.address_ward  (id, name, district_id, created_at) values (4913, 'Xã Yên Tâm', 280, NOW());
insert into ExampleDb.address_ward  (id, name, district_id, created_at) values (4914, 'Xã Yên Phú', 280, NOW());
insert into ExampleDb.address_ward  (id, name, district_id, created_at) values (4915, 'Thị trấn Quý Lộc', 280, NOW());
insert into ExampleDb.address_ward  (id, name, district_id, created_at) values (4916, 'Xã Yên Thọ', 280, NOW());
insert into ExampleDb.address_ward  (id, name, district_id, created_at) values (4917, 'Xã Yên Trung', 280, NOW());
insert into ExampleDb.address_ward  (id, name, district_id, created_at) values (4918, 'Xã Yên Trường', 280, NOW());
insert into ExampleDb.address_ward  (id, name, district_id, created_at) values (4919, 'Xã Yên Phong', 280, NOW());
insert into ExampleDb.address_ward  (id, name, district_id, created_at) values (4920, 'Xã Yên Thái', 280, NOW());
insert into ExampleDb.address_ward  (id, name, district_id, created_at) values (4921, 'Xã Yên Hùng', 280, NOW());
insert into ExampleDb.address_ward  (id, name, district_id, created_at) values (4922, 'Xã Yên Thịnh', 280, NOW());
insert into ExampleDb.address_ward  (id, name, district_id, created_at) values (4923, 'Xã Yên Ninh', 280, NOW());
insert into ExampleDb.address_ward  (id, name, district_id, created_at) values (4924, 'Xã Yên Lạc', 280, NOW());
insert into ExampleDb.address_ward  (id, name, district_id, created_at) values (4925, 'Xã Định Tăng', 280, NOW());
insert into ExampleDb.address_ward  (id, name, district_id, created_at) values (4926, 'Xã Định Hòa', 280, NOW());
insert into ExampleDb.address_ward  (id, name, district_id, created_at) values (4927, 'Xã Định Thành', 280, NOW());
insert into ExampleDb.address_ward  (id, name, district_id, created_at) values (4928, 'Xã Định Công', 280, NOW());
insert into ExampleDb.address_ward  (id, name, district_id, created_at) values (4929, 'Xã Định Tân', 280, NOW());
insert into ExampleDb.address_ward  (id, name, district_id, created_at) values (4930, 'Xã Định Tiến', 280, NOW());
insert into ExampleDb.address_ward  (id, name, district_id, created_at) values (4931, 'Xã Định Long', 280, NOW());
insert into ExampleDb.address_ward  (id, name, district_id, created_at) values (4932, 'Xã Định Liên', 280, NOW());
insert into ExampleDb.address_ward  (id, name, district_id, created_at) values (4933, 'Thị trấn Quán Lào', 280, NOW());
insert into ExampleDb.address_ward  (id, name, district_id, created_at) values (4934, 'Xã Định Hưng', 280, NOW());
insert into ExampleDb.address_ward  (id, name, district_id, created_at) values (4935, 'Xã Định Hải', 280, NOW());
insert into ExampleDb.address_ward  (id, name, district_id, created_at) values (4936, 'Xã Định Bình', 280, NOW());
insert into ExampleDb.address_district  (id, name, province_id, created_at) values (281, 'Huyện Thọ Xuân', 26, NOW());
insert into ExampleDb.address_ward  (id, name, district_id, created_at) values (4937, 'Xã Xuân Hồng', 281, NOW());
insert into ExampleDb.address_ward  (id, name, district_id, created_at) values (4938, 'Thị trấn Thọ Xuân', 281, NOW());
insert into ExampleDb.address_ward  (id, name, district_id, created_at) values (4939, 'Xã Bắc Lương', 281, NOW());
insert into ExampleDb.address_ward  (id, name, district_id, created_at) values (4940, 'Xã Nam Giang', 281, NOW());
insert into ExampleDb.address_ward  (id, name, district_id, created_at) values (4941, 'Xã Xuân Phong', 281, NOW());
insert into ExampleDb.address_ward  (id, name, district_id, created_at) values (4942, 'Xã Thọ Lộc', 281, NOW());
insert into ExampleDb.address_ward  (id, name, district_id, created_at) values (4943, 'Xã Xuân Trường', 281, NOW());
insert into ExampleDb.address_ward  (id, name, district_id, created_at) values (4944, 'Xã Xuân Hòa', 281, NOW());
insert into ExampleDb.address_ward  (id, name, district_id, created_at) values (4945, 'Xã Thọ Hải', 281, NOW());
insert into ExampleDb.address_ward  (id, name, district_id, created_at) values (4946, 'Xã Tây Hồ', 281, NOW());
insert into ExampleDb.address_ward  (id, name, district_id, created_at) values (4947, 'Xã Xuân Giang', 281, NOW());
insert into ExampleDb.address_ward  (id, name, district_id, created_at) values (4948, 'Xã Xuân Sinh', 281, NOW());
insert into ExampleDb.address_ward  (id, name, district_id, created_at) values (4949, 'Xã Xuân Hưng', 281, NOW());
insert into ExampleDb.address_ward  (id, name, district_id, created_at) values (4950, 'Xã Thọ Diên', 281, NOW());
insert into ExampleDb.address_ward  (id, name, district_id, created_at) values (4951, 'Xã Thọ Lâm', 281, NOW());
insert into ExampleDb.address_ward  (id, name, district_id, created_at) values (4952, 'Xã Thọ Xương', 281, NOW());
insert into ExampleDb.address_ward  (id, name, district_id, created_at) values (4953, 'Xã Xuân Bái', 281, NOW());
insert into ExampleDb.address_ward  (id, name, district_id, created_at) values (4954, 'Xã Xuân Phú', 281, NOW());
insert into ExampleDb.address_ward  (id, name, district_id, created_at) values (4955, 'Thị trấn Sao Vàng', 281, NOW());
insert into ExampleDb.address_ward  (id, name, district_id, created_at) values (4956, 'Thị trấn Lam Sơn', 281, NOW());
insert into ExampleDb.address_ward  (id, name, district_id, created_at) values (4957, 'Xã Xuân Thiên', 281, NOW());
insert into ExampleDb.address_ward  (id, name, district_id, created_at) values (4958, 'Xã Thuận Minh', 281, NOW());
insert into ExampleDb.address_ward  (id, name, district_id, created_at) values (4959, 'Xã Thọ Lập', 281, NOW());
insert into ExampleDb.address_ward  (id, name, district_id, created_at) values (4960, 'Xã Quảng Phú', 281, NOW());
insert into ExampleDb.address_ward  (id, name, district_id, created_at) values (4961, 'Xã Xuân Tín', 281, NOW());
insert into ExampleDb.address_ward  (id, name, district_id, created_at) values (4962, 'Xã Phú Xuân', 281, NOW());
insert into ExampleDb.address_ward  (id, name, district_id, created_at) values (4963, 'Xã Xuân Lai', 281, NOW());
insert into ExampleDb.address_ward  (id, name, district_id, created_at) values (4964, 'Xã Xuân Lập', 281, NOW());
insert into ExampleDb.address_ward  (id, name, district_id, created_at) values (4965, 'Xã Xuân Minh', 281, NOW());
insert into ExampleDb.address_ward  (id, name, district_id, created_at) values (4966, 'Xã Trường Xuân', 281, NOW());
insert into ExampleDb.address_district  (id, name, province_id, created_at) values (282, 'Huyện Thường Xuân', 26, NOW());
insert into ExampleDb.address_ward  (id, name, district_id, created_at) values (4967, 'Xã Bát Mọt', 282, NOW());
insert into ExampleDb.address_ward  (id, name, district_id, created_at) values (4968, 'Xã Yên Nhân', 282, NOW());
insert into ExampleDb.address_ward  (id, name, district_id, created_at) values (4969, 'Xã Xuân Lẹ', 282, NOW());
insert into ExampleDb.address_ward  (id, name, district_id, created_at) values (4970, 'Xã Vạn Xuân', 282, NOW());
insert into ExampleDb.address_ward  (id, name, district_id, created_at) values (4971, 'Xã Lương Sơn', 282, NOW());
insert into ExampleDb.address_ward  (id, name, district_id, created_at) values (4972, 'Xã Xuân Cao', 282, NOW());
insert into ExampleDb.address_ward  (id, name, district_id, created_at) values (4973, 'Xã Luận Thành', 282, NOW());
insert into ExampleDb.address_ward  (id, name, district_id, created_at) values (4974, 'Xã Luận Khê', 282, NOW());
insert into ExampleDb.address_ward  (id, name, district_id, created_at) values (4975, 'Xã Xuân Thắng', 282, NOW());
insert into ExampleDb.address_ward  (id, name, district_id, created_at) values (4976, 'Xã Xuân Lộc', 282, NOW());
insert into ExampleDb.address_ward  (id, name, district_id, created_at) values (4977, 'Thị trấn Thường Xuân', 282, NOW());
insert into ExampleDb.address_ward  (id, name, district_id, created_at) values (4978, 'Xã Xuân Dương', 282, NOW());
insert into ExampleDb.address_ward  (id, name, district_id, created_at) values (4979, 'Xã Thọ Thanh', 282, NOW());
insert into ExampleDb.address_ward  (id, name, district_id, created_at) values (4980, 'Xã Ngọc Phụng', 282, NOW());
insert into ExampleDb.address_ward  (id, name, district_id, created_at) values (4981, 'Xã Xuân Chinh', 282, NOW());
insert into ExampleDb.address_ward  (id, name, district_id, created_at) values (4982, 'Xã Tân Thành', 282, NOW());
insert into ExampleDb.address_district  (id, name, province_id, created_at) values (283, 'Huyện Triệu Sơn', 26, NOW());
insert into ExampleDb.address_ward  (id, name, district_id, created_at) values (4983, 'Thị trấn Triệu Sơn', 283, NOW());
insert into ExampleDb.address_ward  (id, name, district_id, created_at) values (4984, 'Xã Thọ Sơn', 283, NOW());
insert into ExampleDb.address_ward  (id, name, district_id, created_at) values (4985, 'Xã Thọ Bình', 283, NOW());
insert into ExampleDb.address_ward  (id, name, district_id, created_at) values (4986, 'Xã Thọ Tiến', 283, NOW());
insert into ExampleDb.address_ward  (id, name, district_id, created_at) values (4987, 'Xã Hợp Lý', 283, NOW());
insert into ExampleDb.address_ward  (id, name, district_id, created_at) values (4988, 'Xã Hợp Tiến', 283, NOW());
insert into ExampleDb.address_ward  (id, name, district_id, created_at) values (4989, 'Xã Hợp Thành', 283, NOW());
insert into ExampleDb.address_ward  (id, name, district_id, created_at) values (4990, 'Xã Triệu Thành', 283, NOW());
insert into ExampleDb.address_ward  (id, name, district_id, created_at) values (4991, 'Xã Hợp Thắng', 283, NOW());
insert into ExampleDb.address_ward  (id, name, district_id, created_at) values (4992, 'Xã Minh Sơn', 283, NOW());
insert into ExampleDb.address_ward  (id, name, district_id, created_at) values (4993, 'Xã Dân Lực', 283, NOW());
insert into ExampleDb.address_ward  (id, name, district_id, created_at) values (4994, 'Xã Dân Lý', 283, NOW());
insert into ExampleDb.address_ward  (id, name, district_id, created_at) values (4995, 'Xã Dân Quyền', 283, NOW());
insert into ExampleDb.address_ward  (id, name, district_id, created_at) values (4996, 'Xã An Nông', 283, NOW());
insert into ExampleDb.address_ward  (id, name, district_id, created_at) values (4997, 'Xã Văn Sơn', 283, NOW());
insert into ExampleDb.address_ward  (id, name, district_id, created_at) values (4998, 'Xã Thái Hòa', 283, NOW());
insert into ExampleDb.address_ward  (id, name, district_id, created_at) values (4999, 'Thị trấn Nưa', 283, NOW());
insert into ExampleDb.address_ward  (id, name, district_id, created_at) values (5000, 'Xã Đồng Lợi', 283, NOW());
insert into ExampleDb.address_ward  (id, name, district_id, created_at) values (5001, 'Xã Đồng Tiến', 283, NOW());
insert into ExampleDb.address_ward  (id, name, district_id, created_at) values (5002, 'Xã Đồng Thắng', 283, NOW());
insert into ExampleDb.address_ward  (id, name, district_id, created_at) values (5003, 'Xã Tiến Nông', 283, NOW());
insert into ExampleDb.address_ward  (id, name, district_id, created_at) values (5004, 'Xã Khuyến Nông', 283, NOW());
insert into ExampleDb.address_ward  (id, name, district_id, created_at) values (5005, 'Xã Xuân Thịnh', 283, NOW());
insert into ExampleDb.address_ward  (id, name, district_id, created_at) values (5006, 'Xã Xuân Lộc', 283, NOW());
insert into ExampleDb.address_ward  (id, name, district_id, created_at) values (5007, 'Xã Thọ Dân', 283, NOW());
insert into ExampleDb.address_ward  (id, name, district_id, created_at) values (5008, 'Xã Xuân Thọ', 283, NOW());
insert into ExampleDb.address_ward  (id, name, district_id, created_at) values (5009, 'Xã Thọ Tân', 283, NOW());
insert into ExampleDb.address_ward  (id, name, district_id, created_at) values (5010, 'Xã Thọ Ngọc', 283, NOW());
insert into ExampleDb.address_ward  (id, name, district_id, created_at) values (5011, 'Xã Thọ Cường', 283, NOW());
insert into ExampleDb.address_ward  (id, name, district_id, created_at) values (5012, 'Xã Thọ Phú', 283, NOW());
insert into ExampleDb.address_ward  (id, name, district_id, created_at) values (5013, 'Xã Thọ Vực', 283, NOW());
insert into ExampleDb.address_ward  (id, name, district_id, created_at) values (5014, 'Xã Thọ Thế', 283, NOW());
insert into ExampleDb.address_ward  (id, name, district_id, created_at) values (5015, 'Xã Nông Trường', 283, NOW());
insert into ExampleDb.address_ward  (id, name, district_id, created_at) values (5016, 'Xã Bình Sơn', 283, NOW());
insert into ExampleDb.address_district  (id, name, province_id, created_at) values (284, 'Huyện Thiệu Hóa', 26, NOW());
insert into ExampleDb.address_ward  (id, name, district_id, created_at) values (5017, 'Thị trấn Thiệu Hóa', 284, NOW());
insert into ExampleDb.address_ward  (id, name, district_id, created_at) values (5018, 'Xã Thiệu Ngọc', 284, NOW());
insert into ExampleDb.address_ward  (id, name, district_id, created_at) values (5019, 'Xã Thiệu Vũ', 284, NOW());
insert into ExampleDb.address_ward  (id, name, district_id, created_at) values (5020, 'Xã Thiệu Phúc', 284, NOW());
insert into ExampleDb.address_ward  (id, name, district_id, created_at) values (5021, 'Xã Thiệu Tiến', 284, NOW());
insert into ExampleDb.address_ward  (id, name, district_id, created_at) values (5022, 'Xã Thiệu Công', 284, NOW());
insert into ExampleDb.address_ward  (id, name, district_id, created_at) values (5023, 'Xã Thiệu Phú', 284, NOW());
insert into ExampleDb.address_ward  (id, name, district_id, created_at) values (5024, 'Xã Thiệu Long', 284, NOW());
insert into ExampleDb.address_ward  (id, name, district_id, created_at) values (5025, 'Xã Thiệu Giang', 284, NOW());
insert into ExampleDb.address_ward  (id, name, district_id, created_at) values (5026, 'Xã Thiệu Duy', 284, NOW());
insert into ExampleDb.address_ward  (id, name, district_id, created_at) values (5027, 'Xã Thiệu Nguyên', 284, NOW());
insert into ExampleDb.address_ward  (id, name, district_id, created_at) values (5028, 'Xã Thiệu Hợp', 284, NOW());
insert into ExampleDb.address_ward  (id, name, district_id, created_at) values (5029, 'Xã Thiệu Thịnh', 284, NOW());
insert into ExampleDb.address_ward  (id, name, district_id, created_at) values (5030, 'Xã Thiệu Quang', 284, NOW());
insert into ExampleDb.address_ward  (id, name, district_id, created_at) values (5031, 'Xã Thiệu Thành', 284, NOW());
insert into ExampleDb.address_ward  (id, name, district_id, created_at) values (5032, 'Xã Thiệu Toán', 284, NOW());
insert into ExampleDb.address_ward  (id, name, district_id, created_at) values (5033, 'Xã Thiệu Chính', 284, NOW());
insert into ExampleDb.address_ward  (id, name, district_id, created_at) values (5034, 'Xã Thiệu Hòa', 284, NOW());
insert into ExampleDb.address_ward  (id, name, district_id, created_at) values (5035, 'Xã Minh Tâm', 284, NOW());
insert into ExampleDb.address_ward  (id, name, district_id, created_at) values (5036, 'Xã Thiệu Viên', 284, NOW());
insert into ExampleDb.address_ward  (id, name, district_id, created_at) values (5037, 'Xã Thiệu Lý', 284, NOW());
insert into ExampleDb.address_ward  (id, name, district_id, created_at) values (5038, 'Xã Thiệu Vận', 284, NOW());
insert into ExampleDb.address_ward  (id, name, district_id, created_at) values (5039, 'Xã Thiệu Trung', 284, NOW());
insert into ExampleDb.address_ward  (id, name, district_id, created_at) values (5040, 'Xã Tân Châu', 284, NOW());
insert into ExampleDb.address_ward  (id, name, district_id, created_at) values (5041, 'Xã Thiệu Giao', 284, NOW());
insert into ExampleDb.address_district  (id, name, province_id, created_at) values (285, 'Huyện Hoằng Hóa', 26, NOW());
insert into ExampleDb.address_ward  (id, name, district_id, created_at) values (5042, 'Thị trấn Bút Sơn', 285, NOW());
insert into ExampleDb.address_ward  (id, name, district_id, created_at) values (5043, 'Xã Hoằng Giang', 285, NOW());
insert into ExampleDb.address_ward  (id, name, district_id, created_at) values (5044, 'Xã Hoằng Xuân', 285, NOW());
insert into ExampleDb.address_ward  (id, name, district_id, created_at) values (5045, 'Xã Hoằng Phượng', 285, NOW());
insert into ExampleDb.address_ward  (id, name, district_id, created_at) values (5046, 'Xã Hoằng Phú', 285, NOW());
insert into ExampleDb.address_ward  (id, name, district_id, created_at) values (5047, 'Xã Hoằng Quỳ', 285, NOW());
insert into ExampleDb.address_ward  (id, name, district_id, created_at) values (5048, 'Xã Hoằng Kim', 285, NOW());
insert into ExampleDb.address_ward  (id, name, district_id, created_at) values (5049, 'Xã Hoằng Trung', 285, NOW());
insert into ExampleDb.address_ward  (id, name, district_id, created_at) values (5050, 'Xã Hoằng Trinh', 285, NOW());
insert into ExampleDb.address_ward  (id, name, district_id, created_at) values (5051, 'Xã Hoằng Sơn', 285, NOW());
insert into ExampleDb.address_ward  (id, name, district_id, created_at) values (5052, 'Xã Hoằng Cát', 285, NOW());
insert into ExampleDb.address_ward  (id, name, district_id, created_at) values (5053, 'Xã Hoằng Xuyên', 285, NOW());
insert into ExampleDb.address_ward  (id, name, district_id, created_at) values (5054, 'Xã Hoằng Quý', 285, NOW());
insert into ExampleDb.address_ward  (id, name, district_id, created_at) values (5055, 'Xã Hoằng Hợp', 285, NOW());
insert into ExampleDb.address_ward  (id, name, district_id, created_at) values (5056, 'Xã Hoằng Đức', 285, NOW());
insert into ExampleDb.address_ward  (id, name, district_id, created_at) values (5057, 'Xã Hoằng Hà', 285, NOW());
insert into ExampleDb.address_ward  (id, name, district_id, created_at) values (5058, 'Xã Hoằng Đạt', 285, NOW());
insert into ExampleDb.address_ward  (id, name, district_id, created_at) values (5059, 'Xã Hoằng Đạo', 285, NOW());
insert into ExampleDb.address_ward  (id, name, district_id, created_at) values (5060, 'Xã Hoằng Thắng', 285, NOW());
insert into ExampleDb.address_ward  (id, name, district_id, created_at) values (5061, 'Xã Hoằng Đồng', 285, NOW());
insert into ExampleDb.address_ward  (id, name, district_id, created_at) values (5062, 'Xã Hoằng Thái', 285, NOW());
insert into ExampleDb.address_ward  (id, name, district_id, created_at) values (5063, 'Xã Hoằng Thịnh', 285, NOW());
insert into ExampleDb.address_ward  (id, name, district_id, created_at) values (5064, 'Xã Hoằng Thành', 285, NOW());
insert into ExampleDb.address_ward  (id, name, district_id, created_at) values (5065, 'Xã Hoằng Lộc', 285, NOW());
insert into ExampleDb.address_ward  (id, name, district_id, created_at) values (5066, 'Xã Hoằng Trạch', 285, NOW());
insert into ExampleDb.address_ward  (id, name, district_id, created_at) values (5067, 'Xã Hoằng Phong', 285, NOW());
insert into ExampleDb.address_ward  (id, name, district_id, created_at) values (5068, 'Xã Hoằng Lưu', 285, NOW());
insert into ExampleDb.address_ward  (id, name, district_id, created_at) values (5069, 'Xã Hoằng Châu', 285, NOW());
insert into ExampleDb.address_ward  (id, name, district_id, created_at) values (5070, 'Xã Hoằng Tân', 285, NOW());
insert into ExampleDb.address_ward  (id, name, district_id, created_at) values (5071, 'Xã Hoằng Yến', 285, NOW());
insert into ExampleDb.address_ward  (id, name, district_id, created_at) values (5072, 'Xã Hoằng Tiến', 285, NOW());
insert into ExampleDb.address_ward  (id, name, district_id, created_at) values (5073, 'Xã Hoằng Hải', 285, NOW());
insert into ExampleDb.address_ward  (id, name, district_id, created_at) values (5074, 'Xã Hoằng Ngọc', 285, NOW());
insert into ExampleDb.address_ward  (id, name, district_id, created_at) values (5075, 'Xã Hoằng Đông', 285, NOW());
insert into ExampleDb.address_ward  (id, name, district_id, created_at) values (5076, 'Xã Hoằng Thanh', 285, NOW());
insert into ExampleDb.address_ward  (id, name, district_id, created_at) values (5077, 'Xã Hoằng Phụ', 285, NOW());
insert into ExampleDb.address_ward  (id, name, district_id, created_at) values (5078, 'Xã Hoằng Trường', 285, NOW());
insert into ExampleDb.address_district  (id, name, province_id, created_at) values (286, 'Huyện Hậu Lộc', 26, NOW());
insert into ExampleDb.address_ward  (id, name, district_id, created_at) values (5079, 'Thị trấn Hậu Lộc', 286, NOW());
insert into ExampleDb.address_ward  (id, name, district_id, created_at) values (5080, 'Xã Đồng Lộc', 286, NOW());
insert into ExampleDb.address_ward  (id, name, district_id, created_at) values (5081, 'Xã Đại Lộc', 286, NOW());
insert into ExampleDb.address_ward  (id, name, district_id, created_at) values (5082, 'Xã Triệu Lộc', 286, NOW());
insert into ExampleDb.address_ward  (id, name, district_id, created_at) values (5083, 'Xã Tiến Lộc', 286, NOW());
insert into ExampleDb.address_ward  (id, name, district_id, created_at) values (5084, 'Xã Lộc Sơn', 286, NOW());
insert into ExampleDb.address_ward  (id, name, district_id, created_at) values (5085, 'Xã Cầu Lộc', 286, NOW());
insert into ExampleDb.address_ward  (id, name, district_id, created_at) values (5086, 'Xã Thành Lộc', 286, NOW());
insert into ExampleDb.address_ward  (id, name, district_id, created_at) values (5087, 'Xã Tuy Lộc', 286, NOW());
insert into ExampleDb.address_ward  (id, name, district_id, created_at) values (5088, 'Xã Phong Lộc', 286, NOW());
insert into ExampleDb.address_ward  (id, name, district_id, created_at) values (5089, 'Xã Mỹ Lộc', 286, NOW());
insert into ExampleDb.address_ward  (id, name, district_id, created_at) values (5090, 'Xã Thuần Lộc', 286, NOW());
insert into ExampleDb.address_ward  (id, name, district_id, created_at) values (5091, 'Xã Xuân Lộc', 286, NOW());
insert into ExampleDb.address_ward  (id, name, district_id, created_at) values (5092, 'Xã Hoa Lộc', 286, NOW());
insert into ExampleDb.address_ward  (id, name, district_id, created_at) values (5093, 'Xã Liên Lộc', 286, NOW());
insert into ExampleDb.address_ward  (id, name, district_id, created_at) values (5094, 'Xã Quang Lộc', 286, NOW());
insert into ExampleDb.address_ward  (id, name, district_id, created_at) values (5095, 'Xã Phú Lộc', 286, NOW());
insert into ExampleDb.address_ward  (id, name, district_id, created_at) values (5096, 'Xã Hòa Lộc', 286, NOW());
insert into ExampleDb.address_ward  (id, name, district_id, created_at) values (5097, 'Xã Minh Lộc', 286, NOW());
insert into ExampleDb.address_ward  (id, name, district_id, created_at) values (5098, 'Xã Hưng Lộc', 286, NOW());
insert into ExampleDb.address_ward  (id, name, district_id, created_at) values (5099, 'Xã Hải Lộc', 286, NOW());
insert into ExampleDb.address_ward  (id, name, district_id, created_at) values (5100, 'Xã Đa Lộc', 286, NOW());
insert into ExampleDb.address_ward  (id, name, district_id, created_at) values (5101, 'Xã Ngư Lộc', 286, NOW());
insert into ExampleDb.address_district  (id, name, province_id, created_at) values (287, 'Huyện Nga Sơn', 26, NOW());
insert into ExampleDb.address_ward  (id, name, district_id, created_at) values (5102, 'Thị trấn Nga Sơn', 287, NOW());
insert into ExampleDb.address_ward  (id, name, district_id, created_at) values (5103, 'Xã Ba Đình', 287, NOW());
insert into ExampleDb.address_ward  (id, name, district_id, created_at) values (5104, 'Xã Nga Vịnh', 287, NOW());
insert into ExampleDb.address_ward  (id, name, district_id, created_at) values (5105, 'Xã Nga Văn', 287, NOW());
insert into ExampleDb.address_ward  (id, name, district_id, created_at) values (5106, 'Xã Nga Thiện', 287, NOW());
insert into ExampleDb.address_ward  (id, name, district_id, created_at) values (5107, 'Xã Nga Tiến', 287, NOW());
insert into ExampleDb.address_ward  (id, name, district_id, created_at) values (5108, 'Xã Nga Phượng', 287, NOW());
insert into ExampleDb.address_ward  (id, name, district_id, created_at) values (5109, 'Xã Nga Trung', 287, NOW());
insert into ExampleDb.address_ward  (id, name, district_id, created_at) values (5110, 'Xã Nga Bạch', 287, NOW());
insert into ExampleDb.address_ward  (id, name, district_id, created_at) values (5111, 'Xã Nga Thanh', 287, NOW());
insert into ExampleDb.address_ward  (id, name, district_id, created_at) values (5112, 'Xã Nga Yên', 287, NOW());
insert into ExampleDb.address_ward  (id, name, district_id, created_at) values (5113, 'Xã Nga Giáp', 287, NOW());
insert into ExampleDb.address_ward  (id, name, district_id, created_at) values (5114, 'Xã Nga Hải', 287, NOW());
insert into ExampleDb.address_ward  (id, name, district_id, created_at) values (5115, 'Xã Nga Thành', 287, NOW());
insert into ExampleDb.address_ward  (id, name, district_id, created_at) values (5116, 'Xã Nga An', 287, NOW());
insert into ExampleDb.address_ward  (id, name, district_id, created_at) values (5117, 'Xã Nga Phú', 287, NOW());
insert into ExampleDb.address_ward  (id, name, district_id, created_at) values (5118, 'Xã Nga Điền', 287, NOW());
insert into ExampleDb.address_ward  (id, name, district_id, created_at) values (5119, 'Xã Nga Tân', 287, NOW());
insert into ExampleDb.address_ward  (id, name, district_id, created_at) values (5120, 'Xã Nga Thủy', 287, NOW());
insert into ExampleDb.address_ward  (id, name, district_id, created_at) values (5121, 'Xã Nga Liên', 287, NOW());
insert into ExampleDb.address_ward  (id, name, district_id, created_at) values (5122, 'Xã Nga Thái', 287, NOW());
insert into ExampleDb.address_ward  (id, name, district_id, created_at) values (5123, 'Xã Nga Thạch', 287, NOW());
insert into ExampleDb.address_ward  (id, name, district_id, created_at) values (5124, 'Xã Nga Thắng', 287, NOW());
insert into ExampleDb.address_ward  (id, name, district_id, created_at) values (5125, 'Xã Nga Trường', 287, NOW());
insert into ExampleDb.address_district  (id, name, province_id, created_at) values (288, 'Huyện Như Xuân', 26, NOW());
insert into ExampleDb.address_ward  (id, name, district_id, created_at) values (5126, 'Thị trấn Yên Cát', 288, NOW());
insert into ExampleDb.address_ward  (id, name, district_id, created_at) values (5127, 'Xã Bãi Trành', 288, NOW());
insert into ExampleDb.address_ward  (id, name, district_id, created_at) values (5128, 'Xã Xuân Hòa', 288, NOW());
insert into ExampleDb.address_ward  (id, name, district_id, created_at) values (5129, 'Xã Xuân Bình', 288, NOW());
insert into ExampleDb.address_ward  (id, name, district_id, created_at) values (5130, 'Xã Hóa Quỳ', 288, NOW());
insert into ExampleDb.address_ward  (id, name, district_id, created_at) values (5131, 'Xã Cát Vân', 288, NOW());
insert into ExampleDb.address_ward  (id, name, district_id, created_at) values (5132, 'Xã Cát Tân', 288, NOW());
insert into ExampleDb.address_ward  (id, name, district_id, created_at) values (5133, 'Xã Tân Bình', 288, NOW());
insert into ExampleDb.address_ward  (id, name, district_id, created_at) values (5134, 'Xã Bình Lương', 288, NOW());
insert into ExampleDb.address_ward  (id, name, district_id, created_at) values (5135, 'Xã Thanh Quân', 288, NOW());
insert into ExampleDb.address_ward  (id, name, district_id, created_at) values (5136, 'Xã Thanh Xuân', 288, NOW());
insert into ExampleDb.address_ward  (id, name, district_id, created_at) values (5137, 'Xã Thanh Hòa', 288, NOW());
insert into ExampleDb.address_ward  (id, name, district_id, created_at) values (5138, 'Xã Thanh Phong', 288, NOW());
insert into ExampleDb.address_ward  (id, name, district_id, created_at) values (5139, 'Xã Thanh Lâm', 288, NOW());
insert into ExampleDb.address_ward  (id, name, district_id, created_at) values (5140, 'Xã Thanh Sơn', 288, NOW());
insert into ExampleDb.address_ward  (id, name, district_id, created_at) values (5141, 'Xã Thượng Ninh', 288, NOW());
insert into ExampleDb.address_district  (id, name, province_id, created_at) values (289, 'Huyện Như Thanh', 26, NOW());
insert into ExampleDb.address_ward  (id, name, district_id, created_at) values (5142, 'Thị trấn Bến Sung', 289, NOW());
insert into ExampleDb.address_ward  (id, name, district_id, created_at) values (5143, 'Xã Cán Khê', 289, NOW());
insert into ExampleDb.address_ward  (id, name, district_id, created_at) values (5144, 'Xã Xuân Du', 289, NOW());
insert into ExampleDb.address_ward  (id, name, district_id, created_at) values (5145, 'Xã Phượng Nghi', 289, NOW());
insert into ExampleDb.address_ward  (id, name, district_id, created_at) values (5146, 'Xã Mậu Lâm', 289, NOW());
insert into ExampleDb.address_ward  (id, name, district_id, created_at) values (5147, 'Xã Xuân Khang', 289, NOW());
insert into ExampleDb.address_ward  (id, name, district_id, created_at) values (5148, 'Xã Phú Nhuận', 289, NOW());
insert into ExampleDb.address_ward  (id, name, district_id, created_at) values (5149, 'Xã Hải Long', 289, NOW());
insert into ExampleDb.address_ward  (id, name, district_id, created_at) values (5150, 'Xã Xuân Thái', 289, NOW());
insert into ExampleDb.address_ward  (id, name, district_id, created_at) values (5151, 'Xã Xuân Phúc', 289, NOW());
insert into ExampleDb.address_ward  (id, name, district_id, created_at) values (5152, 'Xã Yên Thọ', 289, NOW());
insert into ExampleDb.address_ward  (id, name, district_id, created_at) values (5153, 'Xã Yên Lạc', 289, NOW());
insert into ExampleDb.address_ward  (id, name, district_id, created_at) values (5154, 'Xã Thanh Tân', 289, NOW());
insert into ExampleDb.address_ward  (id, name, district_id, created_at) values (5155, 'Xã Thanh Kỳ', 289, NOW());
insert into ExampleDb.address_district  (id, name, province_id, created_at) values (290, 'Huyện Nông Cống', 26, NOW());
insert into ExampleDb.address_ward  (id, name, district_id, created_at) values (5156, 'Thị trấn Nông Cống', 290, NOW());
insert into ExampleDb.address_ward  (id, name, district_id, created_at) values (5157, 'Xã Tân Phúc', 290, NOW());
insert into ExampleDb.address_ward  (id, name, district_id, created_at) values (5158, 'Xã Tân Thọ', 290, NOW());
insert into ExampleDb.address_ward  (id, name, district_id, created_at) values (5159, 'Xã Hoàng Sơn', 290, NOW());
insert into ExampleDb.address_ward  (id, name, district_id, created_at) values (5160, 'Xã Tân Khang', 290, NOW());
insert into ExampleDb.address_ward  (id, name, district_id, created_at) values (5161, 'Xã Hoàng Giang', 290, NOW());
insert into ExampleDb.address_ward  (id, name, district_id, created_at) values (5162, 'Xã Trung Chính', 290, NOW());
insert into ExampleDb.address_ward  (id, name, district_id, created_at) values (5163, 'Xã Trung Thành', 290, NOW());
insert into ExampleDb.address_ward  (id, name, district_id, created_at) values (5164, 'Xã Tế Thắng', 290, NOW());
insert into ExampleDb.address_ward  (id, name, district_id, created_at) values (5165, 'Xã Tế Lợi', 290, NOW());
insert into ExampleDb.address_ward  (id, name, district_id, created_at) values (5166, 'Xã Tế Nông', 290, NOW());
insert into ExampleDb.address_ward  (id, name, district_id, created_at) values (5167, 'Xã Minh Nghĩa', 290, NOW());
insert into ExampleDb.address_ward  (id, name, district_id, created_at) values (5168, 'Xã Minh Khôi', 290, NOW());
insert into ExampleDb.address_ward  (id, name, district_id, created_at) values (5169, 'Xã Vạn Hòa', 290, NOW());
insert into ExampleDb.address_ward  (id, name, district_id, created_at) values (5170, 'Xã Trường Trung', 290, NOW());
insert into ExampleDb.address_ward  (id, name, district_id, created_at) values (5171, 'Xã Vạn Thắng', 290, NOW());
insert into ExampleDb.address_ward  (id, name, district_id, created_at) values (5172, 'Xã Trường Giang', 290, NOW());
insert into ExampleDb.address_ward  (id, name, district_id, created_at) values (5173, 'Xã Vạn Thiện', 290, NOW());
insert into ExampleDb.address_ward  (id, name, district_id, created_at) values (5174, 'Xã Thăng Long', 290, NOW());
insert into ExampleDb.address_ward  (id, name, district_id, created_at) values (5175, 'Xã Trường Minh', 290, NOW());
insert into ExampleDb.address_ward  (id, name, district_id, created_at) values (5176, 'Xã Trường Sơn', 290, NOW());
insert into ExampleDb.address_ward  (id, name, district_id, created_at) values (5177, 'Xã Thăng Bình', 290, NOW());
insert into ExampleDb.address_ward  (id, name, district_id, created_at) values (5178, 'Xã Công Liêm', 290, NOW());
insert into ExampleDb.address_ward  (id, name, district_id, created_at) values (5179, 'Xã Tượng Văn', 290, NOW());
insert into ExampleDb.address_ward  (id, name, district_id, created_at) values (5180, 'Xã Thăng Thọ', 290, NOW());
insert into ExampleDb.address_ward  (id, name, district_id, created_at) values (5181, 'Xã Tượng Lĩnh', 290, NOW());
insert into ExampleDb.address_ward  (id, name, district_id, created_at) values (5182, 'Xã Tượng Sơn', 290, NOW());
insert into ExampleDb.address_ward  (id, name, district_id, created_at) values (5183, 'Xã Công Chính', 290, NOW());
insert into ExampleDb.address_ward  (id, name, district_id, created_at) values (5184, 'Xã Yên Mỹ', 290, NOW());
insert into ExampleDb.address_district  (id, name, province_id, created_at) values (291, 'Huyện Đông Sơn', 26, NOW());
insert into ExampleDb.address_ward  (id, name, district_id, created_at) values (5185, 'Thị trấn Rừng Thông', 291, NOW());
insert into ExampleDb.address_ward  (id, name, district_id, created_at) values (5186, 'Xã Đông Hoàng', 291, NOW());
insert into ExampleDb.address_ward  (id, name, district_id, created_at) values (5187, 'Xã Đông Ninh', 291, NOW());
insert into ExampleDb.address_ward  (id, name, district_id, created_at) values (5188, 'Xã Đông Hòa', 291, NOW());
insert into ExampleDb.address_ward  (id, name, district_id, created_at) values (5189, 'Xã Đông Yên', 291, NOW());
insert into ExampleDb.address_ward  (id, name, district_id, created_at) values (5190, 'Xã Đông Minh', 291, NOW());
insert into ExampleDb.address_ward  (id, name, district_id, created_at) values (5191, 'Xã Đông Thanh', 291, NOW());
insert into ExampleDb.address_ward  (id, name, district_id, created_at) values (5192, 'Xã Đông Tiến', 291, NOW());
insert into ExampleDb.address_ward  (id, name, district_id, created_at) values (5193, 'Xã Đông Khê', 291, NOW());
insert into ExampleDb.address_ward  (id, name, district_id, created_at) values (5194, 'Xã Đông Thịnh', 291, NOW());
insert into ExampleDb.address_ward  (id, name, district_id, created_at) values (5195, 'Xã Đông Văn', 291, NOW());
insert into ExampleDb.address_ward  (id, name, district_id, created_at) values (5196, 'Xã Đông Phú', 291, NOW());
insert into ExampleDb.address_ward  (id, name, district_id, created_at) values (5197, 'Xã Đông Nam', 291, NOW());
insert into ExampleDb.address_ward  (id, name, district_id, created_at) values (5198, 'Xã Đông Quang', 291, NOW());
insert into ExampleDb.address_district  (id, name, province_id, created_at) values (292, 'Huyện Quảng Xương', 26, NOW());
insert into ExampleDb.address_ward  (id, name, district_id, created_at) values (5199, 'Thị trấn Tân Phong', 292, NOW());
insert into ExampleDb.address_ward  (id, name, district_id, created_at) values (5200, 'Xã Quảng Trạch', 292, NOW());
insert into ExampleDb.address_ward  (id, name, district_id, created_at) values (5201, 'Xã Quảng Đức', 292, NOW());
insert into ExampleDb.address_ward  (id, name, district_id, created_at) values (5202, 'Xã Quảng Định', 292, NOW());
insert into ExampleDb.address_ward  (id, name, district_id, created_at) values (5203, 'Xã Quảng Nhân', 292, NOW());
insert into ExampleDb.address_ward  (id, name, district_id, created_at) values (5204, 'Xã Quảng Ninh', 292, NOW());
insert into ExampleDb.address_ward  (id, name, district_id, created_at) values (5205, 'Xã Quảng Bình', 292, NOW());
insert into ExampleDb.address_ward  (id, name, district_id, created_at) values (5206, 'Xã Quảng Hợp', 292, NOW());
insert into ExampleDb.address_ward  (id, name, district_id, created_at) values (5207, 'Xã Quảng Văn', 292, NOW());
insert into ExampleDb.address_ward  (id, name, district_id, created_at) values (5208, 'Xã Quảng Long', 292, NOW());
insert into ExampleDb.address_ward  (id, name, district_id, created_at) values (5209, 'Xã Quảng Yên', 292, NOW());
insert into ExampleDb.address_ward  (id, name, district_id, created_at) values (5210, 'Xã Quảng Hòa', 292, NOW());
insert into ExampleDb.address_ward  (id, name, district_id, created_at) values (5211, 'Xã Quảng Khê', 292, NOW());
insert into ExampleDb.address_ward  (id, name, district_id, created_at) values (5212, 'Xã Quảng Trung', 292, NOW());
insert into ExampleDb.address_ward  (id, name, district_id, created_at) values (5213, 'Xã Quảng Chính', 292, NOW());
insert into ExampleDb.address_ward  (id, name, district_id, created_at) values (5214, 'Xã Quảng Ngọc', 292, NOW());
insert into ExampleDb.address_ward  (id, name, district_id, created_at) values (5215, 'Xã Quảng Trường', 292, NOW());
insert into ExampleDb.address_ward  (id, name, district_id, created_at) values (5216, 'Xã Quảng Phúc', 292, NOW());
insert into ExampleDb.address_ward  (id, name, district_id, created_at) values (5217, 'Xã Quảng Giao', 292, NOW());
insert into ExampleDb.address_ward  (id, name, district_id, created_at) values (5218, 'Xã Quảng Hải', 292, NOW());
insert into ExampleDb.address_ward  (id, name, district_id, created_at) values (5219, 'Xã Quảng Lưu', 292, NOW());
insert into ExampleDb.address_ward  (id, name, district_id, created_at) values (5220, 'Xã Quảng Lộc', 292, NOW());
insert into ExampleDb.address_ward  (id, name, district_id, created_at) values (5221, 'Xã Tiên Trang', 292, NOW());
insert into ExampleDb.address_ward  (id, name, district_id, created_at) values (5222, 'Xã Quảng Nham', 292, NOW());
insert into ExampleDb.address_ward  (id, name, district_id, created_at) values (5223, 'Xã Quảng Thạch', 292, NOW());
insert into ExampleDb.address_ward  (id, name, district_id, created_at) values (5224, 'Xã Quảng Thái', 292, NOW());
insert into ExampleDb.address_district  (id, name, province_id, created_at) values (293, 'Thị xã Nghi Sơn', 26, NOW());
insert into ExampleDb.address_ward  (id, name, district_id, created_at) values (5225, 'Phường Hải Hòa', 293, NOW());
insert into ExampleDb.address_ward  (id, name, district_id, created_at) values (5226, 'Phường Hải Châu', 293, NOW());
insert into ExampleDb.address_ward  (id, name, district_id, created_at) values (5227, 'Xã Thanh Thủy', 293, NOW());
insert into ExampleDb.address_ward  (id, name, district_id, created_at) values (5228, 'Xã Thanh Sơn', 293, NOW());
insert into ExampleDb.address_ward  (id, name, district_id, created_at) values (5229, 'Phường Hải Ninh', 293, NOW());
insert into ExampleDb.address_ward  (id, name, district_id, created_at) values (5230, 'Xã Anh Sơn', 293, NOW());
insert into ExampleDb.address_ward  (id, name, district_id, created_at) values (5231, 'Xã Ngọc Lĩnh', 293, NOW());
insert into ExampleDb.address_ward  (id, name, district_id, created_at) values (5232, 'Phường Hải An', 293, NOW());
insert into ExampleDb.address_ward  (id, name, district_id, created_at) values (5233, 'Xã Các Sơn', 293, NOW());
insert into ExampleDb.address_ward  (id, name, district_id, created_at) values (5234, 'Phường Tân Dân', 293, NOW());
insert into ExampleDb.address_ward  (id, name, district_id, created_at) values (5235, 'Phường Hải Lĩnh', 293, NOW());
insert into ExampleDb.address_ward  (id, name, district_id, created_at) values (5236, 'Xã Định Hải', 293, NOW());
insert into ExampleDb.address_ward  (id, name, district_id, created_at) values (5237, 'Xã Phú Sơn', 293, NOW());
insert into ExampleDb.address_ward  (id, name, district_id, created_at) values (5238, 'Phường Ninh Hải', 293, NOW());
insert into ExampleDb.address_ward  (id, name, district_id, created_at) values (5239, 'Phường Nguyên Bình', 293, NOW());
insert into ExampleDb.address_ward  (id, name, district_id, created_at) values (5240, 'Xã Hải Nhân', 293, NOW());
insert into ExampleDb.address_ward  (id, name, district_id, created_at) values (5241, 'Phường Bình Minh', 293, NOW());
insert into ExampleDb.address_ward  (id, name, district_id, created_at) values (5242, 'Phường Hải Thanh', 293, NOW());
insert into ExampleDb.address_ward  (id, name, district_id, created_at) values (5243, 'Xã Phú Lâm', 293, NOW());
insert into ExampleDb.address_ward  (id, name, district_id, created_at) values (5244, 'Phường Xuân Lâm', 293, NOW());
insert into ExampleDb.address_ward  (id, name, district_id, created_at) values (5245, 'Phường Trúc Lâm', 293, NOW());
insert into ExampleDb.address_ward  (id, name, district_id, created_at) values (5246, 'Phường Hải Bình', 293, NOW());
insert into ExampleDb.address_ward  (id, name, district_id, created_at) values (5247, 'Xã Tân Trường', 293, NOW());
insert into ExampleDb.address_ward  (id, name, district_id, created_at) values (5248, 'Xã Tùng Lâm', 293, NOW());
insert into ExampleDb.address_ward  (id, name, district_id, created_at) values (5249, 'Phường Tĩnh Hải', 293, NOW());
insert into ExampleDb.address_ward  (id, name, district_id, created_at) values (5250, 'Phường Mai Lâm', 293, NOW());
insert into ExampleDb.address_ward  (id, name, district_id, created_at) values (5251, 'Xã Trường Lâm', 293, NOW());
insert into ExampleDb.address_ward  (id, name, district_id, created_at) values (5252, 'Xã Hải Yến', 293, NOW());
insert into ExampleDb.address_ward  (id, name, district_id, created_at) values (5253, 'Phường Hải Thượng', 293, NOW());
insert into ExampleDb.address_ward  (id, name, district_id, created_at) values (5254, 'Xã Nghi Sơn', 293, NOW());
insert into ExampleDb.address_ward  (id, name, district_id, created_at) values (5255, 'Xã Hải Hà', 293, NOW());
insert into ExampleDb.address_province (id, name, created_at) values (27, 'Tỉnh Nghệ An', NOW());
insert into ExampleDb.address_district  (id, name, province_id, created_at) values (294, 'Thành phố Vinh', 27, NOW());
insert into ExampleDb.address_ward  (id, name, district_id, created_at) values (5256, 'Phường Đông Vĩnh', 294, NOW());
insert into ExampleDb.address_ward  (id, name, district_id, created_at) values (5257, 'Phường Hà Huy Tập', 294, NOW());
insert into ExampleDb.address_ward  (id, name, district_id, created_at) values (5258, 'Phường Lê Lợi', 294, NOW());
insert into ExampleDb.address_ward  (id, name, district_id, created_at) values (5259, 'Phường Quán Bàu', 294, NOW());
insert into ExampleDb.address_ward  (id, name, district_id, created_at) values (5260, 'Phường Hưng Bình', 294, NOW());
insert into ExampleDb.address_ward  (id, name, district_id, created_at) values (5261, 'Phường Hưng Phúc', 294, NOW());
insert into ExampleDb.address_ward  (id, name, district_id, created_at) values (5262, 'Phường Hưng Dũng', 294, NOW());
insert into ExampleDb.address_ward  (id, name, district_id, created_at) values (5263, 'Phường Cửa Nam', 294, NOW());
insert into ExampleDb.address_ward  (id, name, district_id, created_at) values (5264, 'Phường Quang Trung', 294, NOW());
insert into ExampleDb.address_ward  (id, name, district_id, created_at) values (5265, 'Phường Đội Cung', 294, NOW());
insert into ExampleDb.address_ward  (id, name, district_id, created_at) values (5266, 'Phường Lê Mao', 294, NOW());
insert into ExampleDb.address_ward  (id, name, district_id, created_at) values (5267, 'Phường Trường Thi', 294, NOW());
insert into ExampleDb.address_ward  (id, name, district_id, created_at) values (5268, 'Phường Bến Thủy', 294, NOW());
insert into ExampleDb.address_ward  (id, name, district_id, created_at) values (5269, 'Phường Hồng Sơn', 294, NOW());
insert into ExampleDb.address_ward  (id, name, district_id, created_at) values (5270, 'Phường Trung Đô', 294, NOW());
insert into ExampleDb.address_ward  (id, name, district_id, created_at) values (5271, 'Xã Nghi Phú', 294, NOW());
insert into ExampleDb.address_ward  (id, name, district_id, created_at) values (5272, 'Xã Hưng Đông', 294, NOW());
insert into ExampleDb.address_ward  (id, name, district_id, created_at) values (5273, 'Xã Hưng Lộc', 294, NOW());
insert into ExampleDb.address_ward  (id, name, district_id, created_at) values (5274, 'Xã Hưng Hòa', 294, NOW());
insert into ExampleDb.address_ward  (id, name, district_id, created_at) values (5275, 'Phường Vinh Tân', 294, NOW());
insert into ExampleDb.address_ward  (id, name, district_id, created_at) values (5276, 'Xã Nghi Liên', 294, NOW());
insert into ExampleDb.address_ward  (id, name, district_id, created_at) values (5277, 'Xã Nghi Ân', 294, NOW());
insert into ExampleDb.address_ward  (id, name, district_id, created_at) values (5278, 'Xã Nghi Kim', 294, NOW());
insert into ExampleDb.address_ward  (id, name, district_id, created_at) values (5279, 'Xã Nghi Đức', 294, NOW());
insert into ExampleDb.address_ward  (id, name, district_id, created_at) values (5280, 'Xã Hưng Chính', 294, NOW());
insert into ExampleDb.address_district  (id, name, province_id, created_at) values (295, 'Thị xã Cửa Lò', 27, NOW());
insert into ExampleDb.address_ward  (id, name, district_id, created_at) values (5281, 'Phường Nghi Thuỷ', 295, NOW());
insert into ExampleDb.address_ward  (id, name, district_id, created_at) values (5282, 'Phường Nghi Tân', 295, NOW());
insert into ExampleDb.address_ward  (id, name, district_id, created_at) values (5283, 'Phường Thu Thuỷ', 295, NOW());
insert into ExampleDb.address_ward  (id, name, district_id, created_at) values (5284, 'Phường Nghi Hòa', 295, NOW());
insert into ExampleDb.address_ward  (id, name, district_id, created_at) values (5285, 'Phường Nghi Hải', 295, NOW());
insert into ExampleDb.address_ward  (id, name, district_id, created_at) values (5286, 'Phường Nghi Hương', 295, NOW());
insert into ExampleDb.address_ward  (id, name, district_id, created_at) values (5287, 'Phường Nghi Thu', 295, NOW());
insert into ExampleDb.address_district  (id, name, province_id, created_at) values (296, 'Thị xã Thái Hoà', 27, NOW());
insert into ExampleDb.address_ward  (id, name, district_id, created_at) values (5288, 'Phường Hoà Hiếu', 296, NOW());
insert into ExampleDb.address_ward  (id, name, district_id, created_at) values (5289, 'Phường Quang Phong', 296, NOW());
insert into ExampleDb.address_ward  (id, name, district_id, created_at) values (5290, 'Phường Quang Tiến', 296, NOW());
insert into ExampleDb.address_ward  (id, name, district_id, created_at) values (5291, 'Phường Long Sơn', 296, NOW());
insert into ExampleDb.address_ward  (id, name, district_id, created_at) values (5292, 'Xã Nghĩa Tiến', 296, NOW());
insert into ExampleDb.address_ward  (id, name, district_id, created_at) values (5293, 'Xã Nghĩa Mỹ', 296, NOW());
insert into ExampleDb.address_ward  (id, name, district_id, created_at) values (5294, 'Xã Tây Hiếu', 296, NOW());
insert into ExampleDb.address_ward  (id, name, district_id, created_at) values (5295, 'Xã Nghĩa Thuận', 296, NOW());
insert into ExampleDb.address_ward  (id, name, district_id, created_at) values (5296, 'Xã Đông Hiếu', 296, NOW());
insert into ExampleDb.address_district  (id, name, province_id, created_at) values (297, 'Huyện Quế Phong', 27, NOW());
insert into ExampleDb.address_ward  (id, name, district_id, created_at) values (5297, 'Thị trấn Kim Sơn', 297, NOW());
insert into ExampleDb.address_ward  (id, name, district_id, created_at) values (5298, 'Xã Thông Thụ', 297, NOW());
insert into ExampleDb.address_ward  (id, name, district_id, created_at) values (5299, 'Xã Đồng Văn', 297, NOW());
insert into ExampleDb.address_ward  (id, name, district_id, created_at) values (5300, 'Xã Hạnh Dịch', 297, NOW());
insert into ExampleDb.address_ward  (id, name, district_id, created_at) values (5301, 'Xã Tiền Phong', 297, NOW());
insert into ExampleDb.address_ward  (id, name, district_id, created_at) values (5302, 'Xã Nậm Giải', 297, NOW());
insert into ExampleDb.address_ward  (id, name, district_id, created_at) values (5303, 'Xã Tri Lễ', 297, NOW());
insert into ExampleDb.address_ward  (id, name, district_id, created_at) values (5304, 'Xã Châu Kim', 297, NOW());
insert into ExampleDb.address_ward  (id, name, district_id, created_at) values (5305, 'Xã Mường Nọc', 297, NOW());
insert into ExampleDb.address_ward  (id, name, district_id, created_at) values (5306, 'Xã Châu Thôn', 297, NOW());
insert into ExampleDb.address_ward  (id, name, district_id, created_at) values (5307, 'Xã Nậm Nhoóng', 297, NOW());
insert into ExampleDb.address_ward  (id, name, district_id, created_at) values (5308, 'Xã Quang Phong', 297, NOW());
insert into ExampleDb.address_ward  (id, name, district_id, created_at) values (5309, 'Xã Căm Muộn', 297, NOW());
insert into ExampleDb.address_district  (id, name, province_id, created_at) values (298, 'Huyện Quỳ Châu', 27, NOW());
insert into ExampleDb.address_ward  (id, name, district_id, created_at) values (5310, 'Thị trấn Tân Lạc', 298, NOW());
insert into ExampleDb.address_ward  (id, name, district_id, created_at) values (5311, 'Xã Châu Bính', 298, NOW());
insert into ExampleDb.address_ward  (id, name, district_id, created_at) values (5312, 'Xã Châu Thuận', 298, NOW());
insert into ExampleDb.address_ward  (id, name, district_id, created_at) values (5313, 'Xã Châu Hội', 298, NOW());
insert into ExampleDb.address_ward  (id, name, district_id, created_at) values (5314, 'Xã Châu Nga', 298, NOW());
insert into ExampleDb.address_ward  (id, name, district_id, created_at) values (5315, 'Xã Châu Tiến', 298, NOW());
insert into ExampleDb.address_ward  (id, name, district_id, created_at) values (5316, 'Xã Châu Hạnh', 298, NOW());
insert into ExampleDb.address_ward  (id, name, district_id, created_at) values (5317, 'Xã Châu Thắng', 298, NOW());
insert into ExampleDb.address_ward  (id, name, district_id, created_at) values (5318, 'Xã Châu Phong', 298, NOW());
insert into ExampleDb.address_ward  (id, name, district_id, created_at) values (5319, 'Xã Châu Bình', 298, NOW());
insert into ExampleDb.address_ward  (id, name, district_id, created_at) values (5320, 'Xã Châu Hoàn', 298, NOW());
insert into ExampleDb.address_ward  (id, name, district_id, created_at) values (5321, 'Xã Diên Lãm', 298, NOW());
insert into ExampleDb.address_district  (id, name, province_id, created_at) values (299, 'Huyện Kỳ Sơn', 27, NOW());
insert into ExampleDb.address_ward  (id, name, district_id, created_at) values (5322, 'Thị trấn Mường Xén', 299, NOW());
insert into ExampleDb.address_ward  (id, name, district_id, created_at) values (5323, 'Xã Mỹ Lý', 299, NOW());
insert into ExampleDb.address_ward  (id, name, district_id, created_at) values (5324, 'Xã Bắc Lý', 299, NOW());
insert into ExampleDb.address_ward  (id, name, district_id, created_at) values (5325, 'Xã Keng Đu', 299, NOW());
insert into ExampleDb.address_ward  (id, name, district_id, created_at) values (5326, 'Xã Đoọc Mạy', 299, NOW());
insert into ExampleDb.address_ward  (id, name, district_id, created_at) values (5327, 'Xã Huồi Tụ', 299, NOW());
insert into ExampleDb.address_ward  (id, name, district_id, created_at) values (5328, 'Xã Mường Lống', 299, NOW());
insert into ExampleDb.address_ward  (id, name, district_id, created_at) values (5329, 'Xã Na Loi', 299, NOW());
insert into ExampleDb.address_ward  (id, name, district_id, created_at) values (5330, 'Xã Nậm Cắn', 299, NOW());
insert into ExampleDb.address_ward  (id, name, district_id, created_at) values (5331, 'Xã Bảo Nam', 299, NOW());
insert into ExampleDb.address_ward  (id, name, district_id, created_at) values (5332, 'Xã Phà Đánh', 299, NOW());
insert into ExampleDb.address_ward  (id, name, district_id, created_at) values (5333, 'Xã Bảo Thắng', 299, NOW());
insert into ExampleDb.address_ward  (id, name, district_id, created_at) values (5334, 'Xã Hữu Lập', 299, NOW());
insert into ExampleDb.address_ward  (id, name, district_id, created_at) values (5335, 'Xã Tà Cạ', 299, NOW());
insert into ExampleDb.address_ward  (id, name, district_id, created_at) values (5336, 'Xã Chiêu Lưu', 299, NOW());
insert into ExampleDb.address_ward  (id, name, district_id, created_at) values (5337, 'Xã Mường Típ', 299, NOW());
insert into ExampleDb.address_ward  (id, name, district_id, created_at) values (5338, 'Xã Hữu Kiệm', 299, NOW());
insert into ExampleDb.address_ward  (id, name, district_id, created_at) values (5339, 'Xã Tây Sơn', 299, NOW());
insert into ExampleDb.address_ward  (id, name, district_id, created_at) values (5340, 'Xã Mường Ải', 299, NOW());
insert into ExampleDb.address_ward  (id, name, district_id, created_at) values (5341, 'Xã Na Ngoi', 299, NOW());
insert into ExampleDb.address_ward  (id, name, district_id, created_at) values (5342, 'Xã Nậm Càn', 299, NOW());
insert into ExampleDb.address_district  (id, name, province_id, created_at) values (300, 'Huyện Tương Dương', 27, NOW());
insert into ExampleDb.address_ward  (id, name, district_id, created_at) values (5343, 'Thị trấn Thạch Giám', 300, NOW());
insert into ExampleDb.address_ward  (id, name, district_id, created_at) values (5344, 'Xã Mai Sơn', 300, NOW());
insert into ExampleDb.address_ward  (id, name, district_id, created_at) values (5345, 'Xã Nhôn Mai', 300, NOW());
insert into ExampleDb.address_ward  (id, name, district_id, created_at) values (5346, 'Xã Hữu Khuông', 300, NOW());
insert into ExampleDb.address_ward  (id, name, district_id, created_at) values (5347, 'Xã Yên Tĩnh', 300, NOW());
insert into ExampleDb.address_ward  (id, name, district_id, created_at) values (5348, 'Xã Nga My', 300, NOW());
insert into ExampleDb.address_ward  (id, name, district_id, created_at) values (5349, 'Xã Xiêng My', 300, NOW());
insert into ExampleDb.address_ward  (id, name, district_id, created_at) values (5350, 'Xã Lưỡng Minh', 300, NOW());
insert into ExampleDb.address_ward  (id, name, district_id, created_at) values (5351, 'Xã Yên Hòa', 300, NOW());
insert into ExampleDb.address_ward  (id, name, district_id, created_at) values (5352, 'Xã Yên Na', 300, NOW());
insert into ExampleDb.address_ward  (id, name, district_id, created_at) values (5353, 'Xã Lưu Kiền', 300, NOW());
insert into ExampleDb.address_ward  (id, name, district_id, created_at) values (5354, 'Xã Xá Lượng', 300, NOW());
insert into ExampleDb.address_ward  (id, name, district_id, created_at) values (5355, 'Xã Tam Thái', 300, NOW());
insert into ExampleDb.address_ward  (id, name, district_id, created_at) values (5356, 'Xã Tam Đình', 300, NOW());
insert into ExampleDb.address_ward  (id, name, district_id, created_at) values (5357, 'Xã Yên Thắng', 300, NOW());
insert into ExampleDb.address_ward  (id, name, district_id, created_at) values (5358, 'Xã Tam Quang', 300, NOW());
insert into ExampleDb.address_ward  (id, name, district_id, created_at) values (5359, 'Xã Tam Hợp', 300, NOW());
insert into ExampleDb.address_district  (id, name, province_id, created_at) values (301, 'Huyện Nghĩa Đàn', 27, NOW());
insert into ExampleDb.address_ward  (id, name, district_id, created_at) values (5360, 'Thị trấn Nghĩa Đàn', 301, NOW());
insert into ExampleDb.address_ward  (id, name, district_id, created_at) values (5361, 'Xã Nghĩa Mai', 301, NOW());
insert into ExampleDb.address_ward  (id, name, district_id, created_at) values (5362, 'Xã Nghĩa Yên', 301, NOW());
insert into ExampleDb.address_ward  (id, name, district_id, created_at) values (5363, 'Xã Nghĩa Lạc', 301, NOW());
insert into ExampleDb.address_ward  (id, name, district_id, created_at) values (5364, 'Xã Nghĩa Lâm', 301, NOW());
insert into ExampleDb.address_ward  (id, name, district_id, created_at) values (5365, 'Xã Nghĩa Sơn', 301, NOW());
insert into ExampleDb.address_ward  (id, name, district_id, created_at) values (5366, 'Xã Nghĩa Lợi', 301, NOW());
insert into ExampleDb.address_ward  (id, name, district_id, created_at) values (5367, 'Xã Nghĩa Bình', 301, NOW());
insert into ExampleDb.address_ward  (id, name, district_id, created_at) values (5368, 'Xã Nghĩa Thọ', 301, NOW());
insert into ExampleDb.address_ward  (id, name, district_id, created_at) values (5369, 'Xã Nghĩa Minh', 301, NOW());
insert into ExampleDb.address_ward  (id, name, district_id, created_at) values (5370, 'Xã Nghĩa Phú', 301, NOW());
insert into ExampleDb.address_ward  (id, name, district_id, created_at) values (5371, 'Xã Nghĩa Hưng', 301, NOW());
insert into ExampleDb.address_ward  (id, name, district_id, created_at) values (5372, 'Xã Nghĩa Hồng', 301, NOW());
insert into ExampleDb.address_ward  (id, name, district_id, created_at) values (5373, 'Xã Nghĩa Thịnh', 301, NOW());
insert into ExampleDb.address_ward  (id, name, district_id, created_at) values (5374, 'Xã Nghĩa Trung', 301, NOW());
insert into ExampleDb.address_ward  (id, name, district_id, created_at) values (5375, 'Xã Nghĩa Hội', 301, NOW());
insert into ExampleDb.address_ward  (id, name, district_id, created_at) values (5376, 'Xã Nghĩa Thành', 301, NOW());
insert into ExampleDb.address_ward  (id, name, district_id, created_at) values (5377, 'Xã Nghĩa Hiếu', 301, NOW());
insert into ExampleDb.address_ward  (id, name, district_id, created_at) values (5378, 'Xã Nghĩa Đức', 301, NOW());
insert into ExampleDb.address_ward  (id, name, district_id, created_at) values (5379, 'Xã Nghĩa An', 301, NOW());
insert into ExampleDb.address_ward  (id, name, district_id, created_at) values (5380, 'Xã Nghĩa Long', 301, NOW());
insert into ExampleDb.address_ward  (id, name, district_id, created_at) values (5381, 'Xã Nghĩa Lộc', 301, NOW());
insert into ExampleDb.address_ward  (id, name, district_id, created_at) values (5382, 'Xã Nghĩa Khánh', 301, NOW());
insert into ExampleDb.address_district  (id, name, province_id, created_at) values (302, 'Huyện Quỳ Hợp', 27, NOW());
insert into ExampleDb.address_ward  (id, name, district_id, created_at) values (5383, 'Thị trấn Quỳ Hợp', 302, NOW());
insert into ExampleDb.address_ward  (id, name, district_id, created_at) values (5384, 'Xã Yên Hợp', 302, NOW());
insert into ExampleDb.address_ward  (id, name, district_id, created_at) values (5385, 'Xã Châu Tiến', 302, NOW());
insert into ExampleDb.address_ward  (id, name, district_id, created_at) values (5386, 'Xã Châu Hồng', 302, NOW());
insert into ExampleDb.address_ward  (id, name, district_id, created_at) values (5387, 'Xã Đồng Hợp', 302, NOW());
insert into ExampleDb.address_ward  (id, name, district_id, created_at) values (5388, 'Xã Châu Thành', 302, NOW());
insert into ExampleDb.address_ward  (id, name, district_id, created_at) values (5389, 'Xã Liên Hợp', 302, NOW());
insert into ExampleDb.address_ward  (id, name, district_id, created_at) values (5390, 'Xã Châu Lộc', 302, NOW());
insert into ExampleDb.address_ward  (id, name, district_id, created_at) values (5391, 'Xã Tam Hợp', 302, NOW());
insert into ExampleDb.address_ward  (id, name, district_id, created_at) values (5392, 'Xã Châu Cường', 302, NOW());
insert into ExampleDb.address_ward  (id, name, district_id, created_at) values (5393, 'Xã Châu Quang', 302, NOW());
insert into ExampleDb.address_ward  (id, name, district_id, created_at) values (5394, 'Xã Thọ Hợp', 302, NOW());
insert into ExampleDb.address_ward  (id, name, district_id, created_at) values (5395, 'Xã Minh Hợp', 302, NOW());
insert into ExampleDb.address_ward  (id, name, district_id, created_at) values (5396, 'Xã Nghĩa Xuân', 302, NOW());
insert into ExampleDb.address_ward  (id, name, district_id, created_at) values (5397, 'Xã Châu Thái', 302, NOW());
insert into ExampleDb.address_ward  (id, name, district_id, created_at) values (5398, 'Xã Châu Đình', 302, NOW());
insert into ExampleDb.address_ward  (id, name, district_id, created_at) values (5399, 'Xã Văn Lợi', 302, NOW());
insert into ExampleDb.address_ward  (id, name, district_id, created_at) values (5400, 'Xã Nam Sơn', 302, NOW());
insert into ExampleDb.address_ward  (id, name, district_id, created_at) values (5401, 'Xã Châu Lý', 302, NOW());
insert into ExampleDb.address_ward  (id, name, district_id, created_at) values (5402, 'Xã Hạ Sơn', 302, NOW());
insert into ExampleDb.address_ward  (id, name, district_id, created_at) values (5403, 'Xã Bắc Sơn', 302, NOW());
insert into ExampleDb.address_district  (id, name, province_id, created_at) values (303, 'Huyện Quỳnh Lưu', 27, NOW());
insert into ExampleDb.address_ward  (id, name, district_id, created_at) values (5404, 'Thị trấn Cầu Giát', 303, NOW());
insert into ExampleDb.address_ward  (id, name, district_id, created_at) values (5405, 'Xã Quỳnh Thắng', 303, NOW());
insert into ExampleDb.address_ward  (id, name, district_id, created_at) values (5406, 'Xã Quỳnh Tân', 303, NOW());
insert into ExampleDb.address_ward  (id, name, district_id, created_at) values (5407, 'Xã Quỳnh Châu', 303, NOW());
insert into ExampleDb.address_ward  (id, name, district_id, created_at) values (5408, 'Xã Tân Sơn', 303, NOW());
insert into ExampleDb.address_ward  (id, name, district_id, created_at) values (5409, 'Xã Quỳnh Văn', 303, NOW());
insert into ExampleDb.address_ward  (id, name, district_id, created_at) values (5410, 'Xã Ngọc Sơn', 303, NOW());
insert into ExampleDb.address_ward  (id, name, district_id, created_at) values (5411, 'Xã Quỳnh Tam', 303, NOW());
insert into ExampleDb.address_ward  (id, name, district_id, created_at) values (5412, 'Xã Quỳnh Hoa', 303, NOW());
insert into ExampleDb.address_ward  (id, name, district_id, created_at) values (5413, 'Xã Quỳnh Thạch', 303, NOW());
insert into ExampleDb.address_ward  (id, name, district_id, created_at) values (5414, 'Xã Quỳnh Bảng', 303, NOW());
insert into ExampleDb.address_ward  (id, name, district_id, created_at) values (5415, 'Xã Quỳnh Mỹ', 303, NOW());
insert into ExampleDb.address_ward  (id, name, district_id, created_at) values (5416, 'Xã Quỳnh Thanh', 303, NOW());
insert into ExampleDb.address_ward  (id, name, district_id, created_at) values (5417, 'Xã Quỳnh Hậu', 303, NOW());
insert into ExampleDb.address_ward  (id, name, district_id, created_at) values (5418, 'Xã Quỳnh Lâm', 303, NOW());
insert into ExampleDb.address_ward  (id, name, district_id, created_at) values (5419, 'Xã Quỳnh Đôi', 303, NOW());
insert into ExampleDb.address_ward  (id, name, district_id, created_at) values (5420, 'Xã Quỳnh Lương', 303, NOW());
insert into ExampleDb.address_ward  (id, name, district_id, created_at) values (5421, 'Xã Quỳnh Hồng', 303, NOW());
insert into ExampleDb.address_ward  (id, name, district_id, created_at) values (5422, 'Xã Quỳnh Yên', 303, NOW());
insert into ExampleDb.address_ward  (id, name, district_id, created_at) values (5423, 'Xã Quỳnh Bá', 303, NOW());
insert into ExampleDb.address_ward  (id, name, district_id, created_at) values (5424, 'Xã Quỳnh Minh', 303, NOW());
insert into ExampleDb.address_ward  (id, name, district_id, created_at) values (5425, 'Xã Quỳnh Diễn', 303, NOW());
insert into ExampleDb.address_ward  (id, name, district_id, created_at) values (5426, 'Xã Quỳnh Hưng', 303, NOW());
insert into ExampleDb.address_ward  (id, name, district_id, created_at) values (5427, 'Xã Quỳnh Giang', 303, NOW());
insert into ExampleDb.address_ward  (id, name, district_id, created_at) values (5428, 'Xã Quỳnh Ngọc', 303, NOW());
insert into ExampleDb.address_ward  (id, name, district_id, created_at) values (5429, 'Xã Quỳnh Nghĩa', 303, NOW());
insert into ExampleDb.address_ward  (id, name, district_id, created_at) values (5430, 'Xã An Hòa', 303, NOW());
insert into ExampleDb.address_ward  (id, name, district_id, created_at) values (5431, 'Xã Tiến Thủy', 303, NOW());
insert into ExampleDb.address_ward  (id, name, district_id, created_at) values (5432, 'Xã Sơn Hải', 303, NOW());
insert into ExampleDb.address_ward  (id, name, district_id, created_at) values (5433, 'Xã Quỳnh Thọ', 303, NOW());
insert into ExampleDb.address_ward  (id, name, district_id, created_at) values (5434, 'Xã Quỳnh Thuận', 303, NOW());
insert into ExampleDb.address_ward  (id, name, district_id, created_at) values (5435, 'Xã Quỳnh Long', 303, NOW());
insert into ExampleDb.address_ward  (id, name, district_id, created_at) values (5436, 'Xã Tân Thắng', 303, NOW());
insert into ExampleDb.address_district  (id, name, province_id, created_at) values (304, 'Huyện Con Cuông', 27, NOW());
insert into ExampleDb.address_ward  (id, name, district_id, created_at) values (5437, 'Thị trấn Con Cuông', 304, NOW());
insert into ExampleDb.address_ward  (id, name, district_id, created_at) values (5438, 'Xã Bình Chuẩn', 304, NOW());
insert into ExampleDb.address_ward  (id, name, district_id, created_at) values (5439, 'Xã Lạng Khê', 304, NOW());
insert into ExampleDb.address_ward  (id, name, district_id, created_at) values (5440, 'Xã Cam Lâm', 304, NOW());
insert into ExampleDb.address_ward  (id, name, district_id, created_at) values (5441, 'Xã Thạch Ngàn', 304, NOW());
insert into ExampleDb.address_ward  (id, name, district_id, created_at) values (5442, 'Xã Đôn Phục', 304, NOW());
insert into ExampleDb.address_ward  (id, name, district_id, created_at) values (5443, 'Xã Mậu Đức', 304, NOW());
insert into ExampleDb.address_ward  (id, name, district_id, created_at) values (5444, 'Xã Châu Khê', 304, NOW());
insert into ExampleDb.address_ward  (id, name, district_id, created_at) values (5445, 'Xã Chi Khê', 304, NOW());
insert into ExampleDb.address_ward  (id, name, district_id, created_at) values (5446, 'Xã Bồng Khê', 304, NOW());
insert into ExampleDb.address_ward  (id, name, district_id, created_at) values (5447, 'Xã Yên Khê', 304, NOW());
insert into ExampleDb.address_ward  (id, name, district_id, created_at) values (5448, 'Xã Lục Dạ', 304, NOW());
insert into ExampleDb.address_ward  (id, name, district_id, created_at) values (5449, 'Xã Môn Sơn', 304, NOW());
insert into ExampleDb.address_district  (id, name, province_id, created_at) values (305, 'Huyện Tân Kỳ', 27, NOW());
insert into ExampleDb.address_ward  (id, name, district_id, created_at) values (5450, 'Thị trấn Tân Kỳ', 305, NOW());
insert into ExampleDb.address_ward  (id, name, district_id, created_at) values (5451, 'Xã Tân Hợp', 305, NOW());
insert into ExampleDb.address_ward  (id, name, district_id, created_at) values (5452, 'Xã Tân Phú', 305, NOW());
insert into ExampleDb.address_ward  (id, name, district_id, created_at) values (5453, 'Xã Tân Xuân', 305, NOW());
insert into ExampleDb.address_ward  (id, name, district_id, created_at) values (5454, 'Xã Giai Xuân', 305, NOW());
insert into ExampleDb.address_ward  (id, name, district_id, created_at) values (5455, 'Xã Nghĩa Bình', 305, NOW());
insert into ExampleDb.address_ward  (id, name, district_id, created_at) values (5456, 'Xã Nghĩa Đồng', 305, NOW());
insert into ExampleDb.address_ward  (id, name, district_id, created_at) values (5457, 'Xã Đồng Văn', 305, NOW());
insert into ExampleDb.address_ward  (id, name, district_id, created_at) values (5458, 'Xã Nghĩa Thái', 305, NOW());
insert into ExampleDb.address_ward  (id, name, district_id, created_at) values (5459, 'Xã Nghĩa Hợp', 305, NOW());
insert into ExampleDb.address_ward  (id, name, district_id, created_at) values (5460, 'Xã Nghĩa Hoàn', 305, NOW());
insert into ExampleDb.address_ward  (id, name, district_id, created_at) values (5461, 'Xã Nghĩa Phúc', 305, NOW());
insert into ExampleDb.address_ward  (id, name, district_id, created_at) values (5462, 'Xã Tiên Kỳ', 305, NOW());
insert into ExampleDb.address_ward  (id, name, district_id, created_at) values (5463, 'Xã Tân An', 305, NOW());
insert into ExampleDb.address_ward  (id, name, district_id, created_at) values (5464, 'Xã Nghĩa Dũng', 305, NOW());
insert into ExampleDb.address_ward  (id, name, district_id, created_at) values (5465, 'Xã Tân Long', 305, NOW());
insert into ExampleDb.address_ward  (id, name, district_id, created_at) values (5466, 'Xã Kỳ Sơn', 305, NOW());
insert into ExampleDb.address_ward  (id, name, district_id, created_at) values (5467, 'Xã Hương Sơn', 305, NOW());
insert into ExampleDb.address_ward  (id, name, district_id, created_at) values (5468, 'Xã Kỳ Tân', 305, NOW());
insert into ExampleDb.address_ward  (id, name, district_id, created_at) values (5469, 'Xã Phú Sơn', 305, NOW());
insert into ExampleDb.address_ward  (id, name, district_id, created_at) values (5470, 'Xã Tân Hương', 305, NOW());
insert into ExampleDb.address_ward  (id, name, district_id, created_at) values (5471, 'Xã Nghĩa Hành', 305, NOW());
insert into ExampleDb.address_district  (id, name, province_id, created_at) values (306, 'Huyện Anh Sơn', 27, NOW());
insert into ExampleDb.address_ward  (id, name, district_id, created_at) values (5472, 'Thị trấn Anh Sơn', 306, NOW());
insert into ExampleDb.address_ward  (id, name, district_id, created_at) values (5473, 'Xã Thọ Sơn', 306, NOW());
insert into ExampleDb.address_ward  (id, name, district_id, created_at) values (5474, 'Xã Thành Sơn', 306, NOW());
insert into ExampleDb.address_ward  (id, name, district_id, created_at) values (5475, 'Xã Bình Sơn', 306, NOW());
insert into ExampleDb.address_ward  (id, name, district_id, created_at) values (5476, 'Xã Tam Sơn', 306, NOW());
insert into ExampleDb.address_ward  (id, name, district_id, created_at) values (5477, 'Xã Đỉnh Sơn', 306, NOW());
insert into ExampleDb.address_ward  (id, name, district_id, created_at) values (5478, 'Xã Hùng Sơn', 306, NOW());
insert into ExampleDb.address_ward  (id, name, district_id, created_at) values (5479, 'Xã Cẩm Sơn', 306, NOW());
insert into ExampleDb.address_ward  (id, name, district_id, created_at) values (5480, 'Xã Đức Sơn', 306, NOW());
insert into ExampleDb.address_ward  (id, name, district_id, created_at) values (5481, 'Xã Tường Sơn', 306, NOW());
insert into ExampleDb.address_ward  (id, name, district_id, created_at) values (5482, 'Xã Hoa Sơn', 306, NOW());
insert into ExampleDb.address_ward  (id, name, district_id, created_at) values (5483, 'Xã Tào Sơn', 306, NOW());
insert into ExampleDb.address_ward  (id, name, district_id, created_at) values (5484, 'Xã Vĩnh Sơn', 306, NOW());
insert into ExampleDb.address_ward  (id, name, district_id, created_at) values (5485, 'Xã Lạng Sơn', 306, NOW());
insert into ExampleDb.address_ward  (id, name, district_id, created_at) values (5486, 'Xã Hội Sơn', 306, NOW());
insert into ExampleDb.address_ward  (id, name, district_id, created_at) values (5487, 'Xã Thạch Sơn', 306, NOW());
insert into ExampleDb.address_ward  (id, name, district_id, created_at) values (5488, 'Xã Phúc Sơn', 306, NOW());
insert into ExampleDb.address_ward  (id, name, district_id, created_at) values (5489, 'Xã Long Sơn', 306, NOW());
insert into ExampleDb.address_ward  (id, name, district_id, created_at) values (5490, 'Xã Khai Sơn', 306, NOW());
insert into ExampleDb.address_ward  (id, name, district_id, created_at) values (5491, 'Xã Lĩnh Sơn', 306, NOW());
insert into ExampleDb.address_ward  (id, name, district_id, created_at) values (5492, 'Xã Cao Sơn', 306, NOW());
insert into ExampleDb.address_district  (id, name, province_id, created_at) values (307, 'Huyện Diễn Châu', 27, NOW());
insert into ExampleDb.address_ward  (id, name, district_id, created_at) values (5493, 'Thị trấn Diễn Châu', 307, NOW());
insert into ExampleDb.address_ward  (id, name, district_id, created_at) values (5494, 'Xã Diễn Lâm', 307, NOW());
insert into ExampleDb.address_ward  (id, name, district_id, created_at) values (5495, 'Xã Diễn Đoài', 307, NOW());
insert into ExampleDb.address_ward  (id, name, district_id, created_at) values (5496, 'Xã Diễn Trường', 307, NOW());
insert into ExampleDb.address_ward  (id, name, district_id, created_at) values (5497, 'Xã Diễn Yên', 307, NOW());
insert into ExampleDb.address_ward  (id, name, district_id, created_at) values (5498, 'Xã Diễn Hoàng', 307, NOW());
insert into ExampleDb.address_ward  (id, name, district_id, created_at) values (5499, 'Xã Diễn Hùng', 307, NOW());
insert into ExampleDb.address_ward  (id, name, district_id, created_at) values (5500, 'Xã Diễn Mỹ', 307, NOW());
insert into ExampleDb.address_ward  (id, name, district_id, created_at) values (5501, 'Xã Diễn Hồng', 307, NOW());
insert into ExampleDb.address_ward  (id, name, district_id, created_at) values (5502, 'Xã Diễn Phong', 307, NOW());
insert into ExampleDb.address_ward  (id, name, district_id, created_at) values (5503, 'Xã Diễn Hải', 307, NOW());
insert into ExampleDb.address_ward  (id, name, district_id, created_at) values (5504, 'Xã Diễn Tháp', 307, NOW());
insert into ExampleDb.address_ward  (id, name, district_id, created_at) values (5505, 'Xã Diễn Liên', 307, NOW());
insert into ExampleDb.address_ward  (id, name, district_id, created_at) values (5506, 'Xã Diễn Vạn', 307, NOW());
insert into ExampleDb.address_ward  (id, name, district_id, created_at) values (5507, 'Xã Diễn Kim', 307, NOW());
insert into ExampleDb.address_ward  (id, name, district_id, created_at) values (5508, 'Xã Diễn Kỷ', 307, NOW());
insert into ExampleDb.address_ward  (id, name, district_id, created_at) values (5509, 'Xã Diễn Xuân', 307, NOW());
insert into ExampleDb.address_ward  (id, name, district_id, created_at) values (5510, 'Xã Diễn Thái', 307, NOW());
insert into ExampleDb.address_ward  (id, name, district_id, created_at) values (5511, 'Xã Diễn Đồng', 307, NOW());
insert into ExampleDb.address_ward  (id, name, district_id, created_at) values (5512, 'Xã Diễn Bích', 307, NOW());
insert into ExampleDb.address_ward  (id, name, district_id, created_at) values (5513, 'Xã Diễn Hạnh', 307, NOW());
insert into ExampleDb.address_ward  (id, name, district_id, created_at) values (5514, 'Xã Diễn Ngọc', 307, NOW());
insert into ExampleDb.address_ward  (id, name, district_id, created_at) values (5515, 'Xã Diễn Quảng', 307, NOW());
insert into ExampleDb.address_ward  (id, name, district_id, created_at) values (5516, 'Xã Diễn Nguyên', 307, NOW());
insert into ExampleDb.address_ward  (id, name, district_id, created_at) values (5517, 'Xã Diễn Hoa', 307, NOW());
insert into ExampleDb.address_ward  (id, name, district_id, created_at) values (5518, 'Xã Diễn Thành', 307, NOW());
insert into ExampleDb.address_ward  (id, name, district_id, created_at) values (5519, 'Xã Diễn Phúc', 307, NOW());
insert into ExampleDb.address_ward  (id, name, district_id, created_at) values (5520, 'Xã Diễn Cát', 307, NOW());
insert into ExampleDb.address_ward  (id, name, district_id, created_at) values (5521, 'Xã Diễn Thịnh', 307, NOW());
insert into ExampleDb.address_ward  (id, name, district_id, created_at) values (5522, 'Xã Diễn Tân', 307, NOW());
insert into ExampleDb.address_ward  (id, name, district_id, created_at) values (5523, 'Xã Minh Châu', 307, NOW());
insert into ExampleDb.address_ward  (id, name, district_id, created_at) values (5524, 'Xã Diễn Thọ', 307, NOW());
insert into ExampleDb.address_ward  (id, name, district_id, created_at) values (5525, 'Xã Diễn Lợi', 307, NOW());
insert into ExampleDb.address_ward  (id, name, district_id, created_at) values (5526, 'Xã Diễn Lộc', 307, NOW());
insert into ExampleDb.address_ward  (id, name, district_id, created_at) values (5527, 'Xã Diễn Trung', 307, NOW());
insert into ExampleDb.address_ward  (id, name, district_id, created_at) values (5528, 'Xã Diễn An', 307, NOW());
insert into ExampleDb.address_ward  (id, name, district_id, created_at) values (5529, 'Xã Diễn Phú', 307, NOW());
insert into ExampleDb.address_district  (id, name, province_id, created_at) values (308, 'Huyện Yên Thành', 27, NOW());
insert into ExampleDb.address_ward  (id, name, district_id, created_at) values (5530, 'Thị trấn Yên Thành', 308, NOW());
insert into ExampleDb.address_ward  (id, name, district_id, created_at) values (5531, 'Xã Mã Thành', 308, NOW());
insert into ExampleDb.address_ward  (id, name, district_id, created_at) values (5532, 'Xã Tiến Thành', 308, NOW());
insert into ExampleDb.address_ward  (id, name, district_id, created_at) values (5533, 'Xã Lăng Thành', 308, NOW());
insert into ExampleDb.address_ward  (id, name, district_id, created_at) values (5534, 'Xã Tân Thành', 308, NOW());
insert into ExampleDb.address_ward  (id, name, district_id, created_at) values (5535, 'Xã Đức Thành', 308, NOW());
insert into ExampleDb.address_ward  (id, name, district_id, created_at) values (5536, 'Xã Kim Thành', 308, NOW());
insert into ExampleDb.address_ward  (id, name, district_id, created_at) values (5537, 'Xã Hậu Thành', 308, NOW());
insert into ExampleDb.address_ward  (id, name, district_id, created_at) values (5538, 'Xã Hùng Thành', 308, NOW());
insert into ExampleDb.address_ward  (id, name, district_id, created_at) values (5539, 'Xã Đô Thành', 308, NOW());
insert into ExampleDb.address_ward  (id, name, district_id, created_at) values (5540, 'Xã Thọ Thành', 308, NOW());
insert into ExampleDb.address_ward  (id, name, district_id, created_at) values (5541, 'Xã Quang Thành', 308, NOW());
insert into ExampleDb.address_ward  (id, name, district_id, created_at) values (5542, 'Xã Tây Thành', 308, NOW());
insert into ExampleDb.address_ward  (id, name, district_id, created_at) values (5543, 'Xã Phúc Thành', 308, NOW());
insert into ExampleDb.address_ward  (id, name, district_id, created_at) values (5544, 'Xã Hồng Thành', 308, NOW());
insert into ExampleDb.address_ward  (id, name, district_id, created_at) values (5545, 'Xã Đồng Thành', 308, NOW());
insert into ExampleDb.address_ward  (id, name, district_id, created_at) values (5546, 'Xã Phú Thành', 308, NOW());
insert into ExampleDb.address_ward  (id, name, district_id, created_at) values (5547, 'Xã Hoa Thành', 308, NOW());
insert into ExampleDb.address_ward  (id, name, district_id, created_at) values (5548, 'Xã Tăng Thành', 308, NOW());
insert into ExampleDb.address_ward  (id, name, district_id, created_at) values (5549, 'Xã Văn Thành', 308, NOW());
insert into ExampleDb.address_ward  (id, name, district_id, created_at) values (5550, 'Xã Thịnh Thành', 308, NOW());
insert into ExampleDb.address_ward  (id, name, district_id, created_at) values (5551, 'Xã Hợp Thành', 308, NOW());
insert into ExampleDb.address_ward  (id, name, district_id, created_at) values (5552, 'Xã Xuân Thành', 308, NOW());
insert into ExampleDb.address_ward  (id, name, district_id, created_at) values (5553, 'Xã Bắc Thành', 308, NOW());
insert into ExampleDb.address_ward  (id, name, district_id, created_at) values (5554, 'Xã Nhân Thành', 308, NOW());
insert into ExampleDb.address_ward  (id, name, district_id, created_at) values (5555, 'Xã Trung Thành', 308, NOW());
insert into ExampleDb.address_ward  (id, name, district_id, created_at) values (5556, 'Xã Long Thành', 308, NOW());
insert into ExampleDb.address_ward  (id, name, district_id, created_at) values (5557, 'Xã Minh Thành', 308, NOW());
insert into ExampleDb.address_ward  (id, name, district_id, created_at) values (5558, 'Xã Nam Thành', 308, NOW());
insert into ExampleDb.address_ward  (id, name, district_id, created_at) values (5559, 'Xã Vĩnh Thành', 308, NOW());
insert into ExampleDb.address_ward  (id, name, district_id, created_at) values (5560, 'Xã Lý Thành', 308, NOW());
insert into ExampleDb.address_ward  (id, name, district_id, created_at) values (5561, 'Xã Khánh Thành', 308, NOW());
insert into ExampleDb.address_ward  (id, name, district_id, created_at) values (5562, 'Xã Viên Thành', 308, NOW());
insert into ExampleDb.address_ward  (id, name, district_id, created_at) values (5563, 'Xã Đại Thành', 308, NOW());
insert into ExampleDb.address_ward  (id, name, district_id, created_at) values (5564, 'Xã Liên Thành', 308, NOW());
insert into ExampleDb.address_ward  (id, name, district_id, created_at) values (5565, 'Xã Bảo Thành', 308, NOW());
insert into ExampleDb.address_ward  (id, name, district_id, created_at) values (5566, 'Xã Mỹ Thành', 308, NOW());
insert into ExampleDb.address_ward  (id, name, district_id, created_at) values (5567, 'Xã Công Thành', 308, NOW());
insert into ExampleDb.address_ward  (id, name, district_id, created_at) values (5568, 'Xã Sơn Thành', 308, NOW());
insert into ExampleDb.address_district  (id, name, province_id, created_at) values (309, 'Huyện Đô Lương', 27, NOW());
insert into ExampleDb.address_ward  (id, name, district_id, created_at) values (5569, 'Thị trấn Đô Lương', 309, NOW());
insert into ExampleDb.address_ward  (id, name, district_id, created_at) values (5570, 'Xã Giang Sơn Đông', 309, NOW());
insert into ExampleDb.address_ward  (id, name, district_id, created_at) values (5571, 'Xã Giang Sơn Tây', 309, NOW());
insert into ExampleDb.address_ward  (id, name, district_id, created_at) values (5572, 'Xã Lam Sơn', 309, NOW());
insert into ExampleDb.address_ward  (id, name, district_id, created_at) values (5573, 'Xã Bồi Sơn', 309, NOW());
insert into ExampleDb.address_ward  (id, name, district_id, created_at) values (5574, 'Xã Hồng Sơn', 309, NOW());
insert into ExampleDb.address_ward  (id, name, district_id, created_at) values (5575, 'Xã Bài Sơn', 309, NOW());
insert into ExampleDb.address_ward  (id, name, district_id, created_at) values (5576, 'Xã Ngọc Sơn', 309, NOW());
insert into ExampleDb.address_ward  (id, name, district_id, created_at) values (5577, 'Xã Bắc Sơn', 309, NOW());
insert into ExampleDb.address_ward  (id, name, district_id, created_at) values (5578, 'Xã Tràng Sơn', 309, NOW());
insert into ExampleDb.address_ward  (id, name, district_id, created_at) values (5579, 'Xã Thượng Sơn', 309, NOW());
insert into ExampleDb.address_ward  (id, name, district_id, created_at) values (5580, 'Xã Hòa Sơn', 309, NOW());
insert into ExampleDb.address_ward  (id, name, district_id, created_at) values (5581, 'Xã Đặng Sơn', 309, NOW());
insert into ExampleDb.address_ward  (id, name, district_id, created_at) values (5582, 'Xã Đông Sơn', 309, NOW());
insert into ExampleDb.address_ward  (id, name, district_id, created_at) values (5583, 'Xã Nam Sơn', 309, NOW());
insert into ExampleDb.address_ward  (id, name, district_id, created_at) values (5584, 'Xã Lưu Sơn', 309, NOW());
insert into ExampleDb.address_ward  (id, name, district_id, created_at) values (5585, 'Xã Yên Sơn', 309, NOW());
insert into ExampleDb.address_ward  (id, name, district_id, created_at) values (5586, 'Xã Văn Sơn', 309, NOW());
insert into ExampleDb.address_ward  (id, name, district_id, created_at) values (5587, 'Xã Đà Sơn', 309, NOW());
insert into ExampleDb.address_ward  (id, name, district_id, created_at) values (5588, 'Xã Lạc Sơn', 309, NOW());
insert into ExampleDb.address_ward  (id, name, district_id, created_at) values (5589, 'Xã Tân Sơn', 309, NOW());
insert into ExampleDb.address_ward  (id, name, district_id, created_at) values (5590, 'Xã Thái Sơn', 309, NOW());
insert into ExampleDb.address_ward  (id, name, district_id, created_at) values (5591, 'Xã Quang Sơn', 309, NOW());
insert into ExampleDb.address_ward  (id, name, district_id, created_at) values (5592, 'Xã Thịnh Sơn', 309, NOW());
insert into ExampleDb.address_ward  (id, name, district_id, created_at) values (5593, 'Xã Trung Sơn', 309, NOW());
insert into ExampleDb.address_ward  (id, name, district_id, created_at) values (5594, 'Xã Xuân Sơn', 309, NOW());
insert into ExampleDb.address_ward  (id, name, district_id, created_at) values (5595, 'Xã Minh Sơn', 309, NOW());
insert into ExampleDb.address_ward  (id, name, district_id, created_at) values (5596, 'Xã Thuận Sơn', 309, NOW());
insert into ExampleDb.address_ward  (id, name, district_id, created_at) values (5597, 'Xã Nhân Sơn', 309, NOW());
insert into ExampleDb.address_ward  (id, name, district_id, created_at) values (5598, 'Xã Hiến Sơn', 309, NOW());
insert into ExampleDb.address_ward  (id, name, district_id, created_at) values (5599, 'Xã Mỹ Sơn', 309, NOW());
insert into ExampleDb.address_ward  (id, name, district_id, created_at) values (5600, 'Xã Trù Sơn', 309, NOW());
insert into ExampleDb.address_ward  (id, name, district_id, created_at) values (5601, 'Xã Đại Sơn', 309, NOW());
insert into ExampleDb.address_district  (id, name, province_id, created_at) values (310, 'Huyện Thanh Chương', 27, NOW());
insert into ExampleDb.address_ward  (id, name, district_id, created_at) values (5602, 'Thị trấn Thanh Chương', 310, NOW());
insert into ExampleDb.address_ward  (id, name, district_id, created_at) values (5603, 'Xã Cát Văn', 310, NOW());
insert into ExampleDb.address_ward  (id, name, district_id, created_at) values (5604, 'Xã Thanh Nho', 310, NOW());
insert into ExampleDb.address_ward  (id, name, district_id, created_at) values (5605, 'Xã Hạnh Lâm', 310, NOW());
insert into ExampleDb.address_ward  (id, name, district_id, created_at) values (5606, 'Xã Thanh Sơn', 310, NOW());
insert into ExampleDb.address_ward  (id, name, district_id, created_at) values (5607, 'Xã Thanh Hòa', 310, NOW());
insert into ExampleDb.address_ward  (id, name, district_id, created_at) values (5608, 'Xã Phong Thịnh', 310, NOW());
insert into ExampleDb.address_ward  (id, name, district_id, created_at) values (5609, 'Xã Thanh Phong', 310, NOW());
insert into ExampleDb.address_ward  (id, name, district_id, created_at) values (5610, 'Xã Thanh Mỹ', 310, NOW());
insert into ExampleDb.address_ward  (id, name, district_id, created_at) values (5611, 'Xã Thanh Tiên', 310, NOW());
insert into ExampleDb.address_ward  (id, name, district_id, created_at) values (5612, 'Xã Thanh Liên', 310, NOW());
insert into ExampleDb.address_ward  (id, name, district_id, created_at) values (5613, 'Xã Đại Đồng', 310, NOW());
insert into ExampleDb.address_ward  (id, name, district_id, created_at) values (5614, 'Xã Thanh Đồng', 310, NOW());
insert into ExampleDb.address_ward  (id, name, district_id, created_at) values (5615, 'Xã Thanh Ngọc', 310, NOW());
insert into ExampleDb.address_ward  (id, name, district_id, created_at) values (5616, 'Xã Thanh Hương', 310, NOW());
insert into ExampleDb.address_ward  (id, name, district_id, created_at) values (5617, 'Xã Ngọc Lâm', 310, NOW());
insert into ExampleDb.address_ward  (id, name, district_id, created_at) values (5618, 'Xã Thanh Lĩnh', 310, NOW());
insert into ExampleDb.address_ward  (id, name, district_id, created_at) values (5619, 'Xã Đồng Văn', 310, NOW());
insert into ExampleDb.address_ward  (id, name, district_id, created_at) values (5620, 'Xã Ngọc Sơn', 310, NOW());
insert into ExampleDb.address_ward  (id, name, district_id, created_at) values (5621, 'Xã Thanh Thịnh', 310, NOW());
insert into ExampleDb.address_ward  (id, name, district_id, created_at) values (5622, 'Xã Thanh An', 310, NOW());
insert into ExampleDb.address_ward  (id, name, district_id, created_at) values (5623, 'Xã Thanh Chi', 310, NOW());
insert into ExampleDb.address_ward  (id, name, district_id, created_at) values (5624, 'Xã Xuân Tường', 310, NOW());
insert into ExampleDb.address_ward  (id, name, district_id, created_at) values (5625, 'Xã Thanh Dương', 310, NOW());
insert into ExampleDb.address_ward  (id, name, district_id, created_at) values (5626, 'Xã Thanh Lương', 310, NOW());
insert into ExampleDb.address_ward  (id, name, district_id, created_at) values (5627, 'Xã Thanh Khê', 310, NOW());
insert into ExampleDb.address_ward  (id, name, district_id, created_at) values (5628, 'Xã Võ Liệt', 310, NOW());
insert into ExampleDb.address_ward  (id, name, district_id, created_at) values (5629, 'Xã Thanh Long', 310, NOW());
insert into ExampleDb.address_ward  (id, name, district_id, created_at) values (5630, 'Xã Thanh Thủy', 310, NOW());
insert into ExampleDb.address_ward  (id, name, district_id, created_at) values (5631, 'Xã Thanh Khai', 310, NOW());
insert into ExampleDb.address_ward  (id, name, district_id, created_at) values (5632, 'Xã Thanh Yên', 310, NOW());
insert into ExampleDb.address_ward  (id, name, district_id, created_at) values (5633, 'Xã Thanh Hà', 310, NOW());
insert into ExampleDb.address_ward  (id, name, district_id, created_at) values (5634, 'Xã Thanh Giang', 310, NOW());
insert into ExampleDb.address_ward  (id, name, district_id, created_at) values (5635, 'Xã Thanh Tùng', 310, NOW());
insert into ExampleDb.address_ward  (id, name, district_id, created_at) values (5636, 'Xã Thanh Lâm', 310, NOW());
insert into ExampleDb.address_ward  (id, name, district_id, created_at) values (5637, 'Xã Thanh Mai', 310, NOW());
insert into ExampleDb.address_ward  (id, name, district_id, created_at) values (5638, 'Xã Thanh Xuân', 310, NOW());
insert into ExampleDb.address_ward  (id, name, district_id, created_at) values (5639, 'Xã Thanh Đức', 310, NOW());
insert into ExampleDb.address_district  (id, name, province_id, created_at) values (311, 'Huyện Nghi Lộc', 27, NOW());
insert into ExampleDb.address_ward  (id, name, district_id, created_at) values (5640, 'Thị trấn Quán Hành', 311, NOW());
insert into ExampleDb.address_ward  (id, name, district_id, created_at) values (5641, 'Xã Nghi Văn', 311, NOW());
insert into ExampleDb.address_ward  (id, name, district_id, created_at) values (5642, 'Xã Nghi Yên', 311, NOW());
insert into ExampleDb.address_ward  (id, name, district_id, created_at) values (5643, 'Xã Nghi Tiến', 311, NOW());
insert into ExampleDb.address_ward  (id, name, district_id, created_at) values (5644, 'Xã Nghi Hưng', 311, NOW());
insert into ExampleDb.address_ward  (id, name, district_id, created_at) values (5645, 'Xã Nghi Đồng', 311, NOW());
insert into ExampleDb.address_ward  (id, name, district_id, created_at) values (5646, 'Xã Nghi Thiết', 311, NOW());
insert into ExampleDb.address_ward  (id, name, district_id, created_at) values (5647, 'Xã Nghi Lâm', 311, NOW());
insert into ExampleDb.address_ward  (id, name, district_id, created_at) values (5648, 'Xã Nghi Quang', 311, NOW());
insert into ExampleDb.address_ward  (id, name, district_id, created_at) values (5649, 'Xã Nghi Kiều', 311, NOW());
insert into ExampleDb.address_ward  (id, name, district_id, created_at) values (5650, 'Xã Nghi Mỹ', 311, NOW());
insert into ExampleDb.address_ward  (id, name, district_id, created_at) values (5651, 'Xã Nghi Phương', 311, NOW());
insert into ExampleDb.address_ward  (id, name, district_id, created_at) values (5652, 'Xã Nghi Thuận', 311, NOW());
insert into ExampleDb.address_ward  (id, name, district_id, created_at) values (5653, 'Xã Nghi Long', 311, NOW());
insert into ExampleDb.address_ward  (id, name, district_id, created_at) values (5654, 'Xã Nghi Xá', 311, NOW());
insert into ExampleDb.address_ward  (id, name, district_id, created_at) values (5655, 'Xã Nghi Hoa', 311, NOW());
insert into ExampleDb.address_ward  (id, name, district_id, created_at) values (5656, 'Xã Khánh Hợp', 311, NOW());
insert into ExampleDb.address_ward  (id, name, district_id, created_at) values (5657, 'Xã Nghi Thịnh', 311, NOW());
insert into ExampleDb.address_ward  (id, name, district_id, created_at) values (5658, 'Xã Nghi Công Bắc', 311, NOW());
insert into ExampleDb.address_ward  (id, name, district_id, created_at) values (5659, 'Xã Nghi Công Nam', 311, NOW());
insert into ExampleDb.address_ward  (id, name, district_id, created_at) values (5660, 'Xã Nghi Thạch', 311, NOW());
insert into ExampleDb.address_ward  (id, name, district_id, created_at) values (5661, 'Xã Nghi Trung', 311, NOW());
insert into ExampleDb.address_ward  (id, name, district_id, created_at) values (5662, 'Xã Nghi Trường', 311, NOW());
insert into ExampleDb.address_ward  (id, name, district_id, created_at) values (5663, 'Xã Nghi Diên', 311, NOW());
insert into ExampleDb.address_ward  (id, name, district_id, created_at) values (5664, 'Xã Nghi Phong', 311, NOW());
insert into ExampleDb.address_ward  (id, name, district_id, created_at) values (5665, 'Xã Nghi Xuân', 311, NOW());
insert into ExampleDb.address_ward  (id, name, district_id, created_at) values (5666, 'Xã Nghi Vạn', 311, NOW());
insert into ExampleDb.address_ward  (id, name, district_id, created_at) values (5667, 'Xã Phúc Thọ', 311, NOW());
insert into ExampleDb.address_ward  (id, name, district_id, created_at) values (5668, 'Xã Nghi Thái', 311, NOW());
insert into ExampleDb.address_district  (id, name, province_id, created_at) values (312, 'Huyện Nam Đàn', 27, NOW());
insert into ExampleDb.address_ward  (id, name, district_id, created_at) values (5669, 'Xã Nam Hưng', 312, NOW());
insert into ExampleDb.address_ward  (id, name, district_id, created_at) values (5670, 'Xã Nam Nghĩa', 312, NOW());
insert into ExampleDb.address_ward  (id, name, district_id, created_at) values (5671, 'Xã Nam Thanh', 312, NOW());
insert into ExampleDb.address_ward  (id, name, district_id, created_at) values (5672, 'Xã Nam Anh', 312, NOW());
insert into ExampleDb.address_ward  (id, name, district_id, created_at) values (5673, 'Xã Nam Xuân', 312, NOW());
insert into ExampleDb.address_ward  (id, name, district_id, created_at) values (5674, 'Xã Nam Thái', 312, NOW());
insert into ExampleDb.address_ward  (id, name, district_id, created_at) values (5675, 'Thị trấn Nam Đàn', 312, NOW());
insert into ExampleDb.address_ward  (id, name, district_id, created_at) values (5676, 'Xã Nam Lĩnh', 312, NOW());
insert into ExampleDb.address_ward  (id, name, district_id, created_at) values (5677, 'Xã Nam Giang', 312, NOW());
insert into ExampleDb.address_ward  (id, name, district_id, created_at) values (5678, 'Xã Xuân Hòa', 312, NOW());
insert into ExampleDb.address_ward  (id, name, district_id, created_at) values (5679, 'Xã Hùng Tiến', 312, NOW());
insert into ExampleDb.address_ward  (id, name, district_id, created_at) values (5680, 'Xã Thượng Tân Lộc', 312, NOW());
insert into ExampleDb.address_ward  (id, name, district_id, created_at) values (5681, 'Xã Kim Liên', 312, NOW());
insert into ExampleDb.address_ward  (id, name, district_id, created_at) values (5682, 'Xã Hồng Long', 312, NOW());
insert into ExampleDb.address_ward  (id, name, district_id, created_at) values (5683, 'Xã Xuân Lâm', 312, NOW());
insert into ExampleDb.address_ward  (id, name, district_id, created_at) values (5684, 'Xã Nam Cát', 312, NOW());
insert into ExampleDb.address_ward  (id, name, district_id, created_at) values (5685, 'Xã Khánh Sơn', 312, NOW());
insert into ExampleDb.address_ward  (id, name, district_id, created_at) values (5686, 'Xã Trung Phúc Cường', 312, NOW());
insert into ExampleDb.address_ward  (id, name, district_id, created_at) values (5687, 'Xã Nam Kim', 312, NOW());
insert into ExampleDb.address_district  (id, name, province_id, created_at) values (313, 'Huyện Hưng Nguyên', 27, NOW());
insert into ExampleDb.address_ward  (id, name, district_id, created_at) values (5688, 'Thị trấn Hưng Nguyên', 313, NOW());
insert into ExampleDb.address_ward  (id, name, district_id, created_at) values (5689, 'Xã Hưng Trung', 313, NOW());
insert into ExampleDb.address_ward  (id, name, district_id, created_at) values (5690, 'Xã Hưng Yên', 313, NOW());
insert into ExampleDb.address_ward  (id, name, district_id, created_at) values (5691, 'Xã Hưng Yên Bắc', 313, NOW());
insert into ExampleDb.address_ward  (id, name, district_id, created_at) values (5692, 'Xã Hưng Tây', 313, NOW());
insert into ExampleDb.address_ward  (id, name, district_id, created_at) values (5693, 'Xã Hưng Đạo', 313, NOW());
insert into ExampleDb.address_ward  (id, name, district_id, created_at) values (5694, 'Xã Hưng Mỹ', 313, NOW());
insert into ExampleDb.address_ward  (id, name, district_id, created_at) values (5695, 'Xã Hưng Thịnh', 313, NOW());
insert into ExampleDb.address_ward  (id, name, district_id, created_at) values (5696, 'Xã Hưng Lĩnh', 313, NOW());
insert into ExampleDb.address_ward  (id, name, district_id, created_at) values (5697, 'Xã Hưng Thông', 313, NOW());
insert into ExampleDb.address_ward  (id, name, district_id, created_at) values (5698, 'Xã Hưng Tân', 313, NOW());
insert into ExampleDb.address_ward  (id, name, district_id, created_at) values (5699, 'Xã Hưng Lợi', 313, NOW());
insert into ExampleDb.address_ward  (id, name, district_id, created_at) values (5700, 'Xã Hưng Nghĩa', 313, NOW());
insert into ExampleDb.address_ward  (id, name, district_id, created_at) values (5701, 'Xã Hưng Phúc', 313, NOW());
insert into ExampleDb.address_ward  (id, name, district_id, created_at) values (5702, 'Xã Long Xá', 313, NOW());
insert into ExampleDb.address_ward  (id, name, district_id, created_at) values (5703, 'Xã Châu Nhân', 313, NOW());
insert into ExampleDb.address_ward  (id, name, district_id, created_at) values (5704, 'Xã Xuân Lam', 313, NOW());
insert into ExampleDb.address_ward  (id, name, district_id, created_at) values (5705, 'Xã Hưng Thành', 313, NOW());
insert into ExampleDb.address_district  (id, name, province_id, created_at) values (314, 'Thị xã Hoàng Mai', 27, NOW());
insert into ExampleDb.address_ward  (id, name, district_id, created_at) values (5706, 'Xã Quỳnh Vinh', 314, NOW());
insert into ExampleDb.address_ward  (id, name, district_id, created_at) values (5707, 'Xã Quỳnh Lộc', 314, NOW());
insert into ExampleDb.address_ward  (id, name, district_id, created_at) values (5708, 'Phường Quỳnh Thiện', 314, NOW());
insert into ExampleDb.address_ward  (id, name, district_id, created_at) values (5709, 'Xã Quỳnh Lập', 314, NOW());
insert into ExampleDb.address_ward  (id, name, district_id, created_at) values (5710, 'Xã Quỳnh Trang', 314, NOW());
insert into ExampleDb.address_ward  (id, name, district_id, created_at) values (5711, 'Phường Mai Hùng', 314, NOW());
insert into ExampleDb.address_ward  (id, name, district_id, created_at) values (5712, 'Phường Quỳnh Dị', 314, NOW());
insert into ExampleDb.address_ward  (id, name, district_id, created_at) values (5713, 'Phường Quỳnh Xuân', 314, NOW());
insert into ExampleDb.address_ward  (id, name, district_id, created_at) values (5714, 'Phường Quỳnh Phương', 314, NOW());
insert into ExampleDb.address_ward  (id, name, district_id, created_at) values (5715, 'Xã Quỳnh Liên', 314, NOW());
insert into ExampleDb.address_province (id, name, created_at) values (28, 'Tỉnh Hà Tĩnh', NOW());
insert into ExampleDb.address_district  (id, name, province_id, created_at) values (315, 'Thành phố Hà Tĩnh', 28, NOW());
insert into ExampleDb.address_ward  (id, name, district_id, created_at) values (5716, 'Phường Trần Phú', 315, NOW());
insert into ExampleDb.address_ward  (id, name, district_id, created_at) values (5717, 'Phường Nam Hà', 315, NOW());
insert into ExampleDb.address_ward  (id, name, district_id, created_at) values (5718, 'Phường Bắc Hà', 315, NOW());
insert into ExampleDb.address_ward  (id, name, district_id, created_at) values (5719, 'Phường Nguyễn Du', 315, NOW());
insert into ExampleDb.address_ward  (id, name, district_id, created_at) values (5720, 'Phường Tân Giang', 315, NOW());
insert into ExampleDb.address_ward  (id, name, district_id, created_at) values (5721, 'Phường Đại Nài', 315, NOW());
insert into ExampleDb.address_ward  (id, name, district_id, created_at) values (5722, 'Phường Hà Huy Tập', 315, NOW());
insert into ExampleDb.address_ward  (id, name, district_id, created_at) values (5723, 'Xã Thạch Trung', 315, NOW());
insert into ExampleDb.address_ward  (id, name, district_id, created_at) values (5724, 'Phường Thạch Quý', 315, NOW());
insert into ExampleDb.address_ward  (id, name, district_id, created_at) values (5725, 'Phường Thạch Linh', 315, NOW());
insert into ExampleDb.address_ward  (id, name, district_id, created_at) values (5726, 'Phường Văn Yên', 315, NOW());
insert into ExampleDb.address_ward  (id, name, district_id, created_at) values (5727, 'Xã Thạch Hạ', 315, NOW());
insert into ExampleDb.address_ward  (id, name, district_id, created_at) values (5728, 'Xã Đồng Môn', 315, NOW());
insert into ExampleDb.address_ward  (id, name, district_id, created_at) values (5729, 'Xã Thạch Hưng', 315, NOW());
insert into ExampleDb.address_ward  (id, name, district_id, created_at) values (5730, 'Xã Thạch Bình', 315, NOW());
insert into ExampleDb.address_district  (id, name, province_id, created_at) values (316, 'Thị xã Hồng Lĩnh', 28, NOW());
insert into ExampleDb.address_ward  (id, name, district_id, created_at) values (5731, 'Phường Bắc Hồng', 316, NOW());
insert into ExampleDb.address_ward  (id, name, district_id, created_at) values (5732, 'Phường Nam Hồng', 316, NOW());
insert into ExampleDb.address_ward  (id, name, district_id, created_at) values (5733, 'Phường Trung Lương', 316, NOW());
insert into ExampleDb.address_ward  (id, name, district_id, created_at) values (5734, 'Phường Đức Thuận', 316, NOW());
insert into ExampleDb.address_ward  (id, name, district_id, created_at) values (5735, 'Phường Đậu Liêu', 316, NOW());
insert into ExampleDb.address_ward  (id, name, district_id, created_at) values (5736, 'Xã Thuận Lộc', 316, NOW());
insert into ExampleDb.address_district  (id, name, province_id, created_at) values (317, 'Huyện Hương Sơn', 28, NOW());
insert into ExampleDb.address_ward  (id, name, district_id, created_at) values (5737, 'Thị trấn Phố Châu', 317, NOW());
insert into ExampleDb.address_ward  (id, name, district_id, created_at) values (5738, 'Thị trấn  Tây Sơn', 317, NOW());
insert into ExampleDb.address_ward  (id, name, district_id, created_at) values (5739, 'Xã Sơn Hồng', 317, NOW());
insert into ExampleDb.address_ward  (id, name, district_id, created_at) values (5740, 'Xã Sơn Tiến', 317, NOW());
insert into ExampleDb.address_ward  (id, name, district_id, created_at) values (5741, 'Xã Sơn Lâm', 317, NOW());
insert into ExampleDb.address_ward  (id, name, district_id, created_at) values (5742, 'Xã Sơn Lễ', 317, NOW());
insert into ExampleDb.address_ward  (id, name, district_id, created_at) values (5743, 'Xã Sơn Giang', 317, NOW());
insert into ExampleDb.address_ward  (id, name, district_id, created_at) values (5744, 'Xã Sơn Lĩnh', 317, NOW());
insert into ExampleDb.address_ward  (id, name, district_id, created_at) values (5745, 'Xã An Hòa Thịnh', 317, NOW());
insert into ExampleDb.address_ward  (id, name, district_id, created_at) values (5746, 'Xã Sơn Tây', 317, NOW());
insert into ExampleDb.address_ward  (id, name, district_id, created_at) values (5747, 'Xã Sơn Ninh', 317, NOW());
insert into ExampleDb.address_ward  (id, name, district_id, created_at) values (5748, 'Xã Sơn Châu', 317, NOW());
insert into ExampleDb.address_ward  (id, name, district_id, created_at) values (5749, 'Xã Tân Mỹ Hà', 317, NOW());
insert into ExampleDb.address_ward  (id, name, district_id, created_at) values (5750, 'Xã Quang Diệm', 317, NOW());
insert into ExampleDb.address_ward  (id, name, district_id, created_at) values (5751, 'Xã Sơn Trung', 317, NOW());
insert into ExampleDb.address_ward  (id, name, district_id, created_at) values (5752, 'Xã Sơn Bằng', 317, NOW());
insert into ExampleDb.address_ward  (id, name, district_id, created_at) values (5753, 'Xã Sơn Bình', 317, NOW());
insert into ExampleDb.address_ward  (id, name, district_id, created_at) values (5754, 'Xã Sơn Kim 1', 317, NOW());
insert into ExampleDb.address_ward  (id, name, district_id, created_at) values (5755, 'Xã Sơn Kim 2', 317, NOW());
insert into ExampleDb.address_ward  (id, name, district_id, created_at) values (5756, 'Xã Sơn Trà', 317, NOW());
insert into ExampleDb.address_ward  (id, name, district_id, created_at) values (5757, 'Xã Sơn Long', 317, NOW());
insert into ExampleDb.address_ward  (id, name, district_id, created_at) values (5758, 'Xã Kim Hoa', 317, NOW());
insert into ExampleDb.address_ward  (id, name, district_id, created_at) values (5759, 'Xã Sơn Hàm', 317, NOW());
insert into ExampleDb.address_ward  (id, name, district_id, created_at) values (5760, 'Xã Sơn Phú', 317, NOW());
insert into ExampleDb.address_ward  (id, name, district_id, created_at) values (5761, 'Xã Sơn Trường', 317, NOW());
insert into ExampleDb.address_district  (id, name, province_id, created_at) values (318, 'Huyện Đức Thọ', 28, NOW());
insert into ExampleDb.address_ward  (id, name, district_id, created_at) values (5762, 'Thị trấn Đức Thọ', 318, NOW());
insert into ExampleDb.address_ward  (id, name, district_id, created_at) values (5763, 'Xã Quang Vĩnh', 318, NOW());
insert into ExampleDb.address_ward  (id, name, district_id, created_at) values (5764, 'Xã Tùng Châu', 318, NOW());
insert into ExampleDb.address_ward  (id, name, district_id, created_at) values (5765, 'Xã Trường Sơn', 318, NOW());
insert into ExampleDb.address_ward  (id, name, district_id, created_at) values (5766, 'Xã Liên Minh', 318, NOW());
insert into ExampleDb.address_ward  (id, name, district_id, created_at) values (5767, 'Xã Yên Hồ', 318, NOW());
insert into ExampleDb.address_ward  (id, name, district_id, created_at) values (5768, 'Xã Tùng Ảnh', 318, NOW());
insert into ExampleDb.address_ward  (id, name, district_id, created_at) values (5769, 'Xã Bùi La Nhân', 318, NOW());
insert into ExampleDb.address_ward  (id, name, district_id, created_at) values (5770, 'Xã Thanh Bình Thịnh', 318, NOW());
insert into ExampleDb.address_ward  (id, name, district_id, created_at) values (5771, 'Xã Lâm Trung Thủy', 318, NOW());
insert into ExampleDb.address_ward  (id, name, district_id, created_at) values (5772, 'Xã Hòa Lạc', 318, NOW());
insert into ExampleDb.address_ward  (id, name, district_id, created_at) values (5773, 'Xã Tân Dân', 318, NOW());
insert into ExampleDb.address_ward  (id, name, district_id, created_at) values (5774, 'Xã An Dũng', 318, NOW());
insert into ExampleDb.address_ward  (id, name, district_id, created_at) values (5775, 'Xã Đức Đồng', 318, NOW());
insert into ExampleDb.address_ward  (id, name, district_id, created_at) values (5776, 'Xã Đức Lạng', 318, NOW());
insert into ExampleDb.address_ward  (id, name, district_id, created_at) values (5777, 'Xã Tân Hương', 318, NOW());
insert into ExampleDb.address_district  (id, name, province_id, created_at) values (319, 'Huyện Vũ Quang', 28, NOW());
insert into ExampleDb.address_ward  (id, name, district_id, created_at) values (5778, 'Thị trấn Vũ Quang', 319, NOW());
insert into ExampleDb.address_ward  (id, name, district_id, created_at) values (5779, 'Xã Ân Phú', 319, NOW());
insert into ExampleDb.address_ward  (id, name, district_id, created_at) values (5780, 'Xã Đức Giang', 319, NOW());
insert into ExampleDb.address_ward  (id, name, district_id, created_at) values (5781, 'Xã Đức Lĩnh', 319, NOW());
insert into ExampleDb.address_ward  (id, name, district_id, created_at) values (5782, 'Xã Thọ Điền', 319, NOW());
insert into ExampleDb.address_ward  (id, name, district_id, created_at) values (5783, 'Xã Đức Hương', 319, NOW());
insert into ExampleDb.address_ward  (id, name, district_id, created_at) values (5784, 'Xã Đức Bồng', 319, NOW());
insert into ExampleDb.address_ward  (id, name, district_id, created_at) values (5785, 'Xã Đức Liên', 319, NOW());
insert into ExampleDb.address_ward  (id, name, district_id, created_at) values (5786, 'Xã Hương Minh', 319, NOW());
insert into ExampleDb.address_ward  (id, name, district_id, created_at) values (5787, 'Xã Quang Thọ', 319, NOW());
insert into ExampleDb.address_district  (id, name, province_id, created_at) values (320, 'Huyện Nghi Xuân', 28, NOW());
insert into ExampleDb.address_ward  (id, name, district_id, created_at) values (5788, 'Thị trấn Xuân An', 320, NOW());
insert into ExampleDb.address_ward  (id, name, district_id, created_at) values (5789, 'Xã Xuân Hội', 320, NOW());
insert into ExampleDb.address_ward  (id, name, district_id, created_at) values (5790, 'Xã Đan Trường', 320, NOW());
insert into ExampleDb.address_ward  (id, name, district_id, created_at) values (5791, 'Xã Xuân Phổ', 320, NOW());
insert into ExampleDb.address_ward  (id, name, district_id, created_at) values (5792, 'Xã Xuân Hải', 320, NOW());
insert into ExampleDb.address_ward  (id, name, district_id, created_at) values (5793, 'Xã Xuân Giang', 320, NOW());
insert into ExampleDb.address_ward  (id, name, district_id, created_at) values (5794, 'Thị trấn Tiên Điền', 320, NOW());
insert into ExampleDb.address_ward  (id, name, district_id, created_at) values (5795, 'Xã Xuân Yên', 320, NOW());
insert into ExampleDb.address_ward  (id, name, district_id, created_at) values (5796, 'Xã Xuân Mỹ', 320, NOW());
insert into ExampleDb.address_ward  (id, name, district_id, created_at) values (5797, 'Xã Xuân Thành', 320, NOW());
insert into ExampleDb.address_ward  (id, name, district_id, created_at) values (5798, 'Xã Xuân Viên', 320, NOW());
insert into ExampleDb.address_ward  (id, name, district_id, created_at) values (5799, 'Xã Xuân Hồng', 320, NOW());
insert into ExampleDb.address_ward  (id, name, district_id, created_at) values (5800, 'Xã Cỗ Đạm', 320, NOW());
insert into ExampleDb.address_ward  (id, name, district_id, created_at) values (5801, 'Xã Xuân Liên', 320, NOW());
insert into ExampleDb.address_ward  (id, name, district_id, created_at) values (5802, 'Xã Xuân Lĩnh', 320, NOW());
insert into ExampleDb.address_ward  (id, name, district_id, created_at) values (5803, 'Xã Xuân Lam', 320, NOW());
insert into ExampleDb.address_ward  (id, name, district_id, created_at) values (5804, 'Xã Cương Gián', 320, NOW());
insert into ExampleDb.address_district  (id, name, province_id, created_at) values (321, 'Huyện Can Lộc', 28, NOW());
insert into ExampleDb.address_ward  (id, name, district_id, created_at) values (5805, 'Thị trấn Nghèn', 321, NOW());
insert into ExampleDb.address_ward  (id, name, district_id, created_at) values (5806, 'Xã Thiên Lộc', 321, NOW());
insert into ExampleDb.address_ward  (id, name, district_id, created_at) values (5807, 'Xã Thuần Thiện', 321, NOW());
insert into ExampleDb.address_ward  (id, name, district_id, created_at) values (5808, 'Xã Vượng Lộc', 321, NOW());
insert into ExampleDb.address_ward  (id, name, district_id, created_at) values (5809, 'Xã Thanh Lộc', 321, NOW());
insert into ExampleDb.address_ward  (id, name, district_id, created_at) values (5810, 'Xã Kim Song Trường', 321, NOW());
insert into ExampleDb.address_ward  (id, name, district_id, created_at) values (5811, 'Xã Thường Nga', 321, NOW());
insert into ExampleDb.address_ward  (id, name, district_id, created_at) values (5812, 'Xã Tùng Lộc', 321, NOW());
insert into ExampleDb.address_ward  (id, name, district_id, created_at) values (5813, 'Xã Phú Lộc', 321, NOW());
insert into ExampleDb.address_ward  (id, name, district_id, created_at) values (5814, 'Xã Gia Hanh', 321, NOW());
insert into ExampleDb.address_ward  (id, name, district_id, created_at) values (5815, 'Xã Khánh Vĩnh Yên', 321, NOW());
insert into ExampleDb.address_ward  (id, name, district_id, created_at) values (5816, 'Xã Trung Lộc', 321, NOW());
insert into ExampleDb.address_ward  (id, name, district_id, created_at) values (5817, 'Xã Xuân Lộc', 321, NOW());
insert into ExampleDb.address_ward  (id, name, district_id, created_at) values (5818, 'Xã Thượng Lộc', 321, NOW());
insert into ExampleDb.address_ward  (id, name, district_id, created_at) values (5819, 'Xã Quang Lộc', 321, NOW());
insert into ExampleDb.address_ward  (id, name, district_id, created_at) values (5820, 'Thị trấn Đồng Lộc', 321, NOW());
insert into ExampleDb.address_ward  (id, name, district_id, created_at) values (5821, 'Xã Mỹ Lộc', 321, NOW());
insert into ExampleDb.address_ward  (id, name, district_id, created_at) values (5822, 'Xã Sơn Lộc', 321, NOW());
insert into ExampleDb.address_district  (id, name, province_id, created_at) values (322, 'Huyện Hương Khê', 28, NOW());
insert into ExampleDb.address_ward  (id, name, district_id, created_at) values (5823, 'Thị trấn Hương Khê', 322, NOW());
insert into ExampleDb.address_ward  (id, name, district_id, created_at) values (5824, 'Xã Điền Mỹ', 322, NOW());
insert into ExampleDb.address_ward  (id, name, district_id, created_at) values (5825, 'Xã Hà Linh', 322, NOW());
insert into ExampleDb.address_ward  (id, name, district_id, created_at) values (5826, 'Xã Hương Thủy', 322, NOW());
insert into ExampleDb.address_ward  (id, name, district_id, created_at) values (5827, 'Xã Hòa Hải', 322, NOW());
insert into ExampleDb.address_ward  (id, name, district_id, created_at) values (5828, 'Xã Phúc Đồng', 322, NOW());
insert into ExampleDb.address_ward  (id, name, district_id, created_at) values (5829, 'Xã Hương Giang', 322, NOW());
insert into ExampleDb.address_ward  (id, name, district_id, created_at) values (5830, 'Xã Lộc Yên', 322, NOW());
insert into ExampleDb.address_ward  (id, name, district_id, created_at) values (5831, 'Xã Hương Bình', 322, NOW());
insert into ExampleDb.address_ward  (id, name, district_id, created_at) values (5832, 'Xã Hương Long', 322, NOW());
insert into ExampleDb.address_ward  (id, name, district_id, created_at) values (5833, 'Xã Phú Gia', 322, NOW());
insert into ExampleDb.address_ward  (id, name, district_id, created_at) values (5834, 'Xã Gia Phố', 322, NOW());
insert into ExampleDb.address_ward  (id, name, district_id, created_at) values (5835, 'Xã Phú Phong', 322, NOW());
insert into ExampleDb.address_ward  (id, name, district_id, created_at) values (5836, 'Xã Hương Đô', 322, NOW());
insert into ExampleDb.address_ward  (id, name, district_id, created_at) values (5837, 'Xã Hương Vĩnh', 322, NOW());
insert into ExampleDb.address_ward  (id, name, district_id, created_at) values (5838, 'Xã Hương Xuân', 322, NOW());
insert into ExampleDb.address_ward  (id, name, district_id, created_at) values (5839, 'Xã Phúc Trạch', 322, NOW());
insert into ExampleDb.address_ward  (id, name, district_id, created_at) values (5840, 'Xã Hương Trà', 322, NOW());
insert into ExampleDb.address_ward  (id, name, district_id, created_at) values (5841, 'Xã Hương Trạch', 322, NOW());
insert into ExampleDb.address_ward  (id, name, district_id, created_at) values (5842, 'Xã Hương Lâm', 322, NOW());
insert into ExampleDb.address_ward  (id, name, district_id, created_at) values (5843, 'Xã Hương Liên', 322, NOW());
insert into ExampleDb.address_district  (id, name, province_id, created_at) values (323, 'Huyện Thạch Hà', 28, NOW());
insert into ExampleDb.address_ward  (id, name, district_id, created_at) values (5844, 'Thị trấn Thạch Hà', 323, NOW());
insert into ExampleDb.address_ward  (id, name, district_id, created_at) values (5845, 'Xã Ngọc Sơn', 323, NOW());
insert into ExampleDb.address_ward  (id, name, district_id, created_at) values (5846, 'Xã Thạch Hải', 323, NOW());
insert into ExampleDb.address_ward  (id, name, district_id, created_at) values (5847, 'Xã Thạch Kênh', 323, NOW());
insert into ExampleDb.address_ward  (id, name, district_id, created_at) values (5848, 'Xã Thạch Sơn', 323, NOW());
insert into ExampleDb.address_ward  (id, name, district_id, created_at) values (5849, 'Xã Thạch Liên', 323, NOW());
insert into ExampleDb.address_ward  (id, name, district_id, created_at) values (5850, 'Xã Đỉnh Bàn', 323, NOW());
insert into ExampleDb.address_ward  (id, name, district_id, created_at) values (5851, 'Xã Việt Tiến', 323, NOW());
insert into ExampleDb.address_ward  (id, name, district_id, created_at) values (5852, 'Xã Thạch Khê', 323, NOW());
insert into ExampleDb.address_ward  (id, name, district_id, created_at) values (5853, 'Xã Thạch Long', 323, NOW());
insert into ExampleDb.address_ward  (id, name, district_id, created_at) values (5854, 'Xã Thạch Trị', 323, NOW());
insert into ExampleDb.address_ward  (id, name, district_id, created_at) values (5855, 'Xã Thạch Lạc', 323, NOW());
insert into ExampleDb.address_ward  (id, name, district_id, created_at) values (5856, 'Xã Thạch Ngọc', 323, NOW());
insert into ExampleDb.address_ward  (id, name, district_id, created_at) values (5857, 'Xã Tượng Sơn', 323, NOW());
insert into ExampleDb.address_ward  (id, name, district_id, created_at) values (5858, 'Xã Thạch Văn', 323, NOW());
insert into ExampleDb.address_ward  (id, name, district_id, created_at) values (5859, 'Xã Lưu Vĩnh Sơn', 323, NOW());
insert into ExampleDb.address_ward  (id, name, district_id, created_at) values (5860, 'Xã Thạch Thắng', 323, NOW());
insert into ExampleDb.address_ward  (id, name, district_id, created_at) values (5861, 'Xã Thạch Đài', 323, NOW());
insert into ExampleDb.address_ward  (id, name, district_id, created_at) values (5862, 'Xã Thạch Hội', 323, NOW());
insert into ExampleDb.address_ward  (id, name, district_id, created_at) values (5863, 'Xã Tân Lâm Hương', 323, NOW());
insert into ExampleDb.address_ward  (id, name, district_id, created_at) values (5864, 'Xã Thạch Xuân', 323, NOW());
insert into ExampleDb.address_ward  (id, name, district_id, created_at) values (5865, 'Xã Nam Điền', 323, NOW());
insert into ExampleDb.address_district  (id, name, province_id, created_at) values (324, 'Huyện Cẩm Xuyên', 28, NOW());
insert into ExampleDb.address_ward  (id, name, district_id, created_at) values (5866, 'Thị trấn Cẩm Xuyên', 324, NOW());
insert into ExampleDb.address_ward  (id, name, district_id, created_at) values (5867, 'Thị trấn Thiên Cầm', 324, NOW());
insert into ExampleDb.address_ward  (id, name, district_id, created_at) values (5868, 'Xã Yên Hòa', 324, NOW());
insert into ExampleDb.address_ward  (id, name, district_id, created_at) values (5869, 'Xã Cẩm Dương', 324, NOW());
insert into ExampleDb.address_ward  (id, name, district_id, created_at) values (5870, 'Xã Cẩm Bình', 324, NOW());
insert into ExampleDb.address_ward  (id, name, district_id, created_at) values (5871, 'Xã Cẩm Vĩnh', 324, NOW());
insert into ExampleDb.address_ward  (id, name, district_id, created_at) values (5872, 'Xã Cẩm Thành', 324, NOW());
insert into ExampleDb.address_ward  (id, name, district_id, created_at) values (5873, 'Xã Cẩm Quang', 324, NOW());
insert into ExampleDb.address_ward  (id, name, district_id, created_at) values (5874, 'Xã Cẩm Thạch', 324, NOW());
insert into ExampleDb.address_ward  (id, name, district_id, created_at) values (5875, 'Xã Cẩm Nhượng', 324, NOW());
insert into ExampleDb.address_ward  (id, name, district_id, created_at) values (5876, 'Xã Nam Phúc Thăng', 324, NOW());
insert into ExampleDb.address_ward  (id, name, district_id, created_at) values (5877, 'Xã Cẩm Duệ', 324, NOW());
insert into ExampleDb.address_ward  (id, name, district_id, created_at) values (5878, 'Xã Cẩm Lĩnh', 324, NOW());
insert into ExampleDb.address_ward  (id, name, district_id, created_at) values (5879, 'Xã Cẩm Quan', 324, NOW());
insert into ExampleDb.address_ward  (id, name, district_id, created_at) values (5880, 'Xã Cẩm Hà', 324, NOW());
insert into ExampleDb.address_ward  (id, name, district_id, created_at) values (5881, 'Xã Cẩm Lộc', 324, NOW());
insert into ExampleDb.address_ward  (id, name, district_id, created_at) values (5882, 'Xã Cẩm Hưng', 324, NOW());
insert into ExampleDb.address_ward  (id, name, district_id, created_at) values (5883, 'Xã Cẩm Thịnh', 324, NOW());
insert into ExampleDb.address_ward  (id, name, district_id, created_at) values (5884, 'Xã Cẩm Mỹ', 324, NOW());
insert into ExampleDb.address_ward  (id, name, district_id, created_at) values (5885, 'Xã Cẩm Trung', 324, NOW());
insert into ExampleDb.address_ward  (id, name, district_id, created_at) values (5886, 'Xã Cẩm Sơn', 324, NOW());
insert into ExampleDb.address_ward  (id, name, district_id, created_at) values (5887, 'Xã Cẩm Lạc', 324, NOW());
insert into ExampleDb.address_ward  (id, name, district_id, created_at) values (5888, 'Xã Cẩm Minh', 324, NOW());
insert into ExampleDb.address_district  (id, name, province_id, created_at) values (325, 'Huyện Kỳ Anh', 28, NOW());
insert into ExampleDb.address_ward  (id, name, district_id, created_at) values (5889, 'Xã Kỳ Xuân', 325, NOW());
insert into ExampleDb.address_ward  (id, name, district_id, created_at) values (5890, 'Xã Kỳ Bắc', 325, NOW());
insert into ExampleDb.address_ward  (id, name, district_id, created_at) values (5891, 'Xã Kỳ Phú', 325, NOW());
insert into ExampleDb.address_ward  (id, name, district_id, created_at) values (5892, 'Xã Kỳ Phong', 325, NOW());
insert into ExampleDb.address_ward  (id, name, district_id, created_at) values (5893, 'Xã Kỳ Tiến', 325, NOW());
insert into ExampleDb.address_ward  (id, name, district_id, created_at) values (5894, 'Xã Kỳ Giang', 325, NOW());
insert into ExampleDb.address_ward  (id, name, district_id, created_at) values (5895, 'Xã Kỳ Đồng', 325, NOW());
insert into ExampleDb.address_ward  (id, name, district_id, created_at) values (5896, 'Xã Kỳ Khang', 325, NOW());
insert into ExampleDb.address_ward  (id, name, district_id, created_at) values (5897, 'Xã Kỳ Văn', 325, NOW());
insert into ExampleDb.address_ward  (id, name, district_id, created_at) values (5898, 'Xã Kỳ Trung', 325, NOW());
insert into ExampleDb.address_ward  (id, name, district_id, created_at) values (5899, 'Xã Kỳ Thọ', 325, NOW());
insert into ExampleDb.address_ward  (id, name, district_id, created_at) values (5900, 'Xã Kỳ Tây', 325, NOW());
insert into ExampleDb.address_ward  (id, name, district_id, created_at) values (5901, 'Xã Kỳ Thượng', 325, NOW());
insert into ExampleDb.address_ward  (id, name, district_id, created_at) values (5902, 'Xã Kỳ Hải', 325, NOW());
insert into ExampleDb.address_ward  (id, name, district_id, created_at) values (5903, 'Xã Kỳ Thư', 325, NOW());
insert into ExampleDb.address_ward  (id, name, district_id, created_at) values (5904, 'Xã Kỳ Châu', 325, NOW());
insert into ExampleDb.address_ward  (id, name, district_id, created_at) values (5905, 'Xã Kỳ Tân', 325, NOW());
insert into ExampleDb.address_ward  (id, name, district_id, created_at) values (5906, 'Xã Lâm Hợp', 325, NOW());
insert into ExampleDb.address_ward  (id, name, district_id, created_at) values (5907, 'Xã Kỳ Sơn', 325, NOW());
insert into ExampleDb.address_ward  (id, name, district_id, created_at) values (5908, 'Xã Kỳ Lạc', 325, NOW());
insert into ExampleDb.address_district  (id, name, province_id, created_at) values (326, 'Huyện Lộc Hà', 28, NOW());
insert into ExampleDb.address_ward  (id, name, district_id, created_at) values (5909, 'Xã Tân Lộc', 326, NOW());
insert into ExampleDb.address_ward  (id, name, district_id, created_at) values (5910, 'Xã Hồng Lộc', 326, NOW());
insert into ExampleDb.address_ward  (id, name, district_id, created_at) values (5911, 'Xã Thịnh Lộc', 326, NOW());
insert into ExampleDb.address_ward  (id, name, district_id, created_at) values (5912, 'Xã Bình An', 326, NOW());
insert into ExampleDb.address_ward  (id, name, district_id, created_at) values (5913, 'Xã Ích Hậu', 326, NOW());
insert into ExampleDb.address_ward  (id, name, district_id, created_at) values (5914, 'Xã Phù Lưu', 326, NOW());
insert into ExampleDb.address_ward  (id, name, district_id, created_at) values (5915, 'Thị trấn Lộc Hà', 326, NOW());
insert into ExampleDb.address_ward  (id, name, district_id, created_at) values (5916, 'Xã Thạch Mỹ', 326, NOW());
insert into ExampleDb.address_ward  (id, name, district_id, created_at) values (5917, 'Xã Thạch Kim', 326, NOW());
insert into ExampleDb.address_ward  (id, name, district_id, created_at) values (5918, 'Xã Thạch Châu', 326, NOW());
insert into ExampleDb.address_ward  (id, name, district_id, created_at) values (5919, 'Xã Hộ Độ', 326, NOW());
insert into ExampleDb.address_ward  (id, name, district_id, created_at) values (5920, 'Xã Mai Phụ', 326, NOW());
insert into ExampleDb.address_district  (id, name, province_id, created_at) values (327, 'Thị xã Kỳ Anh', 28, NOW());
insert into ExampleDb.address_ward  (id, name, district_id, created_at) values (5921, 'Phường Hưng Trí', 327, NOW());
insert into ExampleDb.address_ward  (id, name, district_id, created_at) values (5922, 'Xã Kỳ Ninh', 327, NOW());
insert into ExampleDb.address_ward  (id, name, district_id, created_at) values (5923, 'Xã Kỳ Lợi', 327, NOW());
insert into ExampleDb.address_ward  (id, name, district_id, created_at) values (5924, 'Xã Kỳ Hà', 327, NOW());
insert into ExampleDb.address_ward  (id, name, district_id, created_at) values (5925, 'Phường Kỳ Trinh', 327, NOW());
insert into ExampleDb.address_ward  (id, name, district_id, created_at) values (5926, 'Phường Kỳ Thịnh', 327, NOW());
insert into ExampleDb.address_ward  (id, name, district_id, created_at) values (5927, 'Xã Kỳ Hoa', 327, NOW());
insert into ExampleDb.address_ward  (id, name, district_id, created_at) values (5928, 'Phường Kỳ Phương', 327, NOW());
insert into ExampleDb.address_ward  (id, name, district_id, created_at) values (5929, 'Phường Kỳ Long', 327, NOW());
insert into ExampleDb.address_ward  (id, name, district_id, created_at) values (5930, 'Phường Kỳ Liên', 327, NOW());
insert into ExampleDb.address_ward  (id, name, district_id, created_at) values (5931, 'Xã Kỳ Nam', 327, NOW());
insert into ExampleDb.address_province (id, name, created_at) values (29, 'Tỉnh Quảng Bình', NOW());
insert into ExampleDb.address_district  (id, name, province_id, created_at) values (328, 'Thành Phố Đồng Hới', 29, NOW());
insert into ExampleDb.address_ward  (id, name, district_id, created_at) values (5932, 'Phường Hải Thành', 328, NOW());
insert into ExampleDb.address_ward  (id, name, district_id, created_at) values (5933, 'Phường Đồng Phú', 328, NOW());
insert into ExampleDb.address_ward  (id, name, district_id, created_at) values (5934, 'Phường Bắc Lý', 328, NOW());
insert into ExampleDb.address_ward  (id, name, district_id, created_at) values (5935, 'Phường Nam Lý', 328, NOW());
insert into ExampleDb.address_ward  (id, name, district_id, created_at) values (5936, 'Phường Đồng Hải', 328, NOW());
insert into ExampleDb.address_ward  (id, name, district_id, created_at) values (5937, 'Phường Đồng Sơn', 328, NOW());
insert into ExampleDb.address_ward  (id, name, district_id, created_at) values (5938, 'Phường Phú Hải', 328, NOW());
insert into ExampleDb.address_ward  (id, name, district_id, created_at) values (5939, 'Phường Bắc Nghĩa', 328, NOW());
insert into ExampleDb.address_ward  (id, name, district_id, created_at) values (5940, 'Phường Đức Ninh Đông', 328, NOW());
insert into ExampleDb.address_ward  (id, name, district_id, created_at) values (5941, 'Xã Quang Phú', 328, NOW());
insert into ExampleDb.address_ward  (id, name, district_id, created_at) values (5942, 'Xã Lộc Ninh', 328, NOW());
insert into ExampleDb.address_ward  (id, name, district_id, created_at) values (5943, 'Xã Bảo Ninh', 328, NOW());
insert into ExampleDb.address_ward  (id, name, district_id, created_at) values (5944, 'Xã Nghĩa Ninh', 328, NOW());
insert into ExampleDb.address_ward  (id, name, district_id, created_at) values (5945, 'Xã Thuận Đức', 328, NOW());
insert into ExampleDb.address_ward  (id, name, district_id, created_at) values (5946, 'Xã Đức Ninh', 328, NOW());
insert into ExampleDb.address_district  (id, name, province_id, created_at) values (329, 'Huyện Minh Hóa', 29, NOW());
insert into ExampleDb.address_ward  (id, name, district_id, created_at) values (5947, 'Thị trấn Quy Đạt', 329, NOW());
insert into ExampleDb.address_ward  (id, name, district_id, created_at) values (5948, 'Xã Dân Hóa', 329, NOW());
insert into ExampleDb.address_ward  (id, name, district_id, created_at) values (5949, 'Xã Trọng Hóa', 329, NOW());
insert into ExampleDb.address_ward  (id, name, district_id, created_at) values (5950, 'Xã Hóa Phúc', 329, NOW());
insert into ExampleDb.address_ward  (id, name, district_id, created_at) values (5951, 'Xã Hồng Hóa', 329, NOW());
insert into ExampleDb.address_ward  (id, name, district_id, created_at) values (5952, 'Xã Hóa Thanh', 329, NOW());
insert into ExampleDb.address_ward  (id, name, district_id, created_at) values (5953, 'Xã Hóa Tiến', 329, NOW());
insert into ExampleDb.address_ward  (id, name, district_id, created_at) values (5954, 'Xã Hóa Hợp', 329, NOW());
insert into ExampleDb.address_ward  (id, name, district_id, created_at) values (5955, 'Xã Xuân Hóa', 329, NOW());
insert into ExampleDb.address_ward  (id, name, district_id, created_at) values (5956, 'Xã Yên Hóa', 329, NOW());
insert into ExampleDb.address_ward  (id, name, district_id, created_at) values (5957, 'Xã Minh Hóa', 329, NOW());
insert into ExampleDb.address_ward  (id, name, district_id, created_at) values (5958, 'Xã Tân Hóa', 329, NOW());
insert into ExampleDb.address_ward  (id, name, district_id, created_at) values (5959, 'Xã Hóa Sơn', 329, NOW());
insert into ExampleDb.address_ward  (id, name, district_id, created_at) values (5960, 'Xã Trung Hóa', 329, NOW());
insert into ExampleDb.address_ward  (id, name, district_id, created_at) values (5961, 'Xã Thượng Hóa', 329, NOW());
insert into ExampleDb.address_district  (id, name, province_id, created_at) values (330, 'Huyện Tuyên Hóa', 29, NOW());
insert into ExampleDb.address_ward  (id, name, district_id, created_at) values (5962, 'Thị trấn Đồng Lê', 330, NOW());
insert into ExampleDb.address_ward  (id, name, district_id, created_at) values (5963, 'Xã Hương Hóa', 330, NOW());
insert into ExampleDb.address_ward  (id, name, district_id, created_at) values (5964, 'Xã Kim Hóa', 330, NOW());
insert into ExampleDb.address_ward  (id, name, district_id, created_at) values (5965, 'Xã Thanh Hóa', 330, NOW());
insert into ExampleDb.address_ward  (id, name, district_id, created_at) values (5966, 'Xã Thanh Thạch', 330, NOW());
insert into ExampleDb.address_ward  (id, name, district_id, created_at) values (5967, 'Xã Thuận Hóa', 330, NOW());
insert into ExampleDb.address_ward  (id, name, district_id, created_at) values (5968, 'Xã Lâm Hóa', 330, NOW());
insert into ExampleDb.address_ward  (id, name, district_id, created_at) values (5969, 'Xã Lê Hóa', 330, NOW());
insert into ExampleDb.address_ward  (id, name, district_id, created_at) values (5970, 'Xã Sơn Hóa', 330, NOW());
insert into ExampleDb.address_ward  (id, name, district_id, created_at) values (5971, 'Xã Đồng Hóa', 330, NOW());
insert into ExampleDb.address_ward  (id, name, district_id, created_at) values (5972, 'Xã Ngư Hóa', 330, NOW());
insert into ExampleDb.address_ward  (id, name, district_id, created_at) values (5973, 'Xã Thạch Hóa', 330, NOW());
insert into ExampleDb.address_ward  (id, name, district_id, created_at) values (5974, 'Xã Đức Hóa', 330, NOW());
insert into ExampleDb.address_ward  (id, name, district_id, created_at) values (5975, 'Xã Phong Hóa', 330, NOW());
insert into ExampleDb.address_ward  (id, name, district_id, created_at) values (5976, 'Xã Mai Hóa', 330, NOW());
insert into ExampleDb.address_ward  (id, name, district_id, created_at) values (5977, 'Xã Tiến Hóa', 330, NOW());
insert into ExampleDb.address_ward  (id, name, district_id, created_at) values (5978, 'Xã Châu Hóa', 330, NOW());
insert into ExampleDb.address_ward  (id, name, district_id, created_at) values (5979, 'Xã Cao Quảng', 330, NOW());
insert into ExampleDb.address_ward  (id, name, district_id, created_at) values (5980, 'Xã Văn Hóa', 330, NOW());
insert into ExampleDb.address_district  (id, name, province_id, created_at) values (331, 'Huyện Quảng Trạch', 29, NOW());
insert into ExampleDb.address_ward  (id, name, district_id, created_at) values (5981, 'Xã Quảng Hợp', 331, NOW());
insert into ExampleDb.address_ward  (id, name, district_id, created_at) values (5982, 'Xã Quảng Kim', 331, NOW());
insert into ExampleDb.address_ward  (id, name, district_id, created_at) values (5983, 'Xã Quảng Đông', 331, NOW());
insert into ExampleDb.address_ward  (id, name, district_id, created_at) values (5984, 'Xã Quảng Phú', 331, NOW());
insert into ExampleDb.address_ward  (id, name, district_id, created_at) values (5985, 'Xã Quảng Châu', 331, NOW());
insert into ExampleDb.address_ward  (id, name, district_id, created_at) values (5986, 'Xã Quảng Thạch', 331, NOW());
insert into ExampleDb.address_ward  (id, name, district_id, created_at) values (5987, 'Xã Quảng Lưu', 331, NOW());
insert into ExampleDb.address_ward  (id, name, district_id, created_at) values (5988, 'Xã Quảng Tùng', 331, NOW());
insert into ExampleDb.address_ward  (id, name, district_id, created_at) values (5989, 'Xã Cảnh Dương', 331, NOW());
insert into ExampleDb.address_ward  (id, name, district_id, created_at) values (5990, 'Xã Quảng Tiến', 331, NOW());
insert into ExampleDb.address_ward  (id, name, district_id, created_at) values (5991, 'Xã Quảng Hưng', 331, NOW());
insert into ExampleDb.address_ward  (id, name, district_id, created_at) values (5992, 'Xã Quảng Xuân', 331, NOW());
insert into ExampleDb.address_ward  (id, name, district_id, created_at) values (5993, 'Xã Cảnh Hóa', 331, NOW());
insert into ExampleDb.address_ward  (id, name, district_id, created_at) values (5994, 'Xã Liên Trường', 331, NOW());
insert into ExampleDb.address_ward  (id, name, district_id, created_at) values (5995, 'Xã Quảng Phương', 331, NOW());
insert into ExampleDb.address_ward  (id, name, district_id, created_at) values (5996, 'Xã Phù Hóa', 331, NOW());
insert into ExampleDb.address_ward  (id, name, district_id, created_at) values (5997, 'Xã Quảng Thanh', 331, NOW());
insert into ExampleDb.address_district  (id, name, province_id, created_at) values (332, 'Huyện Bố Trạch', 29, NOW());
insert into ExampleDb.address_ward  (id, name, district_id, created_at) values (5998, 'Thị trấn Hoàn Lão', 332, NOW());
insert into ExampleDb.address_ward  (id, name, district_id, created_at) values (5999, 'Thị trấn NT Việt Trung', 332, NOW());
insert into ExampleDb.address_ward  (id, name, district_id, created_at) values (6000, 'Xã Xuân Trạch', 332, NOW());
insert into ExampleDb.address_ward  (id, name, district_id, created_at) values (6001, 'Xã Mỹ Trạch', 332, NOW());
insert into ExampleDb.address_ward  (id, name, district_id, created_at) values (6002, 'Xã Hạ Trạch', 332, NOW());
insert into ExampleDb.address_ward  (id, name, district_id, created_at) values (6003, 'Xã Bắc Trạch', 332, NOW());
insert into ExampleDb.address_ward  (id, name, district_id, created_at) values (6004, 'Xã Lâm Trạch', 332, NOW());
insert into ExampleDb.address_ward  (id, name, district_id, created_at) values (6005, 'Xã Thanh Trạch', 332, NOW());
insert into ExampleDb.address_ward  (id, name, district_id, created_at) values (6006, 'Xã Liên Trạch', 332, NOW());
insert into ExampleDb.address_ward  (id, name, district_id, created_at) values (6007, 'Xã Phúc Trạch', 332, NOW());
insert into ExampleDb.address_ward  (id, name, district_id, created_at) values (6008, 'Xã Cự Nẫm', 332, NOW());
insert into ExampleDb.address_ward  (id, name, district_id, created_at) values (6009, 'Xã Hải Phú', 332, NOW());
insert into ExampleDb.address_ward  (id, name, district_id, created_at) values (6010, 'Xã Thượng Trạch', 332, NOW());
insert into ExampleDb.address_ward  (id, name, district_id, created_at) values (6011, 'Xã Sơn Lộc', 332, NOW());
insert into ExampleDb.address_ward  (id, name, district_id, created_at) values (6012, 'Xã Hưng Trạch', 332, NOW());
insert into ExampleDb.address_ward  (id, name, district_id, created_at) values (6013, 'Xã Đồng Trạch', 332, NOW());
insert into ExampleDb.address_ward  (id, name, district_id, created_at) values (6014, 'Xã Đức Trạch', 332, NOW());
insert into ExampleDb.address_ward  (id, name, district_id, created_at) values (6015, 'Thị trấn Phong Nha', 332, NOW());
insert into ExampleDb.address_ward  (id, name, district_id, created_at) values (6016, 'Xã Vạn Trạch', 332, NOW());
insert into ExampleDb.address_ward  (id, name, district_id, created_at) values (6017, 'Xã Phú Định', 332, NOW());
insert into ExampleDb.address_ward  (id, name, district_id, created_at) values (6018, 'Xã Trung Trạch', 332, NOW());
insert into ExampleDb.address_ward  (id, name, district_id, created_at) values (6019, 'Xã Tây Trạch', 332, NOW());
insert into ExampleDb.address_ward  (id, name, district_id, created_at) values (6020, 'Xã Hòa Trạch', 332, NOW());
insert into ExampleDb.address_ward  (id, name, district_id, created_at) values (6021, 'Xã Đại Trạch', 332, NOW());
insert into ExampleDb.address_ward  (id, name, district_id, created_at) values (6022, 'Xã Nhân Trạch', 332, NOW());
insert into ExampleDb.address_ward  (id, name, district_id, created_at) values (6023, 'Xã Tân Trạch', 332, NOW());
insert into ExampleDb.address_ward  (id, name, district_id, created_at) values (6024, 'Xã Nam Trạch', 332, NOW());
insert into ExampleDb.address_ward  (id, name, district_id, created_at) values (6025, 'Xã Lý Trạch', 332, NOW());
insert into ExampleDb.address_district  (id, name, province_id, created_at) values (333, 'Huyện Quảng Ninh', 29, NOW());
insert into ExampleDb.address_ward  (id, name, district_id, created_at) values (6026, 'Thị trấn Quán Hàu', 333, NOW());
insert into ExampleDb.address_ward  (id, name, district_id, created_at) values (6027, 'Xã Trường Sơn', 333, NOW());
insert into ExampleDb.address_ward  (id, name, district_id, created_at) values (6028, 'Xã Lương Ninh', 333, NOW());
insert into ExampleDb.address_ward  (id, name, district_id, created_at) values (6029, 'Xã Vĩnh Ninh', 333, NOW());
insert into ExampleDb.address_ward  (id, name, district_id, created_at) values (6030, 'Xã Võ Ninh', 333, NOW());
insert into ExampleDb.address_ward  (id, name, district_id, created_at) values (6031, 'Xã Hải Ninh', 333, NOW());
insert into ExampleDb.address_ward  (id, name, district_id, created_at) values (6032, 'Xã Hàm Ninh', 333, NOW());
insert into ExampleDb.address_ward  (id, name, district_id, created_at) values (6033, 'Xã Duy Ninh', 333, NOW());
insert into ExampleDb.address_ward  (id, name, district_id, created_at) values (6034, 'Xã Gia Ninh', 333, NOW());
insert into ExampleDb.address_ward  (id, name, district_id, created_at) values (6035, 'Xã Trường Xuân', 333, NOW());
insert into ExampleDb.address_ward  (id, name, district_id, created_at) values (6036, 'Xã Hiền Ninh', 333, NOW());
insert into ExampleDb.address_ward  (id, name, district_id, created_at) values (6037, 'Xã Tân Ninh', 333, NOW());
insert into ExampleDb.address_ward  (id, name, district_id, created_at) values (6038, 'Xã Xuân Ninh', 333, NOW());
insert into ExampleDb.address_ward  (id, name, district_id, created_at) values (6039, 'Xã An Ninh', 333, NOW());
insert into ExampleDb.address_ward  (id, name, district_id, created_at) values (6040, 'Xã Vạn Ninh', 333, NOW());
insert into ExampleDb.address_district  (id, name, province_id, created_at) values (334, 'Huyện Lệ Thủy', 29, NOW());
insert into ExampleDb.address_ward  (id, name, district_id, created_at) values (6041, 'Thị trấn NT Lệ Ninh', 334, NOW());
insert into ExampleDb.address_ward  (id, name, district_id, created_at) values (6042, 'Thị trấn Kiến Giang', 334, NOW());
insert into ExampleDb.address_ward  (id, name, district_id, created_at) values (6043, 'Xã Hồng Thủy', 334, NOW());
insert into ExampleDb.address_ward  (id, name, district_id, created_at) values (6044, 'Xã Ngư Thủy Bắc', 334, NOW());
insert into ExampleDb.address_ward  (id, name, district_id, created_at) values (6045, 'Xã Hoa Thủy', 334, NOW());
insert into ExampleDb.address_ward  (id, name, district_id, created_at) values (6046, 'Xã Thanh Thủy', 334, NOW());
insert into ExampleDb.address_ward  (id, name, district_id, created_at) values (6047, 'Xã An Thủy', 334, NOW());
insert into ExampleDb.address_ward  (id, name, district_id, created_at) values (6048, 'Xã Phong Thủy', 334, NOW());
insert into ExampleDb.address_ward  (id, name, district_id, created_at) values (6049, 'Xã Cam Thủy', 334, NOW());
insert into ExampleDb.address_ward  (id, name, district_id, created_at) values (6050, 'Xã Ngân Thủy', 334, NOW());
insert into ExampleDb.address_ward  (id, name, district_id, created_at) values (6051, 'Xã Sơn Thủy', 334, NOW());
insert into ExampleDb.address_ward  (id, name, district_id, created_at) values (6052, 'Xã Lộc Thủy', 334, NOW());
insert into ExampleDb.address_ward  (id, name, district_id, created_at) values (6053, 'Xã Liên Thủy', 334, NOW());
insert into ExampleDb.address_ward  (id, name, district_id, created_at) values (6054, 'Xã Hưng Thủy', 334, NOW());
insert into ExampleDb.address_ward  (id, name, district_id, created_at) values (6055, 'Xã Dương Thủy', 334, NOW());
insert into ExampleDb.address_ward  (id, name, district_id, created_at) values (6056, 'Xã Tân Thủy', 334, NOW());
insert into ExampleDb.address_ward  (id, name, district_id, created_at) values (6057, 'Xã Phú Thủy', 334, NOW());
insert into ExampleDb.address_ward  (id, name, district_id, created_at) values (6058, 'Xã Xuân Thủy', 334, NOW());
insert into ExampleDb.address_ward  (id, name, district_id, created_at) values (6059, 'Xã Mỹ Thủy', 334, NOW());
insert into ExampleDb.address_ward  (id, name, district_id, created_at) values (6060, 'Xã Ngư Thủy ', 334, NOW());
insert into ExampleDb.address_ward  (id, name, district_id, created_at) values (6061, 'Xã Mai Thủy', 334, NOW());
insert into ExampleDb.address_ward  (id, name, district_id, created_at) values (6062, 'Xã Sen Thủy', 334, NOW());
insert into ExampleDb.address_ward  (id, name, district_id, created_at) values (6063, 'Xã Thái Thủy', 334, NOW());
insert into ExampleDb.address_ward  (id, name, district_id, created_at) values (6064, 'Xã Kim Thủy', 334, NOW());
insert into ExampleDb.address_ward  (id, name, district_id, created_at) values (6065, 'Xã Trường Thủy', 334, NOW());
insert into ExampleDb.address_ward  (id, name, district_id, created_at) values (6066, 'Xã Lâm Thủy', 334, NOW());
insert into ExampleDb.address_district  (id, name, province_id, created_at) values (335, 'Thị xã Ba Đồn', 29, NOW());
insert into ExampleDb.address_ward  (id, name, district_id, created_at) values (6067, 'Phường Ba Đồn', 335, NOW());
insert into ExampleDb.address_ward  (id, name, district_id, created_at) values (6068, 'Phường Quảng Long', 335, NOW());
insert into ExampleDb.address_ward  (id, name, district_id, created_at) values (6069, 'Phường Quảng Thọ', 335, NOW());
insert into ExampleDb.address_ward  (id, name, district_id, created_at) values (6070, 'Xã Quảng Tiên', 335, NOW());
insert into ExampleDb.address_ward  (id, name, district_id, created_at) values (6071, 'Xã Quảng Trung', 335, NOW());
insert into ExampleDb.address_ward  (id, name, district_id, created_at) values (6072, 'Phường Quảng Phong', 335, NOW());
insert into ExampleDb.address_ward  (id, name, district_id, created_at) values (6073, 'Phường Quảng Thuận', 335, NOW());
insert into ExampleDb.address_ward  (id, name, district_id, created_at) values (6074, 'Xã Quảng Tân', 335, NOW());
insert into ExampleDb.address_ward  (id, name, district_id, created_at) values (6075, 'Xã Quảng Hải', 335, NOW());
insert into ExampleDb.address_ward  (id, name, district_id, created_at) values (6076, 'Xã Quảng Sơn', 335, NOW());
insert into ExampleDb.address_ward  (id, name, district_id, created_at) values (6077, 'Xã Quảng Lộc', 335, NOW());
insert into ExampleDb.address_ward  (id, name, district_id, created_at) values (6078, 'Xã Quảng Thủy', 335, NOW());
insert into ExampleDb.address_ward  (id, name, district_id, created_at) values (6079, 'Xã Quảng Văn', 335, NOW());
insert into ExampleDb.address_ward  (id, name, district_id, created_at) values (6080, 'Phường Quảng Phúc', 335, NOW());
insert into ExampleDb.address_ward  (id, name, district_id, created_at) values (6081, 'Xã Quảng Hòa', 335, NOW());
insert into ExampleDb.address_ward  (id, name, district_id, created_at) values (6082, 'Xã Quảng Minh', 335, NOW());
insert into ExampleDb.address_province (id, name, created_at) values (30, 'Tỉnh Quảng Trị', NOW());
insert into ExampleDb.address_district  (id, name, province_id, created_at) values (336, 'Thành phố Đông Hà', 30, NOW());
insert into ExampleDb.address_ward  (id, name, district_id, created_at) values (6083, 'Phường Đông Giang', 336, NOW());
insert into ExampleDb.address_ward  (id, name, district_id, created_at) values (6084, 'Phường 1', 336, NOW());
insert into ExampleDb.address_ward  (id, name, district_id, created_at) values (6085, 'Phường Đông Lễ', 336, NOW());
insert into ExampleDb.address_ward  (id, name, district_id, created_at) values (6086, 'Phường Đông Thanh', 336, NOW());
insert into ExampleDb.address_ward  (id, name, district_id, created_at) values (6087, 'Phường 2', 336, NOW());
insert into ExampleDb.address_ward  (id, name, district_id, created_at) values (6088, 'Phường 4', 336, NOW());
insert into ExampleDb.address_ward  (id, name, district_id, created_at) values (6089, 'Phường 5', 336, NOW());
insert into ExampleDb.address_ward  (id, name, district_id, created_at) values (6090, 'Phường Đông Lương', 336, NOW());
insert into ExampleDb.address_ward  (id, name, district_id, created_at) values (6091, 'Phường 3', 336, NOW());
insert into ExampleDb.address_district  (id, name, province_id, created_at) values (337, 'Thị xã Quảng Trị', 30, NOW());
insert into ExampleDb.address_ward  (id, name, district_id, created_at) values (6092, 'Phường 1', 337, NOW());
insert into ExampleDb.address_ward  (id, name, district_id, created_at) values (6093, 'Phường An Đôn', 337, NOW());
insert into ExampleDb.address_ward  (id, name, district_id, created_at) values (6094, 'Phường 2', 337, NOW());
insert into ExampleDb.address_ward  (id, name, district_id, created_at) values (6095, 'Phường 3', 337, NOW());
insert into ExampleDb.address_ward  (id, name, district_id, created_at) values (6096, 'Xã Hải Lệ', 337, NOW());
insert into ExampleDb.address_district  (id, name, province_id, created_at) values (338, 'Huyện Vĩnh Linh', 30, NOW());
insert into ExampleDb.address_ward  (id, name, district_id, created_at) values (6097, 'Thị trấn Hồ Xá', 338, NOW());
insert into ExampleDb.address_ward  (id, name, district_id, created_at) values (6098, 'Thị trấn Bến Quan', 338, NOW());
insert into ExampleDb.address_ward  (id, name, district_id, created_at) values (6099, 'Xã Vĩnh Thái', 338, NOW());
insert into ExampleDb.address_ward  (id, name, district_id, created_at) values (6100, 'Xã Vĩnh Tú', 338, NOW());
insert into ExampleDb.address_ward  (id, name, district_id, created_at) values (6101, 'Xã Vĩnh Chấp', 338, NOW());
insert into ExampleDb.address_ward  (id, name, district_id, created_at) values (6102, 'Xã Trung Nam', 338, NOW());
insert into ExampleDb.address_ward  (id, name, district_id, created_at) values (6103, 'Xã Kim Thạch', 338, NOW());
insert into ExampleDb.address_ward  (id, name, district_id, created_at) values (6104, 'Xã Vĩnh Long', 338, NOW());
insert into ExampleDb.address_ward  (id, name, district_id, created_at) values (6105, 'Xã Vĩnh Khê', 338, NOW());
insert into ExampleDb.address_ward  (id, name, district_id, created_at) values (6106, 'Xã Vĩnh Hòa', 338, NOW());
insert into ExampleDb.address_ward  (id, name, district_id, created_at) values (6107, 'Xã Vĩnh Thủy', 338, NOW());
insert into ExampleDb.address_ward  (id, name, district_id, created_at) values (6108, 'Xã Vĩnh Lâm', 338, NOW());
insert into ExampleDb.address_ward  (id, name, district_id, created_at) values (6109, 'Xã Hiền Thành', 338, NOW());
insert into ExampleDb.address_ward  (id, name, district_id, created_at) values (6110, 'Thị trấn Cửa Tùng', 338, NOW());
insert into ExampleDb.address_ward  (id, name, district_id, created_at) values (6111, 'Xã Vĩnh Hà', 338, NOW());
insert into ExampleDb.address_ward  (id, name, district_id, created_at) values (6112, 'Xã Vĩnh Sơn', 338, NOW());
insert into ExampleDb.address_ward  (id, name, district_id, created_at) values (6113, 'Xã Vĩnh Giang', 338, NOW());
insert into ExampleDb.address_ward  (id, name, district_id, created_at) values (6114, 'Xã Vĩnh Ô', 338, NOW());
insert into ExampleDb.address_district  (id, name, province_id, created_at) values (339, 'Huyện Hướng Hóa', 30, NOW());
insert into ExampleDb.address_ward  (id, name, district_id, created_at) values (6115, 'Thị trấn Khe Sanh', 339, NOW());
insert into ExampleDb.address_ward  (id, name, district_id, created_at) values (6116, 'Thị trấn Lao Bảo', 339, NOW());
insert into ExampleDb.address_ward  (id, name, district_id, created_at) values (6117, 'Xã Hướng Lập', 339, NOW());
insert into ExampleDb.address_ward  (id, name, district_id, created_at) values (6118, 'Xã Hướng Việt', 339, NOW());
insert into ExampleDb.address_ward  (id, name, district_id, created_at) values (6119, 'Xã Hướng Phùng', 339, NOW());
insert into ExampleDb.address_ward  (id, name, district_id, created_at) values (6120, 'Xã Hướng Sơn', 339, NOW());
insert into ExampleDb.address_ward  (id, name, district_id, created_at) values (6121, 'Xã Hướng Linh', 339, NOW());
insert into ExampleDb.address_ward  (id, name, district_id, created_at) values (6122, 'Xã Tân Hợp', 339, NOW());
insert into ExampleDb.address_ward  (id, name, district_id, created_at) values (6123, 'Xã Hướng Tân', 339, NOW());
insert into ExampleDb.address_ward  (id, name, district_id, created_at) values (6124, 'Xã Tân Thành', 339, NOW());
insert into ExampleDb.address_ward  (id, name, district_id, created_at) values (6125, 'Xã Tân Long', 339, NOW());
insert into ExampleDb.address_ward  (id, name, district_id, created_at) values (6126, 'Xã Tân Lập', 339, NOW());
insert into ExampleDb.address_ward  (id, name, district_id, created_at) values (6127, 'Xã Tân Liên', 339, NOW());
insert into ExampleDb.address_ward  (id, name, district_id, created_at) values (6128, 'Xã Húc', 339, NOW());
insert into ExampleDb.address_ward  (id, name, district_id, created_at) values (6129, 'Xã Thuận', 339, NOW());
insert into ExampleDb.address_ward  (id, name, district_id, created_at) values (6130, 'Xã Hướng Lộc', 339, NOW());
insert into ExampleDb.address_ward  (id, name, district_id, created_at) values (6131, 'Xã Ba Tầng', 339, NOW());
insert into ExampleDb.address_ward  (id, name, district_id, created_at) values (6132, 'Xã Thanh', 339, NOW());
insert into ExampleDb.address_ward  (id, name, district_id, created_at) values (6133, 'Xã  A Dơi', 339, NOW());
insert into ExampleDb.address_ward  (id, name, district_id, created_at) values (6134, 'Xã Lìa', 339, NOW());
insert into ExampleDb.address_ward  (id, name, district_id, created_at) values (6135, 'Xã Xy', 339, NOW());
insert into ExampleDb.address_district  (id, name, province_id, created_at) values (340, 'Huyện Gio Linh', 30, NOW());
insert into ExampleDb.address_ward  (id, name, district_id, created_at) values (6136, 'Thị trấn Gio Linh', 340, NOW());
insert into ExampleDb.address_ward  (id, name, district_id, created_at) values (6137, 'Thị trấn Cửa Việt', 340, NOW());
insert into ExampleDb.address_ward  (id, name, district_id, created_at) values (6138, 'Xã Trung Giang', 340, NOW());
insert into ExampleDb.address_ward  (id, name, district_id, created_at) values (6139, 'Xã Trung Hải', 340, NOW());
insert into ExampleDb.address_ward  (id, name, district_id, created_at) values (6140, 'Xã Trung Sơn', 340, NOW());
insert into ExampleDb.address_ward  (id, name, district_id, created_at) values (6141, 'Xã Phong Bình', 340, NOW());
insert into ExampleDb.address_ward  (id, name, district_id, created_at) values (6142, 'Xã Gio Mỹ', 340, NOW());
insert into ExampleDb.address_ward  (id, name, district_id, created_at) values (6143, 'Xã Gio Hải', 340, NOW());
insert into ExampleDb.address_ward  (id, name, district_id, created_at) values (6144, 'Xã Gio An', 340, NOW());
insert into ExampleDb.address_ward  (id, name, district_id, created_at) values (6145, 'Xã Gio Châu', 340, NOW());
insert into ExampleDb.address_ward  (id, name, district_id, created_at) values (6146, 'Xã Gio Việt', 340, NOW());
insert into ExampleDb.address_ward  (id, name, district_id, created_at) values (6147, 'Xã Linh Trường', 340, NOW());
insert into ExampleDb.address_ward  (id, name, district_id, created_at) values (6148, 'Xã Gio Sơn', 340, NOW());
insert into ExampleDb.address_ward  (id, name, district_id, created_at) values (6149, 'Xã Gio Mai', 340, NOW());
insert into ExampleDb.address_ward  (id, name, district_id, created_at) values (6150, 'Xã Hải Thái', 340, NOW());
insert into ExampleDb.address_ward  (id, name, district_id, created_at) values (6151, 'Xã Linh Hải', 340, NOW());
insert into ExampleDb.address_ward  (id, name, district_id, created_at) values (6152, 'Xã Gio Quang', 340, NOW());
insert into ExampleDb.address_district  (id, name, province_id, created_at) values (341, 'Huyện Đa Krông', 30, NOW());
insert into ExampleDb.address_ward  (id, name, district_id, created_at) values (6153, 'Thị trấn Krông Klang', 341, NOW());
insert into ExampleDb.address_ward  (id, name, district_id, created_at) values (6154, 'Xã Mò Ó', 341, NOW());
insert into ExampleDb.address_ward  (id, name, district_id, created_at) values (6155, 'Xã Hướng Hiệp', 341, NOW());
insert into ExampleDb.address_ward  (id, name, district_id, created_at) values (6156, 'Xã Đa Krông', 341, NOW());
insert into ExampleDb.address_ward  (id, name, district_id, created_at) values (6157, 'Xã Triệu Nguyên', 341, NOW());
insert into ExampleDb.address_ward  (id, name, district_id, created_at) values (6158, 'Xã Ba Lòng', 341, NOW());
insert into ExampleDb.address_ward  (id, name, district_id, created_at) values (6159, 'Xã Ba Nang', 341, NOW());
insert into ExampleDb.address_ward  (id, name, district_id, created_at) values (6160, 'Xã Tà Long', 341, NOW());
insert into ExampleDb.address_ward  (id, name, district_id, created_at) values (6161, 'Xã Húc Nghì', 341, NOW());
insert into ExampleDb.address_ward  (id, name, district_id, created_at) values (6162, 'Xã A Vao', 341, NOW());
insert into ExampleDb.address_ward  (id, name, district_id, created_at) values (6163, 'Xã Tà Rụt', 341, NOW());
insert into ExampleDb.address_ward  (id, name, district_id, created_at) values (6164, 'Xã A Bung', 341, NOW());
insert into ExampleDb.address_ward  (id, name, district_id, created_at) values (6165, 'Xã A Ngo', 341, NOW());
insert into ExampleDb.address_district  (id, name, province_id, created_at) values (342, 'Huyện Cam Lộ', 30, NOW());
insert into ExampleDb.address_ward  (id, name, district_id, created_at) values (6166, 'Thị trấn Cam Lộ', 342, NOW());
insert into ExampleDb.address_ward  (id, name, district_id, created_at) values (6167, 'Xã Cam Tuyền', 342, NOW());
insert into ExampleDb.address_ward  (id, name, district_id, created_at) values (6168, 'Xã Thanh An', 342, NOW());
insert into ExampleDb.address_ward  (id, name, district_id, created_at) values (6169, 'Xã Cam Thủy', 342, NOW());
insert into ExampleDb.address_ward  (id, name, district_id, created_at) values (6170, 'Xã Cam Thành', 342, NOW());
insert into ExampleDb.address_ward  (id, name, district_id, created_at) values (6171, 'Xã Cam Hiếu', 342, NOW());
insert into ExampleDb.address_ward  (id, name, district_id, created_at) values (6172, 'Xã Cam Chính', 342, NOW());
insert into ExampleDb.address_ward  (id, name, district_id, created_at) values (6173, 'Xã Cam Nghĩa', 342, NOW());
insert into ExampleDb.address_district  (id, name, province_id, created_at) values (343, 'Huyện Triệu Phong', 30, NOW());
insert into ExampleDb.address_ward  (id, name, district_id, created_at) values (6174, 'Thị Trấn Ái Tử', 343, NOW());
insert into ExampleDb.address_ward  (id, name, district_id, created_at) values (6175, 'Xã Triệu An', 343, NOW());
insert into ExampleDb.address_ward  (id, name, district_id, created_at) values (6176, 'Xã Triệu Vân', 343, NOW());
insert into ExampleDb.address_ward  (id, name, district_id, created_at) values (6177, 'Xã Triệu Phước', 343, NOW());
insert into ExampleDb.address_ward  (id, name, district_id, created_at) values (6178, 'Xã Triệu Độ', 343, NOW());
insert into ExampleDb.address_ward  (id, name, district_id, created_at) values (6179, 'Xã Triệu Trạch', 343, NOW());
insert into ExampleDb.address_ward  (id, name, district_id, created_at) values (6180, 'Xã Triệu Thuận', 343, NOW());
insert into ExampleDb.address_ward  (id, name, district_id, created_at) values (6181, 'Xã Triệu Đại', 343, NOW());
insert into ExampleDb.address_ward  (id, name, district_id, created_at) values (6182, 'Xã Triệu Hòa', 343, NOW());
insert into ExampleDb.address_ward  (id, name, district_id, created_at) values (6183, 'Xã Triệu Lăng', 343, NOW());
insert into ExampleDb.address_ward  (id, name, district_id, created_at) values (6184, 'Xã Triệu Sơn', 343, NOW());
insert into ExampleDb.address_ward  (id, name, district_id, created_at) values (6185, 'Xã Triệu Long', 343, NOW());
insert into ExampleDb.address_ward  (id, name, district_id, created_at) values (6186, 'Xã Triệu Tài', 343, NOW());
insert into ExampleDb.address_ward  (id, name, district_id, created_at) values (6187, 'Xã Triệu Trung', 343, NOW());
insert into ExampleDb.address_ward  (id, name, district_id, created_at) values (6188, 'Xã Triệu Ái', 343, NOW());
insert into ExampleDb.address_ward  (id, name, district_id, created_at) values (6189, 'Xã Triệu Thượng', 343, NOW());
insert into ExampleDb.address_ward  (id, name, district_id, created_at) values (6190, 'Xã Triệu Giang', 343, NOW());
insert into ExampleDb.address_ward  (id, name, district_id, created_at) values (6191, 'Xã Triệu Thành', 343, NOW());
insert into ExampleDb.address_district  (id, name, province_id, created_at) values (344, 'Huyện Hải Lăng', 30, NOW());
insert into ExampleDb.address_ward  (id, name, district_id, created_at) values (6192, 'Thị trấn Diên Sanh', 344, NOW());
insert into ExampleDb.address_ward  (id, name, district_id, created_at) values (6193, 'Xã Hải An', 344, NOW());
insert into ExampleDb.address_ward  (id, name, district_id, created_at) values (6194, 'Xã Hải Ba', 344, NOW());
insert into ExampleDb.address_ward  (id, name, district_id, created_at) values (6195, 'Xã Hải Quy', 344, NOW());
insert into ExampleDb.address_ward  (id, name, district_id, created_at) values (6196, 'Xã Hải Quế', 344, NOW());
insert into ExampleDb.address_ward  (id, name, district_id, created_at) values (6197, 'Xã Hải Hưng', 344, NOW());
insert into ExampleDb.address_ward  (id, name, district_id, created_at) values (6198, 'Xã Hải Phú', 344, NOW());
insert into ExampleDb.address_ward  (id, name, district_id, created_at) values (6199, 'Xã Hải Thượng', 344, NOW());
insert into ExampleDb.address_ward  (id, name, district_id, created_at) values (6200, 'Xã Hải Dương', 344, NOW());
insert into ExampleDb.address_ward  (id, name, district_id, created_at) values (6201, 'Xã Hải Định', 344, NOW());
insert into ExampleDb.address_ward  (id, name, district_id, created_at) values (6202, 'Xã Hải Lâm', 344, NOW());
insert into ExampleDb.address_ward  (id, name, district_id, created_at) values (6203, 'Xã Hải Phong', 344, NOW());
insert into ExampleDb.address_ward  (id, name, district_id, created_at) values (6204, 'Xã Hải Trường', 344, NOW());
insert into ExampleDb.address_ward  (id, name, district_id, created_at) values (6205, 'Xã Hải Sơn', 344, NOW());
insert into ExampleDb.address_ward  (id, name, district_id, created_at) values (6206, 'Xã Hải Chánh', 344, NOW());
insert into ExampleDb.address_ward  (id, name, district_id, created_at) values (6207, 'Xã Hải Khê', 344, NOW());
insert into ExampleDb.address_district  (id, name, province_id, created_at) values (345, 'Huyện Cồn Cỏ', 30, NOW());
insert into ExampleDb.address_province (id, name, created_at) values (31, 'Tỉnh Thừa Thiên Huế', NOW());
insert into ExampleDb.address_district  (id, name, province_id, created_at) values (346, 'Thành phố Huế', 31, NOW());
insert into ExampleDb.address_ward  (id, name, district_id, created_at) values (6208, 'Phường Tây Lộc', 346, NOW());
insert into ExampleDb.address_ward  (id, name, district_id, created_at) values (6209, 'Phường Thuận Lộc', 346, NOW());
insert into ExampleDb.address_ward  (id, name, district_id, created_at) values (6210, 'Phường Gia Hội', 346, NOW());
insert into ExampleDb.address_ward  (id, name, district_id, created_at) values (6211, 'Phường Phú Hậu', 346, NOW());
insert into ExampleDb.address_ward  (id, name, district_id, created_at) values (6212, 'Phường Thuận Hòa', 346, NOW());
insert into ExampleDb.address_ward  (id, name, district_id, created_at) values (6213, 'Phường Đông Ba', 346, NOW());
insert into ExampleDb.address_ward  (id, name, district_id, created_at) values (6214, 'Phường Kim Long', 346, NOW());
insert into ExampleDb.address_ward  (id, name, district_id, created_at) values (6215, 'Phường Vỹ Dạ', 346, NOW());
insert into ExampleDb.address_ward  (id, name, district_id, created_at) values (6216, 'Phường Phường Đúc', 346, NOW());
insert into ExampleDb.address_ward  (id, name, district_id, created_at) values (6217, 'Phường Vĩnh Ninh', 346, NOW());
insert into ExampleDb.address_ward  (id, name, district_id, created_at) values (6218, 'Phường Phú Hội', 346, NOW());
insert into ExampleDb.address_ward  (id, name, district_id, created_at) values (6219, 'Phường Phú Nhuận', 346, NOW());
insert into ExampleDb.address_ward  (id, name, district_id, created_at) values (6220, 'Phường Xuân Phú', 346, NOW());
insert into ExampleDb.address_ward  (id, name, district_id, created_at) values (6221, 'Phường Trường An', 346, NOW());
insert into ExampleDb.address_ward  (id, name, district_id, created_at) values (6222, 'Phường Phước Vĩnh', 346, NOW());
insert into ExampleDb.address_ward  (id, name, district_id, created_at) values (6223, 'Phường An Cựu', 346, NOW());
insert into ExampleDb.address_ward  (id, name, district_id, created_at) values (6224, 'Phường An Hòa', 346, NOW());
insert into ExampleDb.address_ward  (id, name, district_id, created_at) values (6225, 'Phường Hương Sơ', 346, NOW());
insert into ExampleDb.address_ward  (id, name, district_id, created_at) values (6226, 'Phường Thuỷ Biều', 346, NOW());
insert into ExampleDb.address_ward  (id, name, district_id, created_at) values (6227, 'Phường Hương Long', 346, NOW());
insert into ExampleDb.address_ward  (id, name, district_id, created_at) values (6228, 'Phường Thuỷ Xuân', 346, NOW());
insert into ExampleDb.address_ward  (id, name, district_id, created_at) values (6229, 'Phường An Đông', 346, NOW());
insert into ExampleDb.address_ward  (id, name, district_id, created_at) values (6230, 'Phường An Tây', 346, NOW());
insert into ExampleDb.address_ward  (id, name, district_id, created_at) values (6231, 'Phường Thuận An', 346, NOW());
insert into ExampleDb.address_ward  (id, name, district_id, created_at) values (6232, 'Xã Phú Dương', 346, NOW());
insert into ExampleDb.address_ward  (id, name, district_id, created_at) values (6233, 'Xã Phú Mậu', 346, NOW());
insert into ExampleDb.address_ward  (id, name, district_id, created_at) values (6234, 'Xã Phú Thanh', 346, NOW());
insert into ExampleDb.address_ward  (id, name, district_id, created_at) values (6235, 'Phường Phú Thượng', 346, NOW());
insert into ExampleDb.address_ward  (id, name, district_id, created_at) values (6236, 'Phường Thủy Vân', 346, NOW());
insert into ExampleDb.address_ward  (id, name, district_id, created_at) values (6237, 'Xã Thủy Bằng', 346, NOW());
insert into ExampleDb.address_ward  (id, name, district_id, created_at) values (6238, 'Xã Hải Dương', 346, NOW());
insert into ExampleDb.address_ward  (id, name, district_id, created_at) values (6239, 'Xã Hương Phong', 346, NOW());
insert into ExampleDb.address_ward  (id, name, district_id, created_at) values (6240, 'Phường Hương Vinh', 346, NOW());
insert into ExampleDb.address_ward  (id, name, district_id, created_at) values (6241, 'Phường Hương An', 346, NOW());
insert into ExampleDb.address_ward  (id, name, district_id, created_at) values (6242, 'Phường Hương Hồ', 346, NOW());
insert into ExampleDb.address_ward  (id, name, district_id, created_at) values (6243, 'Xã Hương Thọ', 346, NOW());
insert into ExampleDb.address_district  (id, name, province_id, created_at) values (347, 'Huyện Phong Điền', 31, NOW());
insert into ExampleDb.address_ward  (id, name, district_id, created_at) values (6244, 'Thị trấn Phong Điền', 347, NOW());
insert into ExampleDb.address_ward  (id, name, district_id, created_at) values (6245, 'Xã Điền Hương', 347, NOW());
insert into ExampleDb.address_ward  (id, name, district_id, created_at) values (6246, 'Xã Điền Môn', 347, NOW());
insert into ExampleDb.address_ward  (id, name, district_id, created_at) values (6247, 'Xã Điền Lộc', 347, NOW());
insert into ExampleDb.address_ward  (id, name, district_id, created_at) values (6248, 'Xã Phong Bình', 347, NOW());
insert into ExampleDb.address_ward  (id, name, district_id, created_at) values (6249, 'Xã Điền Hòa', 347, NOW());
insert into ExampleDb.address_ward  (id, name, district_id, created_at) values (6250, 'Xã Phong Chương', 347, NOW());
insert into ExampleDb.address_ward  (id, name, district_id, created_at) values (6251, 'Xã Phong Hải', 347, NOW());
insert into ExampleDb.address_ward  (id, name, district_id, created_at) values (6252, 'Xã Điền Hải', 347, NOW());
insert into ExampleDb.address_ward  (id, name, district_id, created_at) values (6253, 'Xã Phong Hòa', 347, NOW());
insert into ExampleDb.address_ward  (id, name, district_id, created_at) values (6254, 'Xã Phong Thu', 347, NOW());
insert into ExampleDb.address_ward  (id, name, district_id, created_at) values (6255, 'Xã Phong Hiền', 347, NOW());
insert into ExampleDb.address_ward  (id, name, district_id, created_at) values (6256, 'Xã Phong Mỹ', 347, NOW());
insert into ExampleDb.address_ward  (id, name, district_id, created_at) values (6257, 'Xã Phong An', 347, NOW());
insert into ExampleDb.address_ward  (id, name, district_id, created_at) values (6258, 'Xã Phong Xuân', 347, NOW());
insert into ExampleDb.address_ward  (id, name, district_id, created_at) values (6259, 'Xã Phong Sơn', 347, NOW());
insert into ExampleDb.address_district  (id, name, province_id, created_at) values (348, 'Huyện Quảng Điền', 31, NOW());
insert into ExampleDb.address_ward  (id, name, district_id, created_at) values (6260, 'Thị trấn Sịa', 348, NOW());
insert into ExampleDb.address_ward  (id, name, district_id, created_at) values (6261, 'Xã Quảng Thái', 348, NOW());
insert into ExampleDb.address_ward  (id, name, district_id, created_at) values (6262, 'Xã Quảng Ngạn', 348, NOW());
insert into ExampleDb.address_ward  (id, name, district_id, created_at) values (6263, 'Xã Quảng Lợi', 348, NOW());
insert into ExampleDb.address_ward  (id, name, district_id, created_at) values (6264, 'Xã Quảng Công', 348, NOW());
insert into ExampleDb.address_ward  (id, name, district_id, created_at) values (6265, 'Xã Quảng Phước', 348, NOW());
insert into ExampleDb.address_ward  (id, name, district_id, created_at) values (6266, 'Xã Quảng Vinh', 348, NOW());
insert into ExampleDb.address_ward  (id, name, district_id, created_at) values (6267, 'Xã Quảng An', 348, NOW());
insert into ExampleDb.address_ward  (id, name, district_id, created_at) values (6268, 'Xã Quảng Thành', 348, NOW());
insert into ExampleDb.address_ward  (id, name, district_id, created_at) values (6269, 'Xã Quảng Thọ', 348, NOW());
insert into ExampleDb.address_ward  (id, name, district_id, created_at) values (6270, 'Xã Quảng Phú', 348, NOW());
insert into ExampleDb.address_district  (id, name, province_id, created_at) values (349, 'Huyện Phú Vang', 31, NOW());
insert into ExampleDb.address_ward  (id, name, district_id, created_at) values (6271, 'Xã Phú Thuận', 349, NOW());
insert into ExampleDb.address_ward  (id, name, district_id, created_at) values (6272, 'Xã Phú An', 349, NOW());
insert into ExampleDb.address_ward  (id, name, district_id, created_at) values (6273, 'Xã Phú Hải', 349, NOW());
insert into ExampleDb.address_ward  (id, name, district_id, created_at) values (6274, 'Xã Phú Xuân', 349, NOW());
insert into ExampleDb.address_ward  (id, name, district_id, created_at) values (6275, 'Xã Phú Diên', 349, NOW());
insert into ExampleDb.address_ward  (id, name, district_id, created_at) values (6276, 'Xã Phú Mỹ', 349, NOW());
insert into ExampleDb.address_ward  (id, name, district_id, created_at) values (6277, 'Xã Phú Hồ', 349, NOW());
insert into ExampleDb.address_ward  (id, name, district_id, created_at) values (6278, 'Xã Vinh Xuân', 349, NOW());
insert into ExampleDb.address_ward  (id, name, district_id, created_at) values (6279, 'Xã Phú Lương', 349, NOW());
insert into ExampleDb.address_ward  (id, name, district_id, created_at) values (6280, 'Thị trấn Phú Đa', 349, NOW());
insert into ExampleDb.address_ward  (id, name, district_id, created_at) values (6281, 'Xã Vinh Thanh', 349, NOW());
insert into ExampleDb.address_ward  (id, name, district_id, created_at) values (6282, 'Xã Vinh An', 349, NOW());
insert into ExampleDb.address_ward  (id, name, district_id, created_at) values (6283, 'Xã Phú Gia', 349, NOW());
insert into ExampleDb.address_ward  (id, name, district_id, created_at) values (6284, 'Xã Vinh Hà', 349, NOW());
insert into ExampleDb.address_district  (id, name, province_id, created_at) values (350, 'Thị xã Hương Thủy', 31, NOW());
insert into ExampleDb.address_ward  (id, name, district_id, created_at) values (6285, 'Phường Phú Bài', 350, NOW());
insert into ExampleDb.address_ward  (id, name, district_id, created_at) values (6286, 'Xã Thủy Thanh', 350, NOW());
insert into ExampleDb.address_ward  (id, name, district_id, created_at) values (6287, 'Phường Thủy Dương', 350, NOW());
insert into ExampleDb.address_ward  (id, name, district_id, created_at) values (6288, 'Phường Thủy Phương', 350, NOW());
insert into ExampleDb.address_ward  (id, name, district_id, created_at) values (6289, 'Phường Thủy Châu', 350, NOW());
insert into ExampleDb.address_ward  (id, name, district_id, created_at) values (6290, 'Phường Thủy Lương', 350, NOW());
insert into ExampleDb.address_ward  (id, name, district_id, created_at) values (6291, 'Xã Thủy Tân', 350, NOW());
insert into ExampleDb.address_ward  (id, name, district_id, created_at) values (6292, 'Xã Thủy Phù', 350, NOW());
insert into ExampleDb.address_ward  (id, name, district_id, created_at) values (6293, 'Xã Phú Sơn', 350, NOW());
insert into ExampleDb.address_ward  (id, name, district_id, created_at) values (6294, 'Xã Dương Hòa', 350, NOW());
insert into ExampleDb.address_district  (id, name, province_id, created_at) values (351, 'Thị xã Hương Trà', 31, NOW());
insert into ExampleDb.address_ward  (id, name, district_id, created_at) values (6295, 'Phường Tứ Hạ', 351, NOW());
insert into ExampleDb.address_ward  (id, name, district_id, created_at) values (6296, 'Xã Hương Toàn', 351, NOW());
insert into ExampleDb.address_ward  (id, name, district_id, created_at) values (6297, 'Phường Hương Vân', 351, NOW());
insert into ExampleDb.address_ward  (id, name, district_id, created_at) values (6298, 'Phường Hương Văn', 351, NOW());
insert into ExampleDb.address_ward  (id, name, district_id, created_at) values (6299, 'Phường Hương Xuân', 351, NOW());
insert into ExampleDb.address_ward  (id, name, district_id, created_at) values (6300, 'Phường Hương Chữ', 351, NOW());
insert into ExampleDb.address_ward  (id, name, district_id, created_at) values (6301, 'Xã Hương Bình', 351, NOW());
insert into ExampleDb.address_ward  (id, name, district_id, created_at) values (6302, 'Xã Bình Tiến', 351, NOW());
insert into ExampleDb.address_ward  (id, name, district_id, created_at) values (6303, 'Xã Bình Thành', 351, NOW());
insert into ExampleDb.address_district  (id, name, province_id, created_at) values (352, 'Huyện A Lưới', 31, NOW());
insert into ExampleDb.address_ward  (id, name, district_id, created_at) values (6304, 'Thị trấn A Lưới', 352, NOW());
insert into ExampleDb.address_ward  (id, name, district_id, created_at) values (6305, 'Xã Hồng Vân', 352, NOW());
insert into ExampleDb.address_ward  (id, name, district_id, created_at) values (6306, 'Xã Hồng Hạ', 352, NOW());
insert into ExampleDb.address_ward  (id, name, district_id, created_at) values (6307, 'Xã Hồng Kim', 352, NOW());
insert into ExampleDb.address_ward  (id, name, district_id, created_at) values (6308, 'Xã Trung Sơn', 352, NOW());
insert into ExampleDb.address_ward  (id, name, district_id, created_at) values (6309, 'Xã Hương Nguyên', 352, NOW());
insert into ExampleDb.address_ward  (id, name, district_id, created_at) values (6310, 'Xã Hồng Bắc', 352, NOW());
insert into ExampleDb.address_ward  (id, name, district_id, created_at) values (6311, 'Xã A Ngo', 352, NOW());
insert into ExampleDb.address_ward  (id, name, district_id, created_at) values (6312, 'Xã Sơn Thủy', 352, NOW());
insert into ExampleDb.address_ward  (id, name, district_id, created_at) values (6313, 'Xã Phú Vinh', 352, NOW());
insert into ExampleDb.address_ward  (id, name, district_id, created_at) values (6314, 'Xã Hương Phong', 352, NOW());
insert into ExampleDb.address_ward  (id, name, district_id, created_at) values (6315, 'Xã Quảng Nhâm', 352, NOW());
insert into ExampleDb.address_ward  (id, name, district_id, created_at) values (6316, 'Xã Hồng Thượng', 352, NOW());
insert into ExampleDb.address_ward  (id, name, district_id, created_at) values (6317, 'Xã Hồng Thái', 352, NOW());
insert into ExampleDb.address_ward  (id, name, district_id, created_at) values (6318, 'Xã A Roàng', 352, NOW());
insert into ExampleDb.address_ward  (id, name, district_id, created_at) values (6319, 'Xã Đông Sơn', 352, NOW());
insert into ExampleDb.address_ward  (id, name, district_id, created_at) values (6320, 'Xã Lâm Đớt', 352, NOW());
insert into ExampleDb.address_ward  (id, name, district_id, created_at) values (6321, 'Xã Hồng Thủy', 352, NOW());
insert into ExampleDb.address_district  (id, name, province_id, created_at) values (353, 'Huyện Phú Lộc', 31, NOW());
insert into ExampleDb.address_ward  (id, name, district_id, created_at) values (6322, 'Thị trấn Phú Lộc', 353, NOW());
insert into ExampleDb.address_ward  (id, name, district_id, created_at) values (6323, 'Thị trấn Lăng Cô', 353, NOW());
insert into ExampleDb.address_ward  (id, name, district_id, created_at) values (6324, 'Xã Vinh Mỹ', 353, NOW());
insert into ExampleDb.address_ward  (id, name, district_id, created_at) values (6325, 'Xã Vinh Hưng', 353, NOW());
insert into ExampleDb.address_ward  (id, name, district_id, created_at) values (6326, 'Xã Giang Hải', 353, NOW());
insert into ExampleDb.address_ward  (id, name, district_id, created_at) values (6327, 'Xã Vinh Hiền', 353, NOW());
insert into ExampleDb.address_ward  (id, name, district_id, created_at) values (6328, 'Xã Lộc Bổn', 353, NOW());
insert into ExampleDb.address_ward  (id, name, district_id, created_at) values (6329, 'Xã Lộc Sơn', 353, NOW());
insert into ExampleDb.address_ward  (id, name, district_id, created_at) values (6330, 'Xã Lộc Bình', 353, NOW());
insert into ExampleDb.address_ward  (id, name, district_id, created_at) values (6331, 'Xã Lộc Vĩnh', 353, NOW());
insert into ExampleDb.address_ward  (id, name, district_id, created_at) values (6332, 'Xã Lộc An', 353, NOW());
insert into ExampleDb.address_ward  (id, name, district_id, created_at) values (6333, 'Xã Lộc Điền', 353, NOW());
insert into ExampleDb.address_ward  (id, name, district_id, created_at) values (6334, 'Xã Lộc Thủy', 353, NOW());
insert into ExampleDb.address_ward  (id, name, district_id, created_at) values (6335, 'Xã Lộc Trì', 353, NOW());
insert into ExampleDb.address_ward  (id, name, district_id, created_at) values (6336, 'Xã Lộc Tiến', 353, NOW());
insert into ExampleDb.address_ward  (id, name, district_id, created_at) values (6337, 'Xã Lộc Hòa', 353, NOW());
insert into ExampleDb.address_ward  (id, name, district_id, created_at) values (6338, 'Xã Xuân Lộc', 353, NOW());
insert into ExampleDb.address_district  (id, name, province_id, created_at) values (354, 'Huyện Nam Đông', 31, NOW());
insert into ExampleDb.address_ward  (id, name, district_id, created_at) values (6339, 'Thị trấn Khe Tre', 354, NOW());
insert into ExampleDb.address_ward  (id, name, district_id, created_at) values (6340, 'Xã Hương Phú', 354, NOW());
insert into ExampleDb.address_ward  (id, name, district_id, created_at) values (6341, 'Xã Hương Sơn', 354, NOW());
insert into ExampleDb.address_ward  (id, name, district_id, created_at) values (6342, 'Xã Hương Lộc', 354, NOW());
insert into ExampleDb.address_ward  (id, name, district_id, created_at) values (6343, 'Xã Thượng Quảng', 354, NOW());
insert into ExampleDb.address_ward  (id, name, district_id, created_at) values (6344, 'Xã Hương Xuân', 354, NOW());
insert into ExampleDb.address_ward  (id, name, district_id, created_at) values (6345, 'Xã Hương Hữu', 354, NOW());
insert into ExampleDb.address_ward  (id, name, district_id, created_at) values (6346, 'Xã Thượng Lộ', 354, NOW());
insert into ExampleDb.address_ward  (id, name, district_id, created_at) values (6347, 'Xã Thượng Long', 354, NOW());
insert into ExampleDb.address_ward  (id, name, district_id, created_at) values (6348, 'Xã Thượng Nhật', 354, NOW());
insert into ExampleDb.address_province (id, name, created_at) values (32, 'Thành phố Đà Nẵng', NOW());
insert into ExampleDb.address_district  (id, name, province_id, created_at) values (355, 'Quận Liên Chiểu', 32, NOW());
insert into ExampleDb.address_ward  (id, name, district_id, created_at) values (6349, 'Phường Hòa Hiệp Bắc', 355, NOW());
insert into ExampleDb.address_ward  (id, name, district_id, created_at) values (6350, 'Phường Hòa Hiệp Nam', 355, NOW());
insert into ExampleDb.address_ward  (id, name, district_id, created_at) values (6351, 'Phường Hòa Khánh Bắc', 355, NOW());
insert into ExampleDb.address_ward  (id, name, district_id, created_at) values (6352, 'Phường Hòa Khánh Nam', 355, NOW());
insert into ExampleDb.address_ward  (id, name, district_id, created_at) values (6353, 'Phường Hòa Minh', 355, NOW());
insert into ExampleDb.address_district  (id, name, province_id, created_at) values (356, 'Quận Thanh Khê', 32, NOW());
insert into ExampleDb.address_ward  (id, name, district_id, created_at) values (6354, 'Phường Tam Thuận', 356, NOW());
insert into ExampleDb.address_ward  (id, name, district_id, created_at) values (6355, 'Phường Thanh Khê Tây', 356, NOW());
insert into ExampleDb.address_ward  (id, name, district_id, created_at) values (6356, 'Phường Thanh Khê Đông', 356, NOW());
insert into ExampleDb.address_ward  (id, name, district_id, created_at) values (6357, 'Phường Xuân Hà', 356, NOW());
insert into ExampleDb.address_ward  (id, name, district_id, created_at) values (6358, 'Phường Tân Chính', 356, NOW());
insert into ExampleDb.address_ward  (id, name, district_id, created_at) values (6359, 'Phường Chính Gián', 356, NOW());
insert into ExampleDb.address_ward  (id, name, district_id, created_at) values (6360, 'Phường Vĩnh Trung', 356, NOW());
insert into ExampleDb.address_ward  (id, name, district_id, created_at) values (6361, 'Phường Thạc Gián', 356, NOW());
insert into ExampleDb.address_ward  (id, name, district_id, created_at) values (6362, 'Phường An Khê', 356, NOW());
insert into ExampleDb.address_ward  (id, name, district_id, created_at) values (6363, 'Phường Hòa Khê', 356, NOW());
insert into ExampleDb.address_district  (id, name, province_id, created_at) values (357, 'Quận Hải Châu', 32, NOW());
insert into ExampleDb.address_ward  (id, name, district_id, created_at) values (6364, 'Phường Thanh Bình', 357, NOW());
insert into ExampleDb.address_ward  (id, name, district_id, created_at) values (6365, 'Phường Thuận Phước', 357, NOW());
insert into ExampleDb.address_ward  (id, name, district_id, created_at) values (6366, 'Phường Thạch Thang', 357, NOW());
insert into ExampleDb.address_ward  (id, name, district_id, created_at) values (6367, 'Phường Hải Châu  I', 357, NOW());
insert into ExampleDb.address_ward  (id, name, district_id, created_at) values (6368, 'Phường Hải Châu II', 357, NOW());
insert into ExampleDb.address_ward  (id, name, district_id, created_at) values (6369, 'Phường Phước Ninh', 357, NOW());
insert into ExampleDb.address_ward  (id, name, district_id, created_at) values (6370, 'Phường Hòa Thuận Tây', 357, NOW());
insert into ExampleDb.address_ward  (id, name, district_id, created_at) values (6371, 'Phường Hòa Thuận Đông', 357, NOW());
insert into ExampleDb.address_ward  (id, name, district_id, created_at) values (6372, 'Phường Nam Dương', 357, NOW());
insert into ExampleDb.address_ward  (id, name, district_id, created_at) values (6373, 'Phường Bình Hiên', 357, NOW());
insert into ExampleDb.address_ward  (id, name, district_id, created_at) values (6374, 'Phường Bình Thuận', 357, NOW());
insert into ExampleDb.address_ward  (id, name, district_id, created_at) values (6375, 'Phường Hòa Cường Bắc', 357, NOW());
insert into ExampleDb.address_ward  (id, name, district_id, created_at) values (6376, 'Phường Hòa Cường Nam', 357, NOW());
insert into ExampleDb.address_district  (id, name, province_id, created_at) values (358, 'Quận Sơn Trà', 32, NOW());
insert into ExampleDb.address_ward  (id, name, district_id, created_at) values (6377, 'Phường Thọ Quang', 358, NOW());
insert into ExampleDb.address_ward  (id, name, district_id, created_at) values (6378, 'Phường Nại Hiên Đông', 358, NOW());
insert into ExampleDb.address_ward  (id, name, district_id, created_at) values (6379, 'Phường Mân Thái', 358, NOW());
insert into ExampleDb.address_ward  (id, name, district_id, created_at) values (6380, 'Phường An Hải Bắc', 358, NOW());
insert into ExampleDb.address_ward  (id, name, district_id, created_at) values (6381, 'Phường Phước Mỹ', 358, NOW());
insert into ExampleDb.address_ward  (id, name, district_id, created_at) values (6382, 'Phường An Hải Tây', 358, NOW());
insert into ExampleDb.address_ward  (id, name, district_id, created_at) values (6383, 'Phường An Hải Đông', 358, NOW());
insert into ExampleDb.address_district  (id, name, province_id, created_at) values (359, 'Quận Ngũ Hành Sơn', 32, NOW());
insert into ExampleDb.address_ward  (id, name, district_id, created_at) values (6384, 'Phường Mỹ An', 359, NOW());
insert into ExampleDb.address_ward  (id, name, district_id, created_at) values (6385, 'Phường Khuê Mỹ', 359, NOW());
insert into ExampleDb.address_ward  (id, name, district_id, created_at) values (6386, 'Phường Hoà Quý', 359, NOW());
insert into ExampleDb.address_ward  (id, name, district_id, created_at) values (6387, 'Phường Hoà Hải', 359, NOW());
insert into ExampleDb.address_district  (id, name, province_id, created_at) values (360, 'Quận Cẩm Lệ', 32, NOW());
insert into ExampleDb.address_ward  (id, name, district_id, created_at) values (6388, 'Phường Khuê Trung', 360, NOW());
insert into ExampleDb.address_ward  (id, name, district_id, created_at) values (6389, 'Phường Hòa Phát', 360, NOW());
insert into ExampleDb.address_ward  (id, name, district_id, created_at) values (6390, 'Phường Hòa An', 360, NOW());
insert into ExampleDb.address_ward  (id, name, district_id, created_at) values (6391, 'Phường Hòa Thọ Tây', 360, NOW());
insert into ExampleDb.address_ward  (id, name, district_id, created_at) values (6392, 'Phường Hòa Thọ Đông', 360, NOW());
insert into ExampleDb.address_ward  (id, name, district_id, created_at) values (6393, 'Phường Hòa Xuân', 360, NOW());
insert into ExampleDb.address_district  (id, name, province_id, created_at) values (361, 'Huyện Hòa Vang', 32, NOW());
insert into ExampleDb.address_ward  (id, name, district_id, created_at) values (6394, 'Xã Hòa Bắc', 361, NOW());
insert into ExampleDb.address_ward  (id, name, district_id, created_at) values (6395, 'Xã Hòa Liên', 361, NOW());
insert into ExampleDb.address_ward  (id, name, district_id, created_at) values (6396, 'Xã Hòa Ninh', 361, NOW());
insert into ExampleDb.address_ward  (id, name, district_id, created_at) values (6397, 'Xã Hòa Sơn', 361, NOW());
insert into ExampleDb.address_ward  (id, name, district_id, created_at) values (6398, 'Xã Hòa Nhơn', 361, NOW());
insert into ExampleDb.address_ward  (id, name, district_id, created_at) values (6399, 'Xã Hòa Phú', 361, NOW());
insert into ExampleDb.address_ward  (id, name, district_id, created_at) values (6400, 'Xã Hòa Phong', 361, NOW());
insert into ExampleDb.address_ward  (id, name, district_id, created_at) values (6401, 'Xã Hòa Châu', 361, NOW());
insert into ExampleDb.address_ward  (id, name, district_id, created_at) values (6402, 'Xã Hòa Tiến', 361, NOW());
insert into ExampleDb.address_ward  (id, name, district_id, created_at) values (6403, 'Xã Hòa Phước', 361, NOW());
insert into ExampleDb.address_ward  (id, name, district_id, created_at) values (6404, 'Xã Hòa Khương', 361, NOW());
insert into ExampleDb.address_district  (id, name, province_id, created_at) values (362, 'Huyện Hoàng Sa', 32, NOW());
insert into ExampleDb.address_province (id, name, created_at) values (33, 'Tỉnh Quảng Nam', NOW());
insert into ExampleDb.address_district  (id, name, province_id, created_at) values (363, 'Thành phố Tam Kỳ', 33, NOW());
insert into ExampleDb.address_ward  (id, name, district_id, created_at) values (6405, 'Phường Tân Thạnh', 363, NOW());
insert into ExampleDb.address_ward  (id, name, district_id, created_at) values (6406, 'Phường Phước Hòa', 363, NOW());
insert into ExampleDb.address_ward  (id, name, district_id, created_at) values (6407, 'Phường An Mỹ', 363, NOW());
insert into ExampleDb.address_ward  (id, name, district_id, created_at) values (6408, 'Phường Hòa Hương', 363, NOW());
insert into ExampleDb.address_ward  (id, name, district_id, created_at) values (6409, 'Phường An Xuân', 363, NOW());
insert into ExampleDb.address_ward  (id, name, district_id, created_at) values (6410, 'Phường An Sơn', 363, NOW());
insert into ExampleDb.address_ward  (id, name, district_id, created_at) values (6411, 'Phường Trường Xuân', 363, NOW());
insert into ExampleDb.address_ward  (id, name, district_id, created_at) values (6412, 'Phường An Phú', 363, NOW());
insert into ExampleDb.address_ward  (id, name, district_id, created_at) values (6413, 'Xã Tam Thanh', 363, NOW());
insert into ExampleDb.address_ward  (id, name, district_id, created_at) values (6414, 'Xã Tam Thăng', 363, NOW());
insert into ExampleDb.address_ward  (id, name, district_id, created_at) values (6415, 'Xã Tam Phú', 363, NOW());
insert into ExampleDb.address_ward  (id, name, district_id, created_at) values (6416, 'Phường Hoà Thuận', 363, NOW());
insert into ExampleDb.address_ward  (id, name, district_id, created_at) values (6417, 'Xã Tam Ngọc', 363, NOW());
insert into ExampleDb.address_district  (id, name, province_id, created_at) values (364, 'Thành phố Hội An', 33, NOW());
insert into ExampleDb.address_ward  (id, name, district_id, created_at) values (6418, 'Phường Minh An', 364, NOW());
insert into ExampleDb.address_ward  (id, name, district_id, created_at) values (6419, 'Phường Tân An', 364, NOW());
insert into ExampleDb.address_ward  (id, name, district_id, created_at) values (6420, 'Phường Cẩm Phô', 364, NOW());
insert into ExampleDb.address_ward  (id, name, district_id, created_at) values (6421, 'Phường Thanh Hà', 364, NOW());
insert into ExampleDb.address_ward  (id, name, district_id, created_at) values (6422, 'Phường Sơn Phong', 364, NOW());
insert into ExampleDb.address_ward  (id, name, district_id, created_at) values (6423, 'Phường Cẩm Châu', 364, NOW());
insert into ExampleDb.address_ward  (id, name, district_id, created_at) values (6424, 'Phường Cửa Đại', 364, NOW());
insert into ExampleDb.address_ward  (id, name, district_id, created_at) values (6425, 'Phường Cẩm An', 364, NOW());
insert into ExampleDb.address_ward  (id, name, district_id, created_at) values (6426, 'Xã Cẩm Hà', 364, NOW());
insert into ExampleDb.address_ward  (id, name, district_id, created_at) values (6427, 'Xã Cẩm Kim', 364, NOW());
insert into ExampleDb.address_ward  (id, name, district_id, created_at) values (6428, 'Phường Cẩm Nam', 364, NOW());
insert into ExampleDb.address_ward  (id, name, district_id, created_at) values (6429, 'Xã Cẩm Thanh', 364, NOW());
insert into ExampleDb.address_ward  (id, name, district_id, created_at) values (6430, 'Xã Tân Hiệp', 364, NOW());
insert into ExampleDb.address_district  (id, name, province_id, created_at) values (365, 'Huyện Tây Giang', 33, NOW());
insert into ExampleDb.address_ward  (id, name, district_id, created_at) values (6431, 'Xã Ch"ơm', 365, NOW());
insert into ExampleDb.address_ward  (id, name, district_id, created_at) values (6432, 'Xã Ga Ri', 365, NOW());
insert into ExampleDb.address_ward  (id, name, district_id, created_at) values (6433, 'Xã A Xan', 365, NOW());
insert into ExampleDb.address_ward  (id, name, district_id, created_at) values (6434, 'Xã Tr"Hy', 365, NOW());
insert into ExampleDb.address_ward  (id, name, district_id, created_at) values (6435, 'Xã Lăng', 365, NOW());
insert into ExampleDb.address_ward  (id, name, district_id, created_at) values (6436, 'Xã A Nông', 365, NOW());
insert into ExampleDb.address_ward  (id, name, district_id, created_at) values (6437, 'Xã A Tiêng', 365, NOW());
insert into ExampleDb.address_ward  (id, name, district_id, created_at) values (6438, 'Xã Bha Lê', 365, NOW());
insert into ExampleDb.address_ward  (id, name, district_id, created_at) values (6439, 'Xã A Vương', 365, NOW());
insert into ExampleDb.address_ward  (id, name, district_id, created_at) values (6440, 'Xã Dang', 365, NOW());
insert into ExampleDb.address_district  (id, name, province_id, created_at) values (366, 'Huyện Đông Giang', 33, NOW());
insert into ExampleDb.address_ward  (id, name, district_id, created_at) values (6441, 'Thị trấn P Rao', 366, NOW());
insert into ExampleDb.address_ward  (id, name, district_id, created_at) values (6442, 'Xã Tà Lu', 366, NOW());
insert into ExampleDb.address_ward  (id, name, district_id, created_at) values (6443, 'Xã Sông Kôn', 366, NOW());
insert into ExampleDb.address_ward  (id, name, district_id, created_at) values (6444, 'Xã Jơ Ngây', 366, NOW());
insert into ExampleDb.address_ward  (id, name, district_id, created_at) values (6445, 'Xã A Ting', 366, NOW());
insert into ExampleDb.address_ward  (id, name, district_id, created_at) values (6446, 'Xã  Tư', 366, NOW());
insert into ExampleDb.address_ward  (id, name, district_id, created_at) values (6447, 'Xã Ba', 366, NOW());
insert into ExampleDb.address_ward  (id, name, district_id, created_at) values (6448, 'Xã A Rooi', 366, NOW());
insert into ExampleDb.address_ward  (id, name, district_id, created_at) values (6449, 'Xã Za Hung', 366, NOW());
insert into ExampleDb.address_ward  (id, name, district_id, created_at) values (6450, 'Xã Mà Cooi', 366, NOW());
insert into ExampleDb.address_ward  (id, name, district_id, created_at) values (6451, 'Xã Ka Dăng', 366, NOW());
insert into ExampleDb.address_district  (id, name, province_id, created_at) values (367, 'Huyện Đại Lộc', 33, NOW());
insert into ExampleDb.address_ward  (id, name, district_id, created_at) values (6452, 'Thị Trấn Ái Nghĩa', 367, NOW());
insert into ExampleDb.address_ward  (id, name, district_id, created_at) values (6453, 'Xã Đại Sơn', 367, NOW());
insert into ExampleDb.address_ward  (id, name, district_id, created_at) values (6454, 'Xã Đại Lãnh', 367, NOW());
insert into ExampleDb.address_ward  (id, name, district_id, created_at) values (6455, 'Xã Đại Hưng', 367, NOW());
insert into ExampleDb.address_ward  (id, name, district_id, created_at) values (6456, 'Xã Đại Hồng', 367, NOW());
insert into ExampleDb.address_ward  (id, name, district_id, created_at) values (6457, 'Xã Đại Đồng', 367, NOW());
insert into ExampleDb.address_ward  (id, name, district_id, created_at) values (6458, 'Xã Đại Quang', 367, NOW());
insert into ExampleDb.address_ward  (id, name, district_id, created_at) values (6459, 'Xã Đại Nghĩa', 367, NOW());
insert into ExampleDb.address_ward  (id, name, district_id, created_at) values (6460, 'Xã Đại Hiệp', 367, NOW());
insert into ExampleDb.address_ward  (id, name, district_id, created_at) values (6461, 'Xã Đại Thạnh', 367, NOW());
insert into ExampleDb.address_ward  (id, name, district_id, created_at) values (6462, 'Xã Đại Chánh', 367, NOW());
insert into ExampleDb.address_ward  (id, name, district_id, created_at) values (6463, 'Xã Đại Tân', 367, NOW());
insert into ExampleDb.address_ward  (id, name, district_id, created_at) values (6464, 'Xã Đại Phong', 367, NOW());
insert into ExampleDb.address_ward  (id, name, district_id, created_at) values (6465, 'Xã Đại Minh', 367, NOW());
insert into ExampleDb.address_ward  (id, name, district_id, created_at) values (6466, 'Xã Đại Thắng', 367, NOW());
insert into ExampleDb.address_ward  (id, name, district_id, created_at) values (6467, 'Xã Đại Cường', 367, NOW());
insert into ExampleDb.address_ward  (id, name, district_id, created_at) values (6468, 'Xã Đại An', 367, NOW());
insert into ExampleDb.address_ward  (id, name, district_id, created_at) values (6469, 'Xã Đại Hòa', 367, NOW());
insert into ExampleDb.address_district  (id, name, province_id, created_at) values (368, 'Thị xã Điện Bàn', 33, NOW());
insert into ExampleDb.address_ward  (id, name, district_id, created_at) values (6470, 'Phường Vĩnh Điện', 368, NOW());
insert into ExampleDb.address_ward  (id, name, district_id, created_at) values (6471, 'Xã Điện Tiến', 368, NOW());
insert into ExampleDb.address_ward  (id, name, district_id, created_at) values (6472, 'Xã Điện Hòa', 368, NOW());
insert into ExampleDb.address_ward  (id, name, district_id, created_at) values (6473, 'Xã Điện Thắng Bắc', 368, NOW());
insert into ExampleDb.address_ward  (id, name, district_id, created_at) values (6474, 'Xã Điện Thắng Trung', 368, NOW());
insert into ExampleDb.address_ward  (id, name, district_id, created_at) values (6475, 'Xã Điện Thắng Nam', 368, NOW());
insert into ExampleDb.address_ward  (id, name, district_id, created_at) values (6476, 'Phường Điện Ngọc', 368, NOW());
insert into ExampleDb.address_ward  (id, name, district_id, created_at) values (6477, 'Xã Điện Hồng', 368, NOW());
insert into ExampleDb.address_ward  (id, name, district_id, created_at) values (6478, 'Xã Điện Thọ', 368, NOW());
insert into ExampleDb.address_ward  (id, name, district_id, created_at) values (6479, 'Xã Điện Phước', 368, NOW());
insert into ExampleDb.address_ward  (id, name, district_id, created_at) values (6480, 'Phường Điện An', 368, NOW());
insert into ExampleDb.address_ward  (id, name, district_id, created_at) values (6481, 'Phường Điện Nam Bắc', 368, NOW());
insert into ExampleDb.address_ward  (id, name, district_id, created_at) values (6482, 'Phường Điện Nam Trung', 368, NOW());
insert into ExampleDb.address_ward  (id, name, district_id, created_at) values (6483, 'Phường Điện Nam Đông', 368, NOW());
insert into ExampleDb.address_ward  (id, name, district_id, created_at) values (6484, 'Phường Điện Dương', 368, NOW());
insert into ExampleDb.address_ward  (id, name, district_id, created_at) values (6485, 'Xã Điện Quang', 368, NOW());
insert into ExampleDb.address_ward  (id, name, district_id, created_at) values (6486, 'Xã Điện Trung', 368, NOW());
insert into ExampleDb.address_ward  (id, name, district_id, created_at) values (6487, 'Xã Điện Phong', 368, NOW());
insert into ExampleDb.address_ward  (id, name, district_id, created_at) values (6488, 'Xã Điện Minh', 368, NOW());
insert into ExampleDb.address_ward  (id, name, district_id, created_at) values (6489, 'Xã Điện Phương', 368, NOW());
insert into ExampleDb.address_district  (id, name, province_id, created_at) values (369, 'Huyện Duy Xuyên', 33, NOW());
insert into ExampleDb.address_ward  (id, name, district_id, created_at) values (6490, 'Thị trấn Nam Phước', 369, NOW());
insert into ExampleDb.address_ward  (id, name, district_id, created_at) values (6491, 'Xã Duy Thu', 369, NOW());
insert into ExampleDb.address_ward  (id, name, district_id, created_at) values (6492, 'Xã Duy Phú', 369, NOW());
insert into ExampleDb.address_ward  (id, name, district_id, created_at) values (6493, 'Xã Duy Tân', 369, NOW());
insert into ExampleDb.address_ward  (id, name, district_id, created_at) values (6494, 'Xã Duy Hòa', 369, NOW());
insert into ExampleDb.address_ward  (id, name, district_id, created_at) values (6495, 'Xã Duy Châu', 369, NOW());
insert into ExampleDb.address_ward  (id, name, district_id, created_at) values (6496, 'Xã Duy Trinh', 369, NOW());
insert into ExampleDb.address_ward  (id, name, district_id, created_at) values (6497, 'Xã Duy Sơn', 369, NOW());
insert into ExampleDb.address_ward  (id, name, district_id, created_at) values (6498, 'Xã Duy Trung', 369, NOW());
insert into ExampleDb.address_ward  (id, name, district_id, created_at) values (6499, 'Xã Duy Phước', 369, NOW());
insert into ExampleDb.address_ward  (id, name, district_id, created_at) values (6500, 'Xã Duy Thành', 369, NOW());
insert into ExampleDb.address_ward  (id, name, district_id, created_at) values (6501, 'Xã Duy Vinh', 369, NOW());
insert into ExampleDb.address_ward  (id, name, district_id, created_at) values (6502, 'Xã Duy Nghĩa', 369, NOW());
insert into ExampleDb.address_ward  (id, name, district_id, created_at) values (6503, 'Xã Duy Hải', 369, NOW());
insert into ExampleDb.address_district  (id, name, province_id, created_at) values (370, 'Huyện Quế Sơn', 33, NOW());
insert into ExampleDb.address_ward  (id, name, district_id, created_at) values (6504, 'Thị trấn Đông Phú', 370, NOW());
insert into ExampleDb.address_ward  (id, name, district_id, created_at) values (6505, 'Xã Quế Xuân 1', 370, NOW());
insert into ExampleDb.address_ward  (id, name, district_id, created_at) values (6506, 'Xã Quế Xuân 2', 370, NOW());
insert into ExampleDb.address_ward  (id, name, district_id, created_at) values (6507, 'Xã Quế Phú', 370, NOW());
insert into ExampleDb.address_ward  (id, name, district_id, created_at) values (6508, 'Thị trấn Hương An', 370, NOW());
insert into ExampleDb.address_ward  (id, name, district_id, created_at) values (6509, 'Xã Quế Hiệp', 370, NOW());
insert into ExampleDb.address_ward  (id, name, district_id, created_at) values (6510, 'Xã Quế Thuận', 370, NOW());
insert into ExampleDb.address_ward  (id, name, district_id, created_at) values (6511, 'Xã Quế Mỹ', 370, NOW());
insert into ExampleDb.address_ward  (id, name, district_id, created_at) values (6512, 'Xã Quế Long', 370, NOW());
insert into ExampleDb.address_ward  (id, name, district_id, created_at) values (6513, 'Xã Quế Châu', 370, NOW());
insert into ExampleDb.address_ward  (id, name, district_id, created_at) values (6514, 'Xã Quế Phong', 370, NOW());
insert into ExampleDb.address_ward  (id, name, district_id, created_at) values (6515, 'Xã Quế An', 370, NOW());
insert into ExampleDb.address_ward  (id, name, district_id, created_at) values (6516, 'Xã Quế Minh', 370, NOW());
insert into ExampleDb.address_district  (id, name, province_id, created_at) values (371, 'Huyện Nam Giang', 33, NOW());
insert into ExampleDb.address_ward  (id, name, district_id, created_at) values (6517, 'Thị trấn Thạnh Mỹ', 371, NOW());
insert into ExampleDb.address_ward  (id, name, district_id, created_at) values (6518, 'Xã Laêê', 371, NOW());
insert into ExampleDb.address_ward  (id, name, district_id, created_at) values (6519, 'Xã Chơ Chun', 371, NOW());
insert into ExampleDb.address_ward  (id, name, district_id, created_at) values (6520, 'Xã Zuôich', 371, NOW());
insert into ExampleDb.address_ward  (id, name, district_id, created_at) values (6521, 'Xã Tà Pơơ', 371, NOW());
insert into ExampleDb.address_ward  (id, name, district_id, created_at) values (6522, 'Xã La Dêê', 371, NOW());
insert into ExampleDb.address_ward  (id, name, district_id, created_at) values (6523, 'Xã Đắc Tôi', 371, NOW());
insert into ExampleDb.address_ward  (id, name, district_id, created_at) values (6524, 'Xã Chà Vàl', 371, NOW());
insert into ExampleDb.address_ward  (id, name, district_id, created_at) values (6525, 'Xã Tà Bhinh', 371, NOW());
insert into ExampleDb.address_ward  (id, name, district_id, created_at) values (6526, 'Xã Cà Dy', 371, NOW());
insert into ExampleDb.address_ward  (id, name, district_id, created_at) values (6527, 'Xã Đắc Pre', 371, NOW());
insert into ExampleDb.address_ward  (id, name, district_id, created_at) values (6528, 'Xã Đắc Pring', 371, NOW());
insert into ExampleDb.address_district  (id, name, province_id, created_at) values (372, 'Huyện Phước Sơn', 33, NOW());
insert into ExampleDb.address_ward  (id, name, district_id, created_at) values (6529, 'Thị trấn Khâm Đức', 372, NOW());
insert into ExampleDb.address_ward  (id, name, district_id, created_at) values (6530, 'Xã Phước Xuân', 372, NOW());
insert into ExampleDb.address_ward  (id, name, district_id, created_at) values (6531, 'Xã Phước Hiệp', 372, NOW());
insert into ExampleDb.address_ward  (id, name, district_id, created_at) values (6532, 'Xã Phước Hoà', 372, NOW());
insert into ExampleDb.address_ward  (id, name, district_id, created_at) values (6533, 'Xã Phước Đức', 372, NOW());
insert into ExampleDb.address_ward  (id, name, district_id, created_at) values (6534, 'Xã Phước Năng', 372, NOW());
insert into ExampleDb.address_ward  (id, name, district_id, created_at) values (6535, 'Xã Phước Mỹ', 372, NOW());
insert into ExampleDb.address_ward  (id, name, district_id, created_at) values (6536, 'Xã Phước Chánh', 372, NOW());
insert into ExampleDb.address_ward  (id, name, district_id, created_at) values (6537, 'Xã Phước Công', 372, NOW());
insert into ExampleDb.address_ward  (id, name, district_id, created_at) values (6538, 'Xã Phước Kim', 372, NOW());
insert into ExampleDb.address_ward  (id, name, district_id, created_at) values (6539, 'Xã Phước Lộc', 372, NOW());
insert into ExampleDb.address_ward  (id, name, district_id, created_at) values (6540, 'Xã Phước Thành', 372, NOW());
insert into ExampleDb.address_district  (id, name, province_id, created_at) values (373, 'Huyện Hiệp Đức', 33, NOW());
insert into ExampleDb.address_ward  (id, name, district_id, created_at) values (6541, 'Xã Hiệp Hòa', 373, NOW());
insert into ExampleDb.address_ward  (id, name, district_id, created_at) values (6542, 'Xã Hiệp Thuận', 373, NOW());
insert into ExampleDb.address_ward  (id, name, district_id, created_at) values (6543, 'Xã Quế Thọ', 373, NOW());
insert into ExampleDb.address_ward  (id, name, district_id, created_at) values (6544, 'Xã Bình Lâm', 373, NOW());
insert into ExampleDb.address_ward  (id, name, district_id, created_at) values (6545, 'Xã Sông Trà', 373, NOW());
insert into ExampleDb.address_ward  (id, name, district_id, created_at) values (6546, 'Xã Phước Trà', 373, NOW());
insert into ExampleDb.address_ward  (id, name, district_id, created_at) values (6547, 'Xã Phước Gia', 373, NOW());
insert into ExampleDb.address_ward  (id, name, district_id, created_at) values (6548, 'Thị trấn Tân Bình', 373, NOW());
insert into ExampleDb.address_ward  (id, name, district_id, created_at) values (6549, 'Xã Quế Lưu', 373, NOW());
insert into ExampleDb.address_ward  (id, name, district_id, created_at) values (6550, 'Xã Thăng Phước', 373, NOW());
insert into ExampleDb.address_ward  (id, name, district_id, created_at) values (6551, 'Xã Bình Sơn', 373, NOW());
insert into ExampleDb.address_district  (id, name, province_id, created_at) values (374, 'Huyện Thăng Bình', 33, NOW());
insert into ExampleDb.address_ward  (id, name, district_id, created_at) values (6552, 'Thị trấn Hà Lam', 374, NOW());
insert into ExampleDb.address_ward  (id, name, district_id, created_at) values (6553, 'Xã Bình Dương', 374, NOW());
insert into ExampleDb.address_ward  (id, name, district_id, created_at) values (6554, 'Xã Bình Giang', 374, NOW());
insert into ExampleDb.address_ward  (id, name, district_id, created_at) values (6555, 'Xã Bình Nguyên', 374, NOW());
insert into ExampleDb.address_ward  (id, name, district_id, created_at) values (6556, 'Xã Bình Phục', 374, NOW());
insert into ExampleDb.address_ward  (id, name, district_id, created_at) values (6557, 'Xã Bình Triều', 374, NOW());
insert into ExampleDb.address_ward  (id, name, district_id, created_at) values (6558, 'Xã Bình Đào', 374, NOW());
insert into ExampleDb.address_ward  (id, name, district_id, created_at) values (6559, 'Xã Bình Minh', 374, NOW());
insert into ExampleDb.address_ward  (id, name, district_id, created_at) values (6560, 'Xã Bình Lãnh', 374, NOW());
insert into ExampleDb.address_ward  (id, name, district_id, created_at) values (6561, 'Xã Bình Trị', 374, NOW());
insert into ExampleDb.address_ward  (id, name, district_id, created_at) values (6562, 'Xã Bình Định Bắc', 374, NOW());
insert into ExampleDb.address_ward  (id, name, district_id, created_at) values (6563, 'Xã Bình Định Nam', 374, NOW());
insert into ExampleDb.address_ward  (id, name, district_id, created_at) values (6564, 'Xã Bình Quý', 374, NOW());
insert into ExampleDb.address_ward  (id, name, district_id, created_at) values (6565, 'Xã Bình Phú', 374, NOW());
insert into ExampleDb.address_ward  (id, name, district_id, created_at) values (6566, 'Xã Bình Chánh', 374, NOW());
insert into ExampleDb.address_ward  (id, name, district_id, created_at) values (6567, 'Xã Bình Tú', 374, NOW());
insert into ExampleDb.address_ward  (id, name, district_id, created_at) values (6568, 'Xã Bình Sa', 374, NOW());
insert into ExampleDb.address_ward  (id, name, district_id, created_at) values (6569, 'Xã Bình Hải', 374, NOW());
insert into ExampleDb.address_ward  (id, name, district_id, created_at) values (6570, 'Xã Bình Quế', 374, NOW());
insert into ExampleDb.address_ward  (id, name, district_id, created_at) values (6571, 'Xã Bình An', 374, NOW());
insert into ExampleDb.address_ward  (id, name, district_id, created_at) values (6572, 'Xã Bình Trung', 374, NOW());
insert into ExampleDb.address_ward  (id, name, district_id, created_at) values (6573, 'Xã Bình Nam', 374, NOW());
insert into ExampleDb.address_district  (id, name, province_id, created_at) values (375, 'Huyện Tiên Phước', 33, NOW());
insert into ExampleDb.address_ward  (id, name, district_id, created_at) values (6574, 'Thị trấn Tiên Kỳ', 375, NOW());
insert into ExampleDb.address_ward  (id, name, district_id, created_at) values (6575, 'Xã Tiên Sơn', 375, NOW());
insert into ExampleDb.address_ward  (id, name, district_id, created_at) values (6576, 'Xã Tiên Hà', 375, NOW());
insert into ExampleDb.address_ward  (id, name, district_id, created_at) values (6577, 'Xã Tiên Cẩm', 375, NOW());
insert into ExampleDb.address_ward  (id, name, district_id, created_at) values (6578, 'Xã Tiên Châu', 375, NOW());
insert into ExampleDb.address_ward  (id, name, district_id, created_at) values (6579, 'Xã Tiên Lãnh', 375, NOW());
insert into ExampleDb.address_ward  (id, name, district_id, created_at) values (6580, 'Xã Tiên Ngọc', 375, NOW());
insert into ExampleDb.address_ward  (id, name, district_id, created_at) values (6581, 'Xã Tiên Hiệp', 375, NOW());
insert into ExampleDb.address_ward  (id, name, district_id, created_at) values (6582, 'Xã Tiên Cảnh', 375, NOW());
insert into ExampleDb.address_ward  (id, name, district_id, created_at) values (6583, 'Xã Tiên Mỹ', 375, NOW());
insert into ExampleDb.address_ward  (id, name, district_id, created_at) values (6584, 'Xã Tiên Phong', 375, NOW());
insert into ExampleDb.address_ward  (id, name, district_id, created_at) values (6585, 'Xã Tiên Thọ', 375, NOW());
insert into ExampleDb.address_ward  (id, name, district_id, created_at) values (6586, 'Xã Tiên An', 375, NOW());
insert into ExampleDb.address_ward  (id, name, district_id, created_at) values (6587, 'Xã Tiên Lộc', 375, NOW());
insert into ExampleDb.address_ward  (id, name, district_id, created_at) values (6588, 'Xã Tiên Lập', 375, NOW());
insert into ExampleDb.address_district  (id, name, province_id, created_at) values (376, 'Huyện Bắc Trà My', 33, NOW());
insert into ExampleDb.address_ward  (id, name, district_id, created_at) values (6589, 'Thị trấn Trà My', 376, NOW());
insert into ExampleDb.address_ward  (id, name, district_id, created_at) values (6590, 'Xã Trà Sơn', 376, NOW());
insert into ExampleDb.address_ward  (id, name, district_id, created_at) values (6591, 'Xã Trà Kót', 376, NOW());
insert into ExampleDb.address_ward  (id, name, district_id, created_at) values (6592, 'Xã Trà Nú', 376, NOW());
insert into ExampleDb.address_ward  (id, name, district_id, created_at) values (6593, 'Xã Trà Đông', 376, NOW());
insert into ExampleDb.address_ward  (id, name, district_id, created_at) values (6594, 'Xã Trà Dương', 376, NOW());
insert into ExampleDb.address_ward  (id, name, district_id, created_at) values (6595, 'Xã Trà Giang', 376, NOW());
insert into ExampleDb.address_ward  (id, name, district_id, created_at) values (6596, 'Xã Trà Bui', 376, NOW());
insert into ExampleDb.address_ward  (id, name, district_id, created_at) values (6597, 'Xã Trà Đốc', 376, NOW());
insert into ExampleDb.address_ward  (id, name, district_id, created_at) values (6598, 'Xã Trà Tân', 376, NOW());
insert into ExampleDb.address_ward  (id, name, district_id, created_at) values (6599, 'Xã Trà Giác', 376, NOW());
insert into ExampleDb.address_ward  (id, name, district_id, created_at) values (6600, 'Xã Trà Giáp', 376, NOW());
insert into ExampleDb.address_ward  (id, name, district_id, created_at) values (6601, 'Xã Trà Ka', 376, NOW());
insert into ExampleDb.address_district  (id, name, province_id, created_at) values (377, 'Huyện Nam Trà My', 33, NOW());
insert into ExampleDb.address_ward  (id, name, district_id, created_at) values (6602, 'Xã Trà Leng', 377, NOW());
insert into ExampleDb.address_ward  (id, name, district_id, created_at) values (6603, 'Xã Trà Dơn', 377, NOW());
insert into ExampleDb.address_ward  (id, name, district_id, created_at) values (6604, 'Xã Trà Tập', 377, NOW());
insert into ExampleDb.address_ward  (id, name, district_id, created_at) values (6605, 'Xã Trà Mai', 377, NOW());
insert into ExampleDb.address_ward  (id, name, district_id, created_at) values (6606, 'Xã Trà Cang', 377, NOW());
insert into ExampleDb.address_ward  (id, name, district_id, created_at) values (6607, 'Xã Trà Linh', 377, NOW());
insert into ExampleDb.address_ward  (id, name, district_id, created_at) values (6608, 'Xã Trà Nam', 377, NOW());
insert into ExampleDb.address_ward  (id, name, district_id, created_at) values (6609, 'Xã Trà Don', 377, NOW());
insert into ExampleDb.address_ward  (id, name, district_id, created_at) values (6610, 'Xã Trà Vân', 377, NOW());
insert into ExampleDb.address_ward  (id, name, district_id, created_at) values (6611, 'Xã Trà Vinh', 377, NOW());
insert into ExampleDb.address_district  (id, name, province_id, created_at) values (378, 'Huyện Núi Thành', 33, NOW());
insert into ExampleDb.address_ward  (id, name, district_id, created_at) values (6612, 'Thị trấn Núi Thành', 378, NOW());
insert into ExampleDb.address_ward  (id, name, district_id, created_at) values (6613, 'Xã Tam Xuân I', 378, NOW());
insert into ExampleDb.address_ward  (id, name, district_id, created_at) values (6614, 'Xã Tam Xuân II', 378, NOW());
insert into ExampleDb.address_ward  (id, name, district_id, created_at) values (6615, 'Xã Tam Tiến', 378, NOW());
insert into ExampleDb.address_ward  (id, name, district_id, created_at) values (6616, 'Xã Tam Sơn', 378, NOW());
insert into ExampleDb.address_ward  (id, name, district_id, created_at) values (6617, 'Xã Tam Thạnh', 378, NOW());
insert into ExampleDb.address_ward  (id, name, district_id, created_at) values (6618, 'Xã Tam Anh Bắc', 378, NOW());
insert into ExampleDb.address_ward  (id, name, district_id, created_at) values (6619, 'Xã Tam Anh Nam', 378, NOW());
insert into ExampleDb.address_ward  (id, name, district_id, created_at) values (6620, 'Xã Tam Hòa', 378, NOW());
insert into ExampleDb.address_ward  (id, name, district_id, created_at) values (6621, 'Xã Tam Hiệp', 378, NOW());
insert into ExampleDb.address_ward  (id, name, district_id, created_at) values (6622, 'Xã Tam Hải', 378, NOW());
insert into ExampleDb.address_ward  (id, name, district_id, created_at) values (6623, 'Xã Tam Giang', 378, NOW());
insert into ExampleDb.address_ward  (id, name, district_id, created_at) values (6624, 'Xã Tam Quang', 378, NOW());
insert into ExampleDb.address_ward  (id, name, district_id, created_at) values (6625, 'Xã Tam Nghĩa', 378, NOW());
insert into ExampleDb.address_ward  (id, name, district_id, created_at) values (6626, 'Xã Tam Mỹ Tây', 378, NOW());
insert into ExampleDb.address_ward  (id, name, district_id, created_at) values (6627, 'Xã Tam Mỹ Đông', 378, NOW());
insert into ExampleDb.address_ward  (id, name, district_id, created_at) values (6628, 'Xã Tam Trà', 378, NOW());
insert into ExampleDb.address_district  (id, name, province_id, created_at) values (379, 'Huyện Phú Ninh', 33, NOW());
insert into ExampleDb.address_ward  (id, name, district_id, created_at) values (6629, 'Thị trấn Phú Thịnh', 379, NOW());
insert into ExampleDb.address_ward  (id, name, district_id, created_at) values (6630, 'Xã Tam Thành', 379, NOW());
insert into ExampleDb.address_ward  (id, name, district_id, created_at) values (6631, 'Xã Tam An', 379, NOW());
insert into ExampleDb.address_ward  (id, name, district_id, created_at) values (6632, 'Xã Tam Đàn', 379, NOW());
insert into ExampleDb.address_ward  (id, name, district_id, created_at) values (6633, 'Xã Tam Lộc', 379, NOW());
insert into ExampleDb.address_ward  (id, name, district_id, created_at) values (6634, 'Xã Tam Phước', 379, NOW());
insert into ExampleDb.address_ward  (id, name, district_id, created_at) values (6635, 'Xã Tam Vinh', 379, NOW());
insert into ExampleDb.address_ward  (id, name, district_id, created_at) values (6636, 'Xã Tam Thái', 379, NOW());
insert into ExampleDb.address_ward  (id, name, district_id, created_at) values (6637, 'Xã Tam Đại', 379, NOW());
insert into ExampleDb.address_ward  (id, name, district_id, created_at) values (6638, 'Xã Tam Dân', 379, NOW());
insert into ExampleDb.address_ward  (id, name, district_id, created_at) values (6639, 'Xã Tam Lãnh', 379, NOW());
insert into ExampleDb.address_district  (id, name, province_id, created_at) values (380, 'Huyện Nông Sơn', 33, NOW());
insert into ExampleDb.address_ward  (id, name, district_id, created_at) values (6640, 'Xã Quế Trung', 380, NOW());
insert into ExampleDb.address_ward  (id, name, district_id, created_at) values (6641, 'Xã Ninh Phước', 380, NOW());
insert into ExampleDb.address_ward  (id, name, district_id, created_at) values (6642, 'Xã Phước Ninh', 380, NOW());
insert into ExampleDb.address_ward  (id, name, district_id, created_at) values (6643, 'Xã Quế Lộc', 380, NOW());
insert into ExampleDb.address_ward  (id, name, district_id, created_at) values (6644, 'Xã Sơn Viên', 380, NOW());
insert into ExampleDb.address_ward  (id, name, district_id, created_at) values (6645, 'Xã Quế Lâm', 380, NOW());
insert into ExampleDb.address_province (id, name, created_at) values (34, 'Tỉnh Quảng Ngãi', NOW());
insert into ExampleDb.address_district  (id, name, province_id, created_at) values (381, 'Thành phố Quảng Ngãi', 34, NOW());
insert into ExampleDb.address_ward  (id, name, district_id, created_at) values (6646, 'Phường Lê Hồng Phong', 381, NOW());
insert into ExampleDb.address_ward  (id, name, district_id, created_at) values (6647, 'Phường Trần Phú', 381, NOW());
insert into ExampleDb.address_ward  (id, name, district_id, created_at) values (6648, 'Phường Quảng Phú', 381, NOW());
insert into ExampleDb.address_ward  (id, name, district_id, created_at) values (6649, 'Phường Nghĩa Chánh', 381, NOW());
insert into ExampleDb.address_ward  (id, name, district_id, created_at) values (6650, 'Phường Trần Hưng Đạo', 381, NOW());
insert into ExampleDb.address_ward  (id, name, district_id, created_at) values (6651, 'Phường Nguyễn Nghiêm', 381, NOW());
insert into ExampleDb.address_ward  (id, name, district_id, created_at) values (6652, 'Phường Nghĩa Lộ', 381, NOW());
insert into ExampleDb.address_ward  (id, name, district_id, created_at) values (6653, 'Phường Chánh Lộ', 381, NOW());
insert into ExampleDb.address_ward  (id, name, district_id, created_at) values (6654, 'Xã Nghĩa Dũng', 381, NOW());
insert into ExampleDb.address_ward  (id, name, district_id, created_at) values (6655, 'Xã Nghĩa Dõng', 381, NOW());
insert into ExampleDb.address_ward  (id, name, district_id, created_at) values (6656, 'Phường Trương Quang Trọng', 381, NOW());
insert into ExampleDb.address_ward  (id, name, district_id, created_at) values (6657, 'Xã Tịnh Hòa', 381, NOW());
insert into ExampleDb.address_ward  (id, name, district_id, created_at) values (6658, 'Xã Tịnh Kỳ', 381, NOW());
insert into ExampleDb.address_ward  (id, name, district_id, created_at) values (6659, 'Xã Tịnh Thiện', 381, NOW());
insert into ExampleDb.address_ward  (id, name, district_id, created_at) values (6660, 'Xã Tịnh Ấn Đông', 381, NOW());
insert into ExampleDb.address_ward  (id, name, district_id, created_at) values (6661, 'Xã Tịnh Châu', 381, NOW());
insert into ExampleDb.address_ward  (id, name, district_id, created_at) values (6662, 'Xã Tịnh Khê', 381, NOW());
insert into ExampleDb.address_ward  (id, name, district_id, created_at) values (6663, 'Xã Tịnh Long', 381, NOW());
insert into ExampleDb.address_ward  (id, name, district_id, created_at) values (6664, 'Xã Tịnh Ấn Tây', 381, NOW());
insert into ExampleDb.address_ward  (id, name, district_id, created_at) values (6665, 'Xã Tịnh An', 381, NOW());
insert into ExampleDb.address_ward  (id, name, district_id, created_at) values (6666, 'Xã Nghĩa Phú', 381, NOW());
insert into ExampleDb.address_ward  (id, name, district_id, created_at) values (6667, 'Xã Nghĩa Hà', 381, NOW());
insert into ExampleDb.address_ward  (id, name, district_id, created_at) values (6668, 'Xã Nghĩa An', 381, NOW());
insert into ExampleDb.address_district  (id, name, province_id, created_at) values (382, 'Huyện Bình Sơn', 34, NOW());
insert into ExampleDb.address_ward  (id, name, district_id, created_at) values (6669, 'Thị Trấn Châu Ổ', 382, NOW());
insert into ExampleDb.address_ward  (id, name, district_id, created_at) values (6670, 'Xã Bình Thuận', 382, NOW());
insert into ExampleDb.address_ward  (id, name, district_id, created_at) values (6671, 'Xã Bình Thạnh', 382, NOW());
insert into ExampleDb.address_ward  (id, name, district_id, created_at) values (6672, 'Xã Bình Đông', 382, NOW());
insert into ExampleDb.address_ward  (id, name, district_id, created_at) values (6673, 'Xã Bình Chánh', 382, NOW());
insert into ExampleDb.address_ward  (id, name, district_id, created_at) values (6674, 'Xã Bình Nguyên', 382, NOW());
insert into ExampleDb.address_ward  (id, name, district_id, created_at) values (6675, 'Xã Bình Khương', 382, NOW());
insert into ExampleDb.address_ward  (id, name, district_id, created_at) values (6676, 'Xã Bình Trị', 382, NOW());
insert into ExampleDb.address_ward  (id, name, district_id, created_at) values (6677, 'Xã Bình An', 382, NOW());
insert into ExampleDb.address_ward  (id, name, district_id, created_at) values (6678, 'Xã Bình Hải', 382, NOW());
insert into ExampleDb.address_ward  (id, name, district_id, created_at) values (6679, 'Xã Bình Dương', 382, NOW());
insert into ExampleDb.address_ward  (id, name, district_id, created_at) values (6680, 'Xã Bình Phước', 382, NOW());
insert into ExampleDb.address_ward  (id, name, district_id, created_at) values (6681, 'Xã Bình Hòa', 382, NOW());
insert into ExampleDb.address_ward  (id, name, district_id, created_at) values (6682, 'Xã Bình Trung', 382, NOW());
insert into ExampleDb.address_ward  (id, name, district_id, created_at) values (6683, 'Xã Bình Minh', 382, NOW());
insert into ExampleDb.address_ward  (id, name, district_id, created_at) values (6684, 'Xã Bình Long', 382, NOW());
insert into ExampleDb.address_ward  (id, name, district_id, created_at) values (6685, 'Xã Bình Thanh ', 382, NOW());
insert into ExampleDb.address_ward  (id, name, district_id, created_at) values (6686, 'Xã Bình Chương', 382, NOW());
insert into ExampleDb.address_ward  (id, name, district_id, created_at) values (6687, 'Xã Bình Hiệp', 382, NOW());
insert into ExampleDb.address_ward  (id, name, district_id, created_at) values (6688, 'Xã Bình Mỹ', 382, NOW());
insert into ExampleDb.address_ward  (id, name, district_id, created_at) values (6689, 'Xã Bình Tân Phú', 382, NOW());
insert into ExampleDb.address_ward  (id, name, district_id, created_at) values (6690, 'Xã Bình Châu', 382, NOW());
insert into ExampleDb.address_district  (id, name, province_id, created_at) values (383, 'Huyện Trà Bồng', 34, NOW());
insert into ExampleDb.address_ward  (id, name, district_id, created_at) values (6691, 'Thị trấn Trà Xuân', 383, NOW());
insert into ExampleDb.address_ward  (id, name, district_id, created_at) values (6692, 'Xã Trà Giang', 383, NOW());
insert into ExampleDb.address_ward  (id, name, district_id, created_at) values (6693, 'Xã Trà Thủy', 383, NOW());
insert into ExampleDb.address_ward  (id, name, district_id, created_at) values (6694, 'Xã Trà Hiệp', 383, NOW());
insert into ExampleDb.address_ward  (id, name, district_id, created_at) values (6695, 'Xã Trà Bình', 383, NOW());
insert into ExampleDb.address_ward  (id, name, district_id, created_at) values (6696, 'Xã Trà Phú', 383, NOW());
insert into ExampleDb.address_ward  (id, name, district_id, created_at) values (6697, 'Xã Trà Lâm', 383, NOW());
insert into ExampleDb.address_ward  (id, name, district_id, created_at) values (6698, 'Xã Trà Tân', 383, NOW());
insert into ExampleDb.address_ward  (id, name, district_id, created_at) values (6699, 'Xã Trà Sơn', 383, NOW());
insert into ExampleDb.address_ward  (id, name, district_id, created_at) values (6700, 'Xã Trà Bùi', 383, NOW());
insert into ExampleDb.address_ward  (id, name, district_id, created_at) values (6701, 'Xã Trà Thanh', 383, NOW());
insert into ExampleDb.address_ward  (id, name, district_id, created_at) values (6702, 'Xã Sơn Trà', 383, NOW());
insert into ExampleDb.address_ward  (id, name, district_id, created_at) values (6703, 'Xã Trà Phong', 383, NOW());
insert into ExampleDb.address_ward  (id, name, district_id, created_at) values (6704, 'Xã Hương Trà', 383, NOW());
insert into ExampleDb.address_ward  (id, name, district_id, created_at) values (6705, 'Xã Trà Xinh', 383, NOW());
insert into ExampleDb.address_ward  (id, name, district_id, created_at) values (6706, 'Xã Trà Tây', 383, NOW());
insert into ExampleDb.address_district  (id, name, province_id, created_at) values (384, 'Huyện Sơn Tịnh', 34, NOW());
insert into ExampleDb.address_ward  (id, name, district_id, created_at) values (6707, 'Xã Tịnh Thọ', 384, NOW());
insert into ExampleDb.address_ward  (id, name, district_id, created_at) values (6708, 'Xã Tịnh Trà', 384, NOW());
insert into ExampleDb.address_ward  (id, name, district_id, created_at) values (6709, 'Xã Tịnh Phong', 384, NOW());
insert into ExampleDb.address_ward  (id, name, district_id, created_at) values (6710, 'Xã Tịnh Hiệp', 384, NOW());
insert into ExampleDb.address_ward  (id, name, district_id, created_at) values (6711, 'Xã Tịnh Bình', 384, NOW());
insert into ExampleDb.address_ward  (id, name, district_id, created_at) values (6712, 'Xã Tịnh Đông', 384, NOW());
insert into ExampleDb.address_ward  (id, name, district_id, created_at) values (6713, 'Xã Tịnh Bắc', 384, NOW());
insert into ExampleDb.address_ward  (id, name, district_id, created_at) values (6714, 'Xã Tịnh Sơn', 384, NOW());
insert into ExampleDb.address_ward  (id, name, district_id, created_at) values (6715, 'Xã Tịnh Hà', 384, NOW());
insert into ExampleDb.address_ward  (id, name, district_id, created_at) values (6716, 'Xã Tịnh Giang', 384, NOW());
insert into ExampleDb.address_ward  (id, name, district_id, created_at) values (6717, 'Xã Tịnh Minh', 384, NOW());
insert into ExampleDb.address_district  (id, name, province_id, created_at) values (385, 'Huyện Tư Nghĩa', 34, NOW());
insert into ExampleDb.address_ward  (id, name, district_id, created_at) values (6718, 'Thị trấn La Hà', 385, NOW());
insert into ExampleDb.address_ward  (id, name, district_id, created_at) values (6719, 'Thị trấn Sông Vệ', 385, NOW());
insert into ExampleDb.address_ward  (id, name, district_id, created_at) values (6720, 'Xã Nghĩa Lâm', 385, NOW());
insert into ExampleDb.address_ward  (id, name, district_id, created_at) values (6721, 'Xã Nghĩa Thắng', 385, NOW());
insert into ExampleDb.address_ward  (id, name, district_id, created_at) values (6722, 'Xã Nghĩa Thuận', 385, NOW());
insert into ExampleDb.address_ward  (id, name, district_id, created_at) values (6723, 'Xã Nghĩa Kỳ', 385, NOW());
insert into ExampleDb.address_ward  (id, name, district_id, created_at) values (6724, 'Xã Nghĩa Sơn', 385, NOW());
insert into ExampleDb.address_ward  (id, name, district_id, created_at) values (6725, 'Xã Nghĩa Hòa', 385, NOW());
insert into ExampleDb.address_ward  (id, name, district_id, created_at) values (6726, 'Xã Nghĩa Điền', 385, NOW());
insert into ExampleDb.address_ward  (id, name, district_id, created_at) values (6727, 'Xã Nghĩa Thương', 385, NOW());
insert into ExampleDb.address_ward  (id, name, district_id, created_at) values (6728, 'Xã Nghĩa Trung', 385, NOW());
insert into ExampleDb.address_ward  (id, name, district_id, created_at) values (6729, 'Xã Nghĩa Hiệp', 385, NOW());
insert into ExampleDb.address_ward  (id, name, district_id, created_at) values (6730, 'Xã Nghĩa Phương', 385, NOW());
insert into ExampleDb.address_ward  (id, name, district_id, created_at) values (6731, 'Xã Nghĩa Mỹ', 385, NOW());
insert into ExampleDb.address_district  (id, name, province_id, created_at) values (386, 'Huyện Sơn Hà', 34, NOW());
insert into ExampleDb.address_ward  (id, name, district_id, created_at) values (6732, 'Thị trấn Di Lăng', 386, NOW());
insert into ExampleDb.address_ward  (id, name, district_id, created_at) values (6733, 'Xã Sơn Hạ', 386, NOW());
insert into ExampleDb.address_ward  (id, name, district_id, created_at) values (6734, 'Xã Sơn Thành', 386, NOW());
insert into ExampleDb.address_ward  (id, name, district_id, created_at) values (6735, 'Xã Sơn Nham', 386, NOW());
insert into ExampleDb.address_ward  (id, name, district_id, created_at) values (6736, 'Xã Sơn Bao', 386, NOW());
insert into ExampleDb.address_ward  (id, name, district_id, created_at) values (6737, 'Xã Sơn Linh', 386, NOW());
insert into ExampleDb.address_ward  (id, name, district_id, created_at) values (6738, 'Xã Sơn Giang', 386, NOW());
insert into ExampleDb.address_ward  (id, name, district_id, created_at) values (6739, 'Xã Sơn Trung', 386, NOW());
insert into ExampleDb.address_ward  (id, name, district_id, created_at) values (6740, 'Xã Sơn Thượng', 386, NOW());
insert into ExampleDb.address_ward  (id, name, district_id, created_at) values (6741, 'Xã Sơn Cao', 386, NOW());
insert into ExampleDb.address_ward  (id, name, district_id, created_at) values (6742, 'Xã Sơn Hải', 386, NOW());
insert into ExampleDb.address_ward  (id, name, district_id, created_at) values (6743, 'Xã Sơn Thủy', 386, NOW());
insert into ExampleDb.address_ward  (id, name, district_id, created_at) values (6744, 'Xã Sơn Kỳ', 386, NOW());
insert into ExampleDb.address_ward  (id, name, district_id, created_at) values (6745, 'Xã Sơn Ba', 386, NOW());
insert into ExampleDb.address_district  (id, name, province_id, created_at) values (387, 'Huyện Sơn Tây', 34, NOW());
insert into ExampleDb.address_ward  (id, name, district_id, created_at) values (6746, 'Xã Sơn Bua', 387, NOW());
insert into ExampleDb.address_ward  (id, name, district_id, created_at) values (6747, 'Xã Sơn Mùa', 387, NOW());
insert into ExampleDb.address_ward  (id, name, district_id, created_at) values (6748, 'Xã Sơn Liên', 387, NOW());
insert into ExampleDb.address_ward  (id, name, district_id, created_at) values (6749, 'Xã Sơn Tân', 387, NOW());
insert into ExampleDb.address_ward  (id, name, district_id, created_at) values (6750, 'Xã Sơn Màu', 387, NOW());
insert into ExampleDb.address_ward  (id, name, district_id, created_at) values (6751, 'Xã Sơn Dung', 387, NOW());
insert into ExampleDb.address_ward  (id, name, district_id, created_at) values (6752, 'Xã Sơn Long', 387, NOW());
insert into ExampleDb.address_ward  (id, name, district_id, created_at) values (6753, 'Xã Sơn Tinh', 387, NOW());
insert into ExampleDb.address_ward  (id, name, district_id, created_at) values (6754, 'Xã Sơn Lập', 387, NOW());
insert into ExampleDb.address_district  (id, name, province_id, created_at) values (388, 'Huyện Minh Long', 34, NOW());
insert into ExampleDb.address_ward  (id, name, district_id, created_at) values (6755, 'Xã Long Sơn', 388, NOW());
insert into ExampleDb.address_ward  (id, name, district_id, created_at) values (6756, 'Xã Long Mai', 388, NOW());
insert into ExampleDb.address_ward  (id, name, district_id, created_at) values (6757, 'Xã Thanh An', 388, NOW());
insert into ExampleDb.address_ward  (id, name, district_id, created_at) values (6758, 'Xã Long Môn', 388, NOW());
insert into ExampleDb.address_ward  (id, name, district_id, created_at) values (6759, 'Xã Long Hiệp', 388, NOW());
insert into ExampleDb.address_district  (id, name, province_id, created_at) values (389, 'Huyện Nghĩa Hành', 34, NOW());
insert into ExampleDb.address_ward  (id, name, district_id, created_at) values (6760, 'Thị trấn Chợ Chùa', 389, NOW());
insert into ExampleDb.address_ward  (id, name, district_id, created_at) values (6761, 'Xã Hành Thuận', 389, NOW());
insert into ExampleDb.address_ward  (id, name, district_id, created_at) values (6762, 'Xã Hành Dũng', 389, NOW());
insert into ExampleDb.address_ward  (id, name, district_id, created_at) values (6763, 'Xã Hành Trung', 389, NOW());
insert into ExampleDb.address_ward  (id, name, district_id, created_at) values (6764, 'Xã Hành Nhân', 389, NOW());
insert into ExampleDb.address_ward  (id, name, district_id, created_at) values (6765, 'Xã Hành Đức', 389, NOW());
insert into ExampleDb.address_ward  (id, name, district_id, created_at) values (6766, 'Xã Hành Minh', 389, NOW());
insert into ExampleDb.address_ward  (id, name, district_id, created_at) values (6767, 'Xã Hành Phước', 389, NOW());
insert into ExampleDb.address_ward  (id, name, district_id, created_at) values (6768, 'Xã Hành Thiện', 389, NOW());
insert into ExampleDb.address_ward  (id, name, district_id, created_at) values (6769, 'Xã Hành Thịnh', 389, NOW());
insert into ExampleDb.address_ward  (id, name, district_id, created_at) values (6770, 'Xã Hành Tín Tây', 389, NOW());
insert into ExampleDb.address_ward  (id, name, district_id, created_at) values (6771, 'Xã Hành Tín  Đông', 389, NOW());
insert into ExampleDb.address_district  (id, name, province_id, created_at) values (390, 'Huyện Mộ Đức', 34, NOW());
insert into ExampleDb.address_ward  (id, name, district_id, created_at) values (6772, 'Thị trấn Mộ Đức', 390, NOW());
insert into ExampleDb.address_ward  (id, name, district_id, created_at) values (6773, 'Xã Đức Lợi', 390, NOW());
insert into ExampleDb.address_ward  (id, name, district_id, created_at) values (6774, 'Xã Đức Thắng', 390, NOW());
insert into ExampleDb.address_ward  (id, name, district_id, created_at) values (6775, 'Xã Đức Nhuận', 390, NOW());
insert into ExampleDb.address_ward  (id, name, district_id, created_at) values (6776, 'Xã Đức Chánh', 390, NOW());
insert into ExampleDb.address_ward  (id, name, district_id, created_at) values (6777, 'Xã Đức Hiệp', 390, NOW());
insert into ExampleDb.address_ward  (id, name, district_id, created_at) values (6778, 'Xã Đức Minh', 390, NOW());
insert into ExampleDb.address_ward  (id, name, district_id, created_at) values (6779, 'Xã Đức Thạnh', 390, NOW());
insert into ExampleDb.address_ward  (id, name, district_id, created_at) values (6780, 'Xã Đức Hòa', 390, NOW());
insert into ExampleDb.address_ward  (id, name, district_id, created_at) values (6781, 'Xã Đức Tân', 390, NOW());
insert into ExampleDb.address_ward  (id, name, district_id, created_at) values (6782, 'Xã Đức Phú', 390, NOW());
insert into ExampleDb.address_ward  (id, name, district_id, created_at) values (6783, 'Xã Đức Phong', 390, NOW());
insert into ExampleDb.address_ward  (id, name, district_id, created_at) values (6784, 'Xã Đức Lân', 390, NOW());
insert into ExampleDb.address_district  (id, name, province_id, created_at) values (391, 'Thị xã Đức Phổ', 34, NOW());
insert into ExampleDb.address_ward  (id, name, district_id, created_at) values (6785, 'Phường Nguyễn Nghiêm', 391, NOW());
insert into ExampleDb.address_ward  (id, name, district_id, created_at) values (6786, 'Xã Phổ An', 391, NOW());
insert into ExampleDb.address_ward  (id, name, district_id, created_at) values (6787, 'Xã Phổ Phong', 391, NOW());
insert into ExampleDb.address_ward  (id, name, district_id, created_at) values (6788, 'Xã Phổ Thuận', 391, NOW());
insert into ExampleDb.address_ward  (id, name, district_id, created_at) values (6789, 'Phường Phổ Văn', 391, NOW());
insert into ExampleDb.address_ward  (id, name, district_id, created_at) values (6790, 'Phường Phổ Quang', 391, NOW());
insert into ExampleDb.address_ward  (id, name, district_id, created_at) values (6791, 'Xã Phổ Nhơn', 391, NOW());
insert into ExampleDb.address_ward  (id, name, district_id, created_at) values (6792, 'Phường Phổ Ninh', 391, NOW());
insert into ExampleDb.address_ward  (id, name, district_id, created_at) values (6793, 'Phường Phổ Minh', 391, NOW());
insert into ExampleDb.address_ward  (id, name, district_id, created_at) values (6794, 'Phường Phổ Vinh', 391, NOW());
insert into ExampleDb.address_ward  (id, name, district_id, created_at) values (6795, 'Phường Phổ Hòa', 391, NOW());
insert into ExampleDb.address_ward  (id, name, district_id, created_at) values (6796, 'Xã Phổ Cường', 391, NOW());
insert into ExampleDb.address_ward  (id, name, district_id, created_at) values (6797, 'Xã Phổ Khánh', 391, NOW());
insert into ExampleDb.address_ward  (id, name, district_id, created_at) values (6798, 'Phường Phổ Thạnh', 391, NOW());
insert into ExampleDb.address_ward  (id, name, district_id, created_at) values (6799, 'Xã Phổ Châu', 391, NOW());
insert into ExampleDb.address_district  (id, name, province_id, created_at) values (392, 'Huyện Ba Tơ', 34, NOW());
insert into ExampleDb.address_ward  (id, name, district_id, created_at) values (6800, 'Thị trấn Ba Tơ', 392, NOW());
insert into ExampleDb.address_ward  (id, name, district_id, created_at) values (6801, 'Xã Ba Điền', 392, NOW());
insert into ExampleDb.address_ward  (id, name, district_id, created_at) values (6802, 'Xã Ba Vinh', 392, NOW());
insert into ExampleDb.address_ward  (id, name, district_id, created_at) values (6803, 'Xã Ba Thành', 392, NOW());
insert into ExampleDb.address_ward  (id, name, district_id, created_at) values (6804, 'Xã Ba Động', 392, NOW());
insert into ExampleDb.address_ward  (id, name, district_id, created_at) values (6805, 'Xã Ba Dinh', 392, NOW());
insert into ExampleDb.address_ward  (id, name, district_id, created_at) values (6806, 'Xã Ba Giang', 392, NOW());
insert into ExampleDb.address_ward  (id, name, district_id, created_at) values (6807, 'Xã Ba Liên', 392, NOW());
insert into ExampleDb.address_ward  (id, name, district_id, created_at) values (6808, 'Xã Ba Ngạc', 392, NOW());
insert into ExampleDb.address_ward  (id, name, district_id, created_at) values (6809, 'Xã Ba Khâm', 392, NOW());
insert into ExampleDb.address_ward  (id, name, district_id, created_at) values (6810, 'Xã Ba Cung', 392, NOW());
insert into ExampleDb.address_ward  (id, name, district_id, created_at) values (6811, 'Xã Ba Tiêu', 392, NOW());
insert into ExampleDb.address_ward  (id, name, district_id, created_at) values (6812, 'Xã Ba Trang', 392, NOW());
insert into ExampleDb.address_ward  (id, name, district_id, created_at) values (6813, 'Xã Ba Tô', 392, NOW());
insert into ExampleDb.address_ward  (id, name, district_id, created_at) values (6814, 'Xã Ba Bích', 392, NOW());
insert into ExampleDb.address_ward  (id, name, district_id, created_at) values (6815, 'Xã Ba Vì', 392, NOW());
insert into ExampleDb.address_ward  (id, name, district_id, created_at) values (6816, 'Xã Ba Lế', 392, NOW());
insert into ExampleDb.address_ward  (id, name, district_id, created_at) values (6817, 'Xã Ba Nam', 392, NOW());
insert into ExampleDb.address_ward  (id, name, district_id, created_at) values (6818, 'Xã Ba Xa', 392, NOW());
insert into ExampleDb.address_district  (id, name, province_id, created_at) values (393, 'Huyện Lý Sơn', 34, NOW());
insert into ExampleDb.address_province (id, name, created_at) values (35, 'Tỉnh Bình Định', NOW());
insert into ExampleDb.address_district  (id, name, province_id, created_at) values (394, 'Thành phố Quy Nhơn', 35, NOW());
insert into ExampleDb.address_ward  (id, name, district_id, created_at) values (6819, 'Phường Nhơn Bình', 394, NOW());
insert into ExampleDb.address_ward  (id, name, district_id, created_at) values (6820, 'Phường Nhơn Phú', 394, NOW());
insert into ExampleDb.address_ward  (id, name, district_id, created_at) values (6821, 'Phường Đống Đa', 394, NOW());
insert into ExampleDb.address_ward  (id, name, district_id, created_at) values (6822, 'Phường Trần Quang Diệu', 394, NOW());
insert into ExampleDb.address_ward  (id, name, district_id, created_at) values (6823, 'Phường Hải Cảng', 394, NOW());
insert into ExampleDb.address_ward  (id, name, district_id, created_at) values (6824, 'Phường Quang Trung', 394, NOW());
insert into ExampleDb.address_ward  (id, name, district_id, created_at) values (6825, 'Phường Thị Nại', 394, NOW());
insert into ExampleDb.address_ward  (id, name, district_id, created_at) values (6826, 'Phường Lê Hồng Phong', 394, NOW());
insert into ExampleDb.address_ward  (id, name, district_id, created_at) values (6827, 'Phường Trần Hưng Đạo', 394, NOW());
insert into ExampleDb.address_ward  (id, name, district_id, created_at) values (6828, 'Phường Ngô Mây', 394, NOW());
insert into ExampleDb.address_ward  (id, name, district_id, created_at) values (6829, 'Phường Lý Thường Kiệt', 394, NOW());
insert into ExampleDb.address_ward  (id, name, district_id, created_at) values (6830, 'Phường Lê Lợi', 394, NOW());
insert into ExampleDb.address_ward  (id, name, district_id, created_at) values (6831, 'Phường Trần Phú', 394, NOW());
insert into ExampleDb.address_ward  (id, name, district_id, created_at) values (6832, 'Phường Bùi Thị Xuân', 394, NOW());
insert into ExampleDb.address_ward  (id, name, district_id, created_at) values (6833, 'Phường Nguyễn Văn Cừ', 394, NOW());
insert into ExampleDb.address_ward  (id, name, district_id, created_at) values (6834, 'Phường Ghềnh Ráng', 394, NOW());
insert into ExampleDb.address_ward  (id, name, district_id, created_at) values (6835, 'Xã Nhơn Lý', 394, NOW());
insert into ExampleDb.address_ward  (id, name, district_id, created_at) values (6836, 'Xã Nhơn Hội', 394, NOW());
insert into ExampleDb.address_ward  (id, name, district_id, created_at) values (6837, 'Xã Nhơn Hải', 394, NOW());
insert into ExampleDb.address_ward  (id, name, district_id, created_at) values (6838, 'Xã Nhơn Châu', 394, NOW());
insert into ExampleDb.address_ward  (id, name, district_id, created_at) values (6839, 'Xã Phước Mỹ', 394, NOW());
insert into ExampleDb.address_district  (id, name, province_id, created_at) values (395, 'Huyện An Lão', 35, NOW());
insert into ExampleDb.address_ward  (id, name, district_id, created_at) values (6840, 'Thị trấn An Lão', 395, NOW());
insert into ExampleDb.address_ward  (id, name, district_id, created_at) values (6841, 'Xã An Hưng', 395, NOW());
insert into ExampleDb.address_ward  (id, name, district_id, created_at) values (6842, 'Xã An Trung', 395, NOW());
insert into ExampleDb.address_ward  (id, name, district_id, created_at) values (6843, 'Xã An Dũng', 395, NOW());
insert into ExampleDb.address_ward  (id, name, district_id, created_at) values (6844, 'Xã An Vinh', 395, NOW());
insert into ExampleDb.address_ward  (id, name, district_id, created_at) values (6845, 'Xã An Toàn', 395, NOW());
insert into ExampleDb.address_ward  (id, name, district_id, created_at) values (6846, 'Xã An Tân', 395, NOW());
insert into ExampleDb.address_ward  (id, name, district_id, created_at) values (6847, 'Xã An Hòa', 395, NOW());
insert into ExampleDb.address_ward  (id, name, district_id, created_at) values (6848, 'Xã An Quang', 395, NOW());
insert into ExampleDb.address_ward  (id, name, district_id, created_at) values (6849, 'Xã An Nghĩa', 395, NOW());
insert into ExampleDb.address_district  (id, name, province_id, created_at) values (396, 'Thị xã Hoài Nhơn', 35, NOW());
insert into ExampleDb.address_ward  (id, name, district_id, created_at) values (6850, 'Phường Tam Quan', 396, NOW());
insert into ExampleDb.address_ward  (id, name, district_id, created_at) values (6851, 'Phường Bồng Sơn', 396, NOW());
insert into ExampleDb.address_ward  (id, name, district_id, created_at) values (6852, 'Xã Hoài Sơn', 396, NOW());
insert into ExampleDb.address_ward  (id, name, district_id, created_at) values (6853, 'Xã Hoài Châu Bắc', 396, NOW());
insert into ExampleDb.address_ward  (id, name, district_id, created_at) values (6854, 'Xã Hoài Châu', 396, NOW());
insert into ExampleDb.address_ward  (id, name, district_id, created_at) values (6855, 'Xã Hoài Phú', 396, NOW());
insert into ExampleDb.address_ward  (id, name, district_id, created_at) values (6856, 'Phường Tam Quan Bắc', 396, NOW());
insert into ExampleDb.address_ward  (id, name, district_id, created_at) values (6857, 'Phường Tam Quan Nam', 396, NOW());
insert into ExampleDb.address_ward  (id, name, district_id, created_at) values (6858, 'Phường Hoài Hảo', 396, NOW());
insert into ExampleDb.address_ward  (id, name, district_id, created_at) values (6859, 'Phường Hoài Thanh Tây', 396, NOW());
insert into ExampleDb.address_ward  (id, name, district_id, created_at) values (6860, 'Phường Hoài Thanh', 396, NOW());
insert into ExampleDb.address_ward  (id, name, district_id, created_at) values (6861, 'Phường Hoài Hương', 396, NOW());
insert into ExampleDb.address_ward  (id, name, district_id, created_at) values (6862, 'Phường Hoài Tân', 396, NOW());
insert into ExampleDb.address_ward  (id, name, district_id, created_at) values (6863, 'Xã Hoài Hải', 396, NOW());
insert into ExampleDb.address_ward  (id, name, district_id, created_at) values (6864, 'Phường Hoài Xuân', 396, NOW());
insert into ExampleDb.address_ward  (id, name, district_id, created_at) values (6865, 'Xã Hoài Mỹ', 396, NOW());
insert into ExampleDb.address_ward  (id, name, district_id, created_at) values (6866, 'Phường Hoài Đức', 396, NOW());
insert into ExampleDb.address_district  (id, name, province_id, created_at) values (397, 'Huyện Hoài Ân', 35, NOW());
insert into ExampleDb.address_ward  (id, name, district_id, created_at) values (6867, 'Thị trấn Tăng Bạt Hổ', 397, NOW());
insert into ExampleDb.address_ward  (id, name, district_id, created_at) values (6868, 'Xã Ân Hảo Tây', 397, NOW());
insert into ExampleDb.address_ward  (id, name, district_id, created_at) values (6869, 'Xã Ân Hảo Đông', 397, NOW());
insert into ExampleDb.address_ward  (id, name, district_id, created_at) values (6870, 'Xã Ân Sơn', 397, NOW());
insert into ExampleDb.address_ward  (id, name, district_id, created_at) values (6871, 'Xã Ân Mỹ', 397, NOW());
insert into ExampleDb.address_ward  (id, name, district_id, created_at) values (6872, 'Xã Đak Mang', 397, NOW());
insert into ExampleDb.address_ward  (id, name, district_id, created_at) values (6873, 'Xã Ân Tín', 397, NOW());
insert into ExampleDb.address_ward  (id, name, district_id, created_at) values (6874, 'Xã Ân Thạnh', 397, NOW());
insert into ExampleDb.address_ward  (id, name, district_id, created_at) values (6875, 'Xã Ân Phong', 397, NOW());
insert into ExampleDb.address_ward  (id, name, district_id, created_at) values (6876, 'Xã Ân Đức', 397, NOW());
insert into ExampleDb.address_ward  (id, name, district_id, created_at) values (6877, 'Xã Ân Hữu', 397, NOW());
insert into ExampleDb.address_ward  (id, name, district_id, created_at) values (6878, 'Xã Bok Tới', 397, NOW());
insert into ExampleDb.address_ward  (id, name, district_id, created_at) values (6879, 'Xã Ân Tường Tây', 397, NOW());
insert into ExampleDb.address_ward  (id, name, district_id, created_at) values (6880, 'Xã Ân Tường Đông', 397, NOW());
insert into ExampleDb.address_ward  (id, name, district_id, created_at) values (6881, 'Xã Ân Nghĩa', 397, NOW());
insert into ExampleDb.address_district  (id, name, province_id, created_at) values (398, 'Huyện Phù Mỹ', 35, NOW());
insert into ExampleDb.address_ward  (id, name, district_id, created_at) values (6882, 'Thị trấn Phù Mỹ', 398, NOW());
insert into ExampleDb.address_ward  (id, name, district_id, created_at) values (6883, 'Thị trấn Bình Dương', 398, NOW());
insert into ExampleDb.address_ward  (id, name, district_id, created_at) values (6884, 'Xã Mỹ Đức', 398, NOW());
insert into ExampleDb.address_ward  (id, name, district_id, created_at) values (6885, 'Xã Mỹ Châu', 398, NOW());
insert into ExampleDb.address_ward  (id, name, district_id, created_at) values (6886, 'Xã Mỹ Thắng', 398, NOW());
insert into ExampleDb.address_ward  (id, name, district_id, created_at) values (6887, 'Xã Mỹ Lộc', 398, NOW());
insert into ExampleDb.address_ward  (id, name, district_id, created_at) values (6888, 'Xã Mỹ Lợi', 398, NOW());
insert into ExampleDb.address_ward  (id, name, district_id, created_at) values (6889, 'Xã Mỹ An', 398, NOW());
insert into ExampleDb.address_ward  (id, name, district_id, created_at) values (6890, 'Xã Mỹ Phong', 398, NOW());
insert into ExampleDb.address_ward  (id, name, district_id, created_at) values (6891, 'Xã Mỹ Trinh', 398, NOW());
insert into ExampleDb.address_ward  (id, name, district_id, created_at) values (6892, 'Xã Mỹ Thọ', 398, NOW());
insert into ExampleDb.address_ward  (id, name, district_id, created_at) values (6893, 'Xã Mỹ Hòa', 398, NOW());
insert into ExampleDb.address_ward  (id, name, district_id, created_at) values (6894, 'Xã Mỹ Thành', 398, NOW());
insert into ExampleDb.address_ward  (id, name, district_id, created_at) values (6895, 'Xã Mỹ Chánh', 398, NOW());
insert into ExampleDb.address_ward  (id, name, district_id, created_at) values (6896, 'Xã Mỹ Quang', 398, NOW());
insert into ExampleDb.address_ward  (id, name, district_id, created_at) values (6897, 'Xã Mỹ Hiệp', 398, NOW());
insert into ExampleDb.address_ward  (id, name, district_id, created_at) values (6898, 'Xã Mỹ Tài', 398, NOW());
insert into ExampleDb.address_ward  (id, name, district_id, created_at) values (6899, 'Xã Mỹ Cát', 398, NOW());
insert into ExampleDb.address_ward  (id, name, district_id, created_at) values (6900, 'Xã Mỹ Chánh Tây', 398, NOW());
insert into ExampleDb.address_district  (id, name, province_id, created_at) values (399, 'Huyện Vĩnh Thạnh', 35, NOW());
insert into ExampleDb.address_ward  (id, name, district_id, created_at) values (6901, 'Thị trấn Vĩnh Thạnh', 399, NOW());
insert into ExampleDb.address_ward  (id, name, district_id, created_at) values (6902, 'Xã Vĩnh Sơn', 399, NOW());
insert into ExampleDb.address_ward  (id, name, district_id, created_at) values (6903, 'Xã Vĩnh Kim', 399, NOW());
insert into ExampleDb.address_ward  (id, name, district_id, created_at) values (6904, 'Xã Vĩnh Hiệp', 399, NOW());
insert into ExampleDb.address_ward  (id, name, district_id, created_at) values (6905, 'Xã Vĩnh Hảo', 399, NOW());
insert into ExampleDb.address_ward  (id, name, district_id, created_at) values (6906, 'Xã Vĩnh Hòa', 399, NOW());
insert into ExampleDb.address_ward  (id, name, district_id, created_at) values (6907, 'Xã Vĩnh Thịnh', 399, NOW());
insert into ExampleDb.address_ward  (id, name, district_id, created_at) values (6908, 'Xã Vĩnh Thuận', 399, NOW());
insert into ExampleDb.address_ward  (id, name, district_id, created_at) values (6909, 'Xã Vĩnh Quang', 399, NOW());
insert into ExampleDb.address_district  (id, name, province_id, created_at) values (400, 'Huyện Tây Sơn', 35, NOW());
insert into ExampleDb.address_ward  (id, name, district_id, created_at) values (6910, 'Thị trấn Phú Phong', 400, NOW());
insert into ExampleDb.address_ward  (id, name, district_id, created_at) values (6911, 'Xã Bình Tân', 400, NOW());
insert into ExampleDb.address_ward  (id, name, district_id, created_at) values (6912, 'Xã Tây Thuận', 400, NOW());
insert into ExampleDb.address_ward  (id, name, district_id, created_at) values (6913, 'Xã Bình Thuận', 400, NOW());
insert into ExampleDb.address_ward  (id, name, district_id, created_at) values (6914, 'Xã Tây Giang', 400, NOW());
insert into ExampleDb.address_ward  (id, name, district_id, created_at) values (6915, 'Xã Bình Thành', 400, NOW());
insert into ExampleDb.address_ward  (id, name, district_id, created_at) values (6916, 'Xã Tây An', 400, NOW());
insert into ExampleDb.address_ward  (id, name, district_id, created_at) values (6917, 'Xã Bình Hòa', 400, NOW());
insert into ExampleDb.address_ward  (id, name, district_id, created_at) values (6918, 'Xã Tây Bình', 400, NOW());
insert into ExampleDb.address_ward  (id, name, district_id, created_at) values (6919, 'Xã Bình Tường', 400, NOW());
insert into ExampleDb.address_ward  (id, name, district_id, created_at) values (6920, 'Xã Tây Vinh', 400, NOW());
insert into ExampleDb.address_ward  (id, name, district_id, created_at) values (6921, 'Xã Vĩnh An', 400, NOW());
insert into ExampleDb.address_ward  (id, name, district_id, created_at) values (6922, 'Xã Tây Xuân', 400, NOW());
insert into ExampleDb.address_ward  (id, name, district_id, created_at) values (6923, 'Xã Bình Nghi', 400, NOW());
insert into ExampleDb.address_ward  (id, name, district_id, created_at) values (6924, 'Xã Tây Phú', 400, NOW());
insert into ExampleDb.address_district  (id, name, province_id, created_at) values (401, 'Huyện Phù Cát', 35, NOW());
insert into ExampleDb.address_ward  (id, name, district_id, created_at) values (6925, 'Thị trấn Ngô Mây', 401, NOW());
insert into ExampleDb.address_ward  (id, name, district_id, created_at) values (6926, 'Xã Cát Sơn', 401, NOW());
insert into ExampleDb.address_ward  (id, name, district_id, created_at) values (6927, 'Xã Cát Minh', 401, NOW());
insert into ExampleDb.address_ward  (id, name, district_id, created_at) values (6928, 'Xã Cát Khánh', 401, NOW());
insert into ExampleDb.address_ward  (id, name, district_id, created_at) values (6929, 'Xã Cát Tài', 401, NOW());
insert into ExampleDb.address_ward  (id, name, district_id, created_at) values (6930, 'Xã Cát Lâm', 401, NOW());
insert into ExampleDb.address_ward  (id, name, district_id, created_at) values (6931, 'Xã Cát Hanh', 401, NOW());
insert into ExampleDb.address_ward  (id, name, district_id, created_at) values (6932, 'Xã Cát Thành', 401, NOW());
insert into ExampleDb.address_ward  (id, name, district_id, created_at) values (6933, 'Xã Cát Trinh', 401, NOW());
insert into ExampleDb.address_ward  (id, name, district_id, created_at) values (6934, 'Xã Cát Hải', 401, NOW());
insert into ExampleDb.address_ward  (id, name, district_id, created_at) values (6935, 'Xã Cát Hiệp', 401, NOW());
insert into ExampleDb.address_ward  (id, name, district_id, created_at) values (6936, 'Xã Cát Nhơn', 401, NOW());
insert into ExampleDb.address_ward  (id, name, district_id, created_at) values (6937, 'Xã Cát Hưng', 401, NOW());
insert into ExampleDb.address_ward  (id, name, district_id, created_at) values (6938, 'Xã Cát Tường', 401, NOW());
insert into ExampleDb.address_ward  (id, name, district_id, created_at) values (6939, 'Xã Cát Tân', 401, NOW());
insert into ExampleDb.address_ward  (id, name, district_id, created_at) values (6940, 'Thị trấn Cát Tiến', 401, NOW());
insert into ExampleDb.address_ward  (id, name, district_id, created_at) values (6941, 'Xã Cát Thắng', 401, NOW());
insert into ExampleDb.address_ward  (id, name, district_id, created_at) values (6942, 'Xã Cát Chánh', 401, NOW());
insert into ExampleDb.address_district  (id, name, province_id, created_at) values (402, 'Thị xã An Nhơn', 35, NOW());
insert into ExampleDb.address_ward  (id, name, district_id, created_at) values (6943, 'Phường Bình Định', 402, NOW());
insert into ExampleDb.address_ward  (id, name, district_id, created_at) values (6944, 'Phường Đập Đá', 402, NOW());
insert into ExampleDb.address_ward  (id, name, district_id, created_at) values (6945, 'Xã Nhơn Mỹ', 402, NOW());
insert into ExampleDb.address_ward  (id, name, district_id, created_at) values (6946, 'Phường Nhơn Thành', 402, NOW());
insert into ExampleDb.address_ward  (id, name, district_id, created_at) values (6947, 'Xã Nhơn Hạnh', 402, NOW());
insert into ExampleDb.address_ward  (id, name, district_id, created_at) values (6948, 'Xã Nhơn Hậu', 402, NOW());
insert into ExampleDb.address_ward  (id, name, district_id, created_at) values (6949, 'Xã Nhơn Phong', 402, NOW());
insert into ExampleDb.address_ward  (id, name, district_id, created_at) values (6950, 'Xã Nhơn An', 402, NOW());
insert into ExampleDb.address_ward  (id, name, district_id, created_at) values (6951, 'Xã Nhơn Phúc', 402, NOW());
insert into ExampleDb.address_ward  (id, name, district_id, created_at) values (6952, 'Phường Nhơn Hưng', 402, NOW());
insert into ExampleDb.address_ward  (id, name, district_id, created_at) values (6953, 'Xã Nhơn Khánh', 402, NOW());
insert into ExampleDb.address_ward  (id, name, district_id, created_at) values (6954, 'Xã Nhơn Lộc', 402, NOW());
insert into ExampleDb.address_ward  (id, name, district_id, created_at) values (6955, 'Phường Nhơn Hoà', 402, NOW());
insert into ExampleDb.address_ward  (id, name, district_id, created_at) values (6956, 'Xã Nhơn Tân', 402, NOW());
insert into ExampleDb.address_ward  (id, name, district_id, created_at) values (6957, 'Xã Nhơn Thọ', 402, NOW());
insert into ExampleDb.address_district  (id, name, province_id, created_at) values (403, 'Huyện Tuy Phước', 35, NOW());
insert into ExampleDb.address_ward  (id, name, district_id, created_at) values (6958, 'Thị trấn Tuy Phước', 403, NOW());
insert into ExampleDb.address_ward  (id, name, district_id, created_at) values (6959, 'Thị trấn Diêu Trì', 403, NOW());
insert into ExampleDb.address_ward  (id, name, district_id, created_at) values (6960, 'Xã Phước Thắng', 403, NOW());
insert into ExampleDb.address_ward  (id, name, district_id, created_at) values (6961, 'Xã Phước Hưng', 403, NOW());
insert into ExampleDb.address_ward  (id, name, district_id, created_at) values (6962, 'Xã Phước Quang', 403, NOW());
insert into ExampleDb.address_ward  (id, name, district_id, created_at) values (6963, 'Xã Phước Hòa', 403, NOW());
insert into ExampleDb.address_ward  (id, name, district_id, created_at) values (6964, 'Xã Phước Sơn', 403, NOW());
insert into ExampleDb.address_ward  (id, name, district_id, created_at) values (6965, 'Xã Phước Hiệp', 403, NOW());
insert into ExampleDb.address_ward  (id, name, district_id, created_at) values (6966, 'Xã Phước Lộc', 403, NOW());
insert into ExampleDb.address_ward  (id, name, district_id, created_at) values (6967, 'Xã Phước Nghĩa', 403, NOW());
insert into ExampleDb.address_ward  (id, name, district_id, created_at) values (6968, 'Xã Phước Thuận', 403, NOW());
insert into ExampleDb.address_ward  (id, name, district_id, created_at) values (6969, 'Xã Phước An', 403, NOW());
insert into ExampleDb.address_ward  (id, name, district_id, created_at) values (6970, 'Xã Phước Thành', 403, NOW());
insert into ExampleDb.address_district  (id, name, province_id, created_at) values (404, 'Huyện Vân Canh', 35, NOW());
insert into ExampleDb.address_ward  (id, name, district_id, created_at) values (6971, 'Thị trấn Vân Canh', 404, NOW());
insert into ExampleDb.address_ward  (id, name, district_id, created_at) values (6972, 'Xã Canh Liên', 404, NOW());
insert into ExampleDb.address_ward  (id, name, district_id, created_at) values (6973, 'Xã Canh Hiệp', 404, NOW());
insert into ExampleDb.address_ward  (id, name, district_id, created_at) values (6974, 'Xã Canh Vinh', 404, NOW());
insert into ExampleDb.address_ward  (id, name, district_id, created_at) values (6975, 'Xã Canh Hiển', 404, NOW());
insert into ExampleDb.address_ward  (id, name, district_id, created_at) values (6976, 'Xã Canh Thuận', 404, NOW());
insert into ExampleDb.address_ward  (id, name, district_id, created_at) values (6977, 'Xã Canh Hòa', 404, NOW());
insert into ExampleDb.address_province (id, name, created_at) values (36, 'Tỉnh Phú Yên', NOW());
insert into ExampleDb.address_district  (id, name, province_id, created_at) values (405, 'Thành phố Tuy Hoà', 36, NOW());
insert into ExampleDb.address_ward  (id, name, district_id, created_at) values (6978, 'Phường 1', 405, NOW());
insert into ExampleDb.address_ward  (id, name, district_id, created_at) values (6979, 'Phường 8', 405, NOW());
insert into ExampleDb.address_ward  (id, name, district_id, created_at) values (6980, 'Phường 2', 405, NOW());
insert into ExampleDb.address_ward  (id, name, district_id, created_at) values (6981, 'Phường 9', 405, NOW());
insert into ExampleDb.address_ward  (id, name, district_id, created_at) values (6982, 'Phường 3', 405, NOW());
insert into ExampleDb.address_ward  (id, name, district_id, created_at) values (6983, 'Phường 4', 405, NOW());
insert into ExampleDb.address_ward  (id, name, district_id, created_at) values (6984, 'Phường 5', 405, NOW());
insert into ExampleDb.address_ward  (id, name, district_id, created_at) values (6985, 'Phường 7', 405, NOW());
insert into ExampleDb.address_ward  (id, name, district_id, created_at) values (6986, 'Phường 6', 405, NOW());
insert into ExampleDb.address_ward  (id, name, district_id, created_at) values (6987, 'Phường Phú Thạnh', 405, NOW());
insert into ExampleDb.address_ward  (id, name, district_id, created_at) values (6988, 'Phường Phú Đông', 405, NOW());
insert into ExampleDb.address_ward  (id, name, district_id, created_at) values (6989, 'Xã Hòa Kiến', 405, NOW());
insert into ExampleDb.address_ward  (id, name, district_id, created_at) values (6990, 'Xã Bình Kiến', 405, NOW());
insert into ExampleDb.address_ward  (id, name, district_id, created_at) values (6991, 'Xã Bình Ngọc', 405, NOW());
insert into ExampleDb.address_ward  (id, name, district_id, created_at) values (6992, 'Xã An Phú', 405, NOW());
insert into ExampleDb.address_ward  (id, name, district_id, created_at) values (6993, 'Phường Phú Lâm', 405, NOW());
insert into ExampleDb.address_district  (id, name, province_id, created_at) values (406, 'Thị xã Sông Cầu', 36, NOW());
insert into ExampleDb.address_ward  (id, name, district_id, created_at) values (6994, 'Phường Xuân Phú', 406, NOW());
insert into ExampleDb.address_ward  (id, name, district_id, created_at) values (6995, 'Xã Xuân Lâm', 406, NOW());
insert into ExampleDb.address_ward  (id, name, district_id, created_at) values (6996, 'Phường Xuân Thành', 406, NOW());
insert into ExampleDb.address_ward  (id, name, district_id, created_at) values (6997, 'Xã Xuân Hải', 406, NOW());
insert into ExampleDb.address_ward  (id, name, district_id, created_at) values (6998, 'Xã Xuân Lộc', 406, NOW());
insert into ExampleDb.address_ward  (id, name, district_id, created_at) values (6999, 'Xã Xuân Bình', 406, NOW());
insert into ExampleDb.address_ward  (id, name, district_id, created_at) values (7000, 'Xã Xuân Cảnh', 406, NOW());
insert into ExampleDb.address_ward  (id, name, district_id, created_at) values (7001, 'Xã Xuân Thịnh', 406, NOW());
insert into ExampleDb.address_ward  (id, name, district_id, created_at) values (7002, 'Xã Xuân Phương', 406, NOW());
insert into ExampleDb.address_ward  (id, name, district_id, created_at) values (7003, 'Phường Xuân Yên', 406, NOW());
insert into ExampleDb.address_ward  (id, name, district_id, created_at) values (7004, 'Xã Xuân Thọ 1', 406, NOW());
insert into ExampleDb.address_ward  (id, name, district_id, created_at) values (7005, 'Phường Xuân Đài', 406, NOW());
insert into ExampleDb.address_ward  (id, name, district_id, created_at) values (7006, 'Xã Xuân Thọ 2', 406, NOW());
insert into ExampleDb.address_district  (id, name, province_id, created_at) values (407, 'Huyện Đồng Xuân', 36, NOW());
insert into ExampleDb.address_ward  (id, name, district_id, created_at) values (7007, 'Thị trấn La Hai', 407, NOW());
insert into ExampleDb.address_ward  (id, name, district_id, created_at) values (7008, 'Xã Đa Lộc', 407, NOW());
insert into ExampleDb.address_ward  (id, name, district_id, created_at) values (7009, 'Xã Phú Mỡ', 407, NOW());
insert into ExampleDb.address_ward  (id, name, district_id, created_at) values (7010, 'Xã Xuân Lãnh', 407, NOW());
insert into ExampleDb.address_ward  (id, name, district_id, created_at) values (7011, 'Xã Xuân Long', 407, NOW());
insert into ExampleDb.address_ward  (id, name, district_id, created_at) values (7012, 'Xã Xuân Quang 1', 407, NOW());
insert into ExampleDb.address_ward  (id, name, district_id, created_at) values (7013, 'Xã Xuân Sơn Bắc', 407, NOW());
insert into ExampleDb.address_ward  (id, name, district_id, created_at) values (7014, 'Xã Xuân Quang 2', 407, NOW());
insert into ExampleDb.address_ward  (id, name, district_id, created_at) values (7015, 'Xã Xuân Sơn Nam', 407, NOW());
insert into ExampleDb.address_ward  (id, name, district_id, created_at) values (7016, 'Xã Xuân Quang 3', 407, NOW());
insert into ExampleDb.address_ward  (id, name, district_id, created_at) values (7017, 'Xã Xuân Phước', 407, NOW());
insert into ExampleDb.address_district  (id, name, province_id, created_at) values (408, 'Huyện Tuy An', 36, NOW());
insert into ExampleDb.address_ward  (id, name, district_id, created_at) values (7018, 'Thị trấn Chí Thạnh', 408, NOW());
insert into ExampleDb.address_ward  (id, name, district_id, created_at) values (7019, 'Xã An Dân', 408, NOW());
insert into ExampleDb.address_ward  (id, name, district_id, created_at) values (7020, 'Xã An Ninh Tây', 408, NOW());
insert into ExampleDb.address_ward  (id, name, district_id, created_at) values (7021, 'Xã An Ninh Đông', 408, NOW());
insert into ExampleDb.address_ward  (id, name, district_id, created_at) values (7022, 'Xã An Thạch', 408, NOW());
insert into ExampleDb.address_ward  (id, name, district_id, created_at) values (7023, 'Xã An Định', 408, NOW());
insert into ExampleDb.address_ward  (id, name, district_id, created_at) values (7024, 'Xã An Nghiệp', 408, NOW());
insert into ExampleDb.address_ward  (id, name, district_id, created_at) values (7025, 'Xã An Cư', 408, NOW());
insert into ExampleDb.address_ward  (id, name, district_id, created_at) values (7026, 'Xã An Xuân', 408, NOW());
insert into ExampleDb.address_ward  (id, name, district_id, created_at) values (7027, 'Xã An Lĩnh', 408, NOW());
insert into ExampleDb.address_ward  (id, name, district_id, created_at) values (7028, 'Xã An Hòa Hải', 408, NOW());
insert into ExampleDb.address_ward  (id, name, district_id, created_at) values (7029, 'Xã An Hiệp', 408, NOW());
insert into ExampleDb.address_ward  (id, name, district_id, created_at) values (7030, 'Xã An Mỹ', 408, NOW());
insert into ExampleDb.address_ward  (id, name, district_id, created_at) values (7031, 'Xã An Chấn', 408, NOW());
insert into ExampleDb.address_ward  (id, name, district_id, created_at) values (7032, 'Xã An Thọ', 408, NOW());
insert into ExampleDb.address_district  (id, name, province_id, created_at) values (409, 'Huyện Sơn Hòa', 36, NOW());
insert into ExampleDb.address_ward  (id, name, district_id, created_at) values (7033, 'Thị trấn Củng Sơn', 409, NOW());
insert into ExampleDb.address_ward  (id, name, district_id, created_at) values (7034, 'Xã Phước Tân', 409, NOW());
insert into ExampleDb.address_ward  (id, name, district_id, created_at) values (7035, 'Xã Sơn Hội', 409, NOW());
insert into ExampleDb.address_ward  (id, name, district_id, created_at) values (7036, 'Xã Sơn Định', 409, NOW());
insert into ExampleDb.address_ward  (id, name, district_id, created_at) values (7037, 'Xã Sơn Long', 409, NOW());
insert into ExampleDb.address_ward  (id, name, district_id, created_at) values (7038, 'Xã Cà Lúi', 409, NOW());
insert into ExampleDb.address_ward  (id, name, district_id, created_at) values (7039, 'Xã Sơn Phước', 409, NOW());
insert into ExampleDb.address_ward  (id, name, district_id, created_at) values (7040, 'Xã Sơn Xuân', 409, NOW());
insert into ExampleDb.address_ward  (id, name, district_id, created_at) values (7041, 'Xã Sơn Nguyên', 409, NOW());
insert into ExampleDb.address_ward  (id, name, district_id, created_at) values (7042, 'Xã Eachà Rang', 409, NOW());
insert into ExampleDb.address_ward  (id, name, district_id, created_at) values (7043, 'Xã Krông Pa', 409, NOW());
insert into ExampleDb.address_ward  (id, name, district_id, created_at) values (7044, 'Xã Suối Bạc', 409, NOW());
insert into ExampleDb.address_ward  (id, name, district_id, created_at) values (7045, 'Xã Sơn Hà', 409, NOW());
insert into ExampleDb.address_ward  (id, name, district_id, created_at) values (7046, 'Xã Suối Trai', 409, NOW());
insert into ExampleDb.address_district  (id, name, province_id, created_at) values (410, 'Huyện Sông Hinh', 36, NOW());
insert into ExampleDb.address_ward  (id, name, district_id, created_at) values (7047, 'Thị trấn Hai Riêng', 410, NOW());
insert into ExampleDb.address_ward  (id, name, district_id, created_at) values (7048, 'Xã Ea Lâm', 410, NOW());
insert into ExampleDb.address_ward  (id, name, district_id, created_at) values (7049, 'Xã Đức Bình Tây', 410, NOW());
insert into ExampleDb.address_ward  (id, name, district_id, created_at) values (7050, 'Xã Ea Bá', 410, NOW());
insert into ExampleDb.address_ward  (id, name, district_id, created_at) values (7051, 'Xã Sơn Giang', 410, NOW());
insert into ExampleDb.address_ward  (id, name, district_id, created_at) values (7052, 'Xã Đức Bình Đông', 410, NOW());
insert into ExampleDb.address_ward  (id, name, district_id, created_at) values (7053, 'Xã EaBar', 410, NOW());
insert into ExampleDb.address_ward  (id, name, district_id, created_at) values (7054, 'Xã EaBia', 410, NOW());
insert into ExampleDb.address_ward  (id, name, district_id, created_at) values (7055, 'Xã EaTrol', 410, NOW());
insert into ExampleDb.address_ward  (id, name, district_id, created_at) values (7056, 'Xã Sông Hinh', 410, NOW());
insert into ExampleDb.address_ward  (id, name, district_id, created_at) values (7057, 'Xã Ealy', 410, NOW());
insert into ExampleDb.address_district  (id, name, province_id, created_at) values (411, 'Huyện Tây Hoà', 36, NOW());
insert into ExampleDb.address_ward  (id, name, district_id, created_at) values (7058, 'Xã Sơn Thành Tây', 411, NOW());
insert into ExampleDb.address_ward  (id, name, district_id, created_at) values (7059, 'Xã Sơn Thành Đông', 411, NOW());
insert into ExampleDb.address_ward  (id, name, district_id, created_at) values (7060, 'Xã Hòa Bình 1', 411, NOW());
insert into ExampleDb.address_ward  (id, name, district_id, created_at) values (7061, 'Thị trấn Phú Thứ', 411, NOW());
insert into ExampleDb.address_ward  (id, name, district_id, created_at) values (7062, 'Xã Hòa Phong', 411, NOW());
insert into ExampleDb.address_ward  (id, name, district_id, created_at) values (7063, 'Xã Hòa Phú', 411, NOW());
insert into ExampleDb.address_ward  (id, name, district_id, created_at) values (7064, 'Xã Hòa Tân Tây', 411, NOW());
insert into ExampleDb.address_ward  (id, name, district_id, created_at) values (7065, 'Xã Hòa Đồng', 411, NOW());
insert into ExampleDb.address_ward  (id, name, district_id, created_at) values (7066, 'Xã Hòa Mỹ Đông', 411, NOW());
insert into ExampleDb.address_ward  (id, name, district_id, created_at) values (7067, 'Xã Hòa Mỹ Tây', 411, NOW());
insert into ExampleDb.address_ward  (id, name, district_id, created_at) values (7068, 'Xã Hòa Thịnh', 411, NOW());
insert into ExampleDb.address_district  (id, name, province_id, created_at) values (412, 'Huyện Phú Hoà', 36, NOW());
insert into ExampleDb.address_ward  (id, name, district_id, created_at) values (7069, 'Xã Hòa Quang Bắc', 412, NOW());
insert into ExampleDb.address_ward  (id, name, district_id, created_at) values (7070, 'Xã Hòa Quang Nam', 412, NOW());
insert into ExampleDb.address_ward  (id, name, district_id, created_at) values (7071, 'Xã Hòa Hội', 412, NOW());
insert into ExampleDb.address_ward  (id, name, district_id, created_at) values (7072, 'Xã Hòa Trị', 412, NOW());
insert into ExampleDb.address_ward  (id, name, district_id, created_at) values (7073, 'Xã Hòa An', 412, NOW());
insert into ExampleDb.address_ward  (id, name, district_id, created_at) values (7074, 'Xã Hòa Định Đông', 412, NOW());
insert into ExampleDb.address_ward  (id, name, district_id, created_at) values (7075, 'Thị Trấn Phú Hoà', 412, NOW());
insert into ExampleDb.address_ward  (id, name, district_id, created_at) values (7076, 'Xã Hòa Định Tây', 412, NOW());
insert into ExampleDb.address_ward  (id, name, district_id, created_at) values (7077, 'Xã Hòa Thắng', 412, NOW());
insert into ExampleDb.address_district  (id, name, province_id, created_at) values (413, 'Thị xã Đông Hòa', 36, NOW());
insert into ExampleDb.address_ward  (id, name, district_id, created_at) values (7078, 'Xã Hòa Thành', 413, NOW());
insert into ExampleDb.address_ward  (id, name, district_id, created_at) values (7079, 'Phường Hòa Hiệp Bắc', 413, NOW());
insert into ExampleDb.address_ward  (id, name, district_id, created_at) values (7080, 'Phường Hoà Vinh', 413, NOW());
insert into ExampleDb.address_ward  (id, name, district_id, created_at) values (7081, 'Phường Hoà Hiệp Trung', 413, NOW());
insert into ExampleDb.address_ward  (id, name, district_id, created_at) values (7082, 'Xã Hòa Tân Đông', 413, NOW());
insert into ExampleDb.address_ward  (id, name, district_id, created_at) values (7083, 'Phường Hòa Xuân Tây', 413, NOW());
insert into ExampleDb.address_ward  (id, name, district_id, created_at) values (7084, 'Phường Hòa Hiệp Nam', 413, NOW());
insert into ExampleDb.address_ward  (id, name, district_id, created_at) values (7085, 'Xã Hòa Xuân Đông', 413, NOW());
insert into ExampleDb.address_ward  (id, name, district_id, created_at) values (7086, 'Xã Hòa Tâm', 413, NOW());
insert into ExampleDb.address_ward  (id, name, district_id, created_at) values (7087, 'Xã Hòa Xuân Nam', 413, NOW());
insert into ExampleDb.address_province (id, name, created_at) values (37, 'Tỉnh Khánh Hòa', NOW());
insert into ExampleDb.address_district  (id, name, province_id, created_at) values (414, 'Thành phố Nha Trang', 37, NOW());
insert into ExampleDb.address_ward  (id, name, district_id, created_at) values (7088, 'Phường Vĩnh Hòa', 414, NOW());
insert into ExampleDb.address_ward  (id, name, district_id, created_at) values (7089, 'Phường Vĩnh Hải', 414, NOW());
insert into ExampleDb.address_ward  (id, name, district_id, created_at) values (7090, 'Phường Vĩnh Phước', 414, NOW());
insert into ExampleDb.address_ward  (id, name, district_id, created_at) values (7091, 'Phường Ngọc Hiệp', 414, NOW());
insert into ExampleDb.address_ward  (id, name, district_id, created_at) values (7092, 'Phường Vĩnh Thọ', 414, NOW());
insert into ExampleDb.address_ward  (id, name, district_id, created_at) values (7093, 'Phường Xương Huân', 414, NOW());
insert into ExampleDb.address_ward  (id, name, district_id, created_at) values (7094, 'Phường Vạn Thắng', 414, NOW());
insert into ExampleDb.address_ward  (id, name, district_id, created_at) values (7095, 'Phường Vạn Thạnh', 414, NOW());
insert into ExampleDb.address_ward  (id, name, district_id, created_at) values (7096, 'Phường Phương Sài', 414, NOW());
insert into ExampleDb.address_ward  (id, name, district_id, created_at) values (7097, 'Phường Phương Sơn', 414, NOW());
insert into ExampleDb.address_ward  (id, name, district_id, created_at) values (7098, 'Phường Phước Hải', 414, NOW());
insert into ExampleDb.address_ward  (id, name, district_id, created_at) values (7099, 'Phường Phước Tân', 414, NOW());
insert into ExampleDb.address_ward  (id, name, district_id, created_at) values (7100, 'Phường Lộc Thọ', 414, NOW());
insert into ExampleDb.address_ward  (id, name, district_id, created_at) values (7101, 'Phường Phước Tiến', 414, NOW());
insert into ExampleDb.address_ward  (id, name, district_id, created_at) values (7102, 'Phường Tân Lập', 414, NOW());
insert into ExampleDb.address_ward  (id, name, district_id, created_at) values (7103, 'Phường Phước Hòa', 414, NOW());
insert into ExampleDb.address_ward  (id, name, district_id, created_at) values (7104, 'Phường Vĩnh Nguyên', 414, NOW());
insert into ExampleDb.address_ward  (id, name, district_id, created_at) values (7105, 'Phường Phước Long', 414, NOW());
insert into ExampleDb.address_ward  (id, name, district_id, created_at) values (7106, 'Phường Vĩnh Trường', 414, NOW());
insert into ExampleDb.address_ward  (id, name, district_id, created_at) values (7107, 'Xã Vĩnh Lương', 414, NOW());
insert into ExampleDb.address_ward  (id, name, district_id, created_at) values (7108, 'Xã Vĩnh Phương', 414, NOW());
insert into ExampleDb.address_ward  (id, name, district_id, created_at) values (7109, 'Xã Vĩnh Ngọc', 414, NOW());
insert into ExampleDb.address_ward  (id, name, district_id, created_at) values (7110, 'Xã Vĩnh Thạnh', 414, NOW());
insert into ExampleDb.address_ward  (id, name, district_id, created_at) values (7111, 'Xã Vĩnh Trung', 414, NOW());
insert into ExampleDb.address_ward  (id, name, district_id, created_at) values (7112, 'Xã Vĩnh Hiệp', 414, NOW());
insert into ExampleDb.address_ward  (id, name, district_id, created_at) values (7113, 'Xã Vĩnh Thái', 414, NOW());
insert into ExampleDb.address_ward  (id, name, district_id, created_at) values (7114, 'Xã Phước Đồng', 414, NOW());
insert into ExampleDb.address_district  (id, name, province_id, created_at) values (415, 'Thành phố Cam Ranh', 37, NOW());
insert into ExampleDb.address_ward  (id, name, district_id, created_at) values (7115, 'Phường Cam Nghĩa', 415, NOW());
insert into ExampleDb.address_ward  (id, name, district_id, created_at) values (7116, 'Phường Cam Phúc Bắc', 415, NOW());
insert into ExampleDb.address_ward  (id, name, district_id, created_at) values (7117, 'Phường Cam Phúc Nam', 415, NOW());
insert into ExampleDb.address_ward  (id, name, district_id, created_at) values (7118, 'Phường Cam Lộc', 415, NOW());
insert into ExampleDb.address_ward  (id, name, district_id, created_at) values (7119, 'Phường Cam Phú', 415, NOW());
insert into ExampleDb.address_ward  (id, name, district_id, created_at) values (7120, 'Phường Ba Ngòi', 415, NOW());
insert into ExampleDb.address_ward  (id, name, district_id, created_at) values (7121, 'Phường Cam Thuận', 415, NOW());
insert into ExampleDb.address_ward  (id, name, district_id, created_at) values (7122, 'Phường Cam Lợi', 415, NOW());
insert into ExampleDb.address_ward  (id, name, district_id, created_at) values (7123, 'Phường Cam Linh', 415, NOW());
insert into ExampleDb.address_ward  (id, name, district_id, created_at) values (7124, 'Xã Cam Thành Nam', 415, NOW());
insert into ExampleDb.address_ward  (id, name, district_id, created_at) values (7125, 'Xã Cam Phước Đông', 415, NOW());
insert into ExampleDb.address_ward  (id, name, district_id, created_at) values (7126, 'Xã Cam Thịnh Tây', 415, NOW());
insert into ExampleDb.address_ward  (id, name, district_id, created_at) values (7127, 'Xã Cam Thịnh Đông', 415, NOW());
insert into ExampleDb.address_ward  (id, name, district_id, created_at) values (7128, 'Xã Cam Lập', 415, NOW());
insert into ExampleDb.address_ward  (id, name, district_id, created_at) values (7129, 'Xã Cam Bình', 415, NOW());
insert into ExampleDb.address_district  (id, name, province_id, created_at) values (416, 'Huyện Cam Lâm', 37, NOW());
insert into ExampleDb.address_ward  (id, name, district_id, created_at) values (7130, 'Xã Cam Tân', 416, NOW());
insert into ExampleDb.address_ward  (id, name, district_id, created_at) values (7131, 'Xã Cam Hòa', 416, NOW());
insert into ExampleDb.address_ward  (id, name, district_id, created_at) values (7132, 'Xã Cam Hải Đông', 416, NOW());
insert into ExampleDb.address_ward  (id, name, district_id, created_at) values (7133, 'Xã Cam Hải Tây', 416, NOW());
insert into ExampleDb.address_ward  (id, name, district_id, created_at) values (7134, 'Xã Sơn Tân', 416, NOW());
insert into ExampleDb.address_ward  (id, name, district_id, created_at) values (7135, 'Xã Cam Hiệp Bắc', 416, NOW());
insert into ExampleDb.address_ward  (id, name, district_id, created_at) values (7136, 'Thị trấn Cam Đức', 416, NOW());
insert into ExampleDb.address_ward  (id, name, district_id, created_at) values (7137, 'Xã Cam Hiệp Nam', 416, NOW());
insert into ExampleDb.address_ward  (id, name, district_id, created_at) values (7138, 'Xã Cam Phước Tây', 416, NOW());
insert into ExampleDb.address_ward  (id, name, district_id, created_at) values (7139, 'Xã Cam Thành Bắc', 416, NOW());
insert into ExampleDb.address_ward  (id, name, district_id, created_at) values (7140, 'Xã Cam An Bắc', 416, NOW());
insert into ExampleDb.address_ward  (id, name, district_id, created_at) values (7141, 'Xã Cam An Nam', 416, NOW());
insert into ExampleDb.address_ward  (id, name, district_id, created_at) values (7142, 'Xã Suối Cát', 416, NOW());
insert into ExampleDb.address_ward  (id, name, district_id, created_at) values (7143, 'Xã Suối Tân', 416, NOW());
insert into ExampleDb.address_district  (id, name, province_id, created_at) values (417, 'Huyện Vạn Ninh', 37, NOW());
insert into ExampleDb.address_ward  (id, name, district_id, created_at) values (7144, 'Thị trấn Vạn Giã', 417, NOW());
insert into ExampleDb.address_ward  (id, name, district_id, created_at) values (7145, 'Xã Đại Lãnh', 417, NOW());
insert into ExampleDb.address_ward  (id, name, district_id, created_at) values (7146, 'Xã Vạn Phước', 417, NOW());
insert into ExampleDb.address_ward  (id, name, district_id, created_at) values (7147, 'Xã Vạn Long', 417, NOW());
insert into ExampleDb.address_ward  (id, name, district_id, created_at) values (7148, 'Xã Vạn Bình', 417, NOW());
insert into ExampleDb.address_ward  (id, name, district_id, created_at) values (7149, 'Xã Vạn Thọ', 417, NOW());
insert into ExampleDb.address_ward  (id, name, district_id, created_at) values (7150, 'Xã Vạn Khánh', 417, NOW());
insert into ExampleDb.address_ward  (id, name, district_id, created_at) values (7151, 'Xã Vạn Phú', 417, NOW());
insert into ExampleDb.address_ward  (id, name, district_id, created_at) values (7152, 'Xã Vạn Lương', 417, NOW());
insert into ExampleDb.address_ward  (id, name, district_id, created_at) values (7153, 'Xã Vạn Thắng', 417, NOW());
insert into ExampleDb.address_ward  (id, name, district_id, created_at) values (7154, 'Xã Vạn Thạnh', 417, NOW());
insert into ExampleDb.address_ward  (id, name, district_id, created_at) values (7155, 'Xã Xuân Sơn', 417, NOW());
insert into ExampleDb.address_ward  (id, name, district_id, created_at) values (7156, 'Xã Vạn Hưng', 417, NOW());
insert into ExampleDb.address_district  (id, name, province_id, created_at) values (418, 'Thị xã Ninh Hòa', 37, NOW());
insert into ExampleDb.address_ward  (id, name, district_id, created_at) values (7157, 'Phường Ninh Hiệp', 418, NOW());
insert into ExampleDb.address_ward  (id, name, district_id, created_at) values (7158, 'Xã Ninh Sơn', 418, NOW());
insert into ExampleDb.address_ward  (id, name, district_id, created_at) values (7159, 'Xã Ninh Tây', 418, NOW());
insert into ExampleDb.address_ward  (id, name, district_id, created_at) values (7160, 'Xã Ninh Thượng', 418, NOW());
insert into ExampleDb.address_ward  (id, name, district_id, created_at) values (7161, 'Xã Ninh An', 418, NOW());
insert into ExampleDb.address_ward  (id, name, district_id, created_at) values (7162, 'Phường Ninh Hải', 418, NOW());
insert into ExampleDb.address_ward  (id, name, district_id, created_at) values (7163, 'Xã Ninh Thọ', 418, NOW());
insert into ExampleDb.address_ward  (id, name, district_id, created_at) values (7164, 'Xã Ninh Trung', 418, NOW());
insert into ExampleDb.address_ward  (id, name, district_id, created_at) values (7165, 'Xã Ninh Sim', 418, NOW());
insert into ExampleDb.address_ward  (id, name, district_id, created_at) values (7166, 'Xã Ninh Xuân', 418, NOW());
insert into ExampleDb.address_ward  (id, name, district_id, created_at) values (7167, 'Xã Ninh Thân', 418, NOW());
insert into ExampleDb.address_ward  (id, name, district_id, created_at) values (7168, 'Phường Ninh Diêm', 418, NOW());
insert into ExampleDb.address_ward  (id, name, district_id, created_at) values (7169, 'Xã Ninh Đông', 418, NOW());
insert into ExampleDb.address_ward  (id, name, district_id, created_at) values (7170, 'Phường Ninh Thủy', 418, NOW());
insert into ExampleDb.address_ward  (id, name, district_id, created_at) values (7171, 'Phường Ninh Đa', 418, NOW());
insert into ExampleDb.address_ward  (id, name, district_id, created_at) values (7172, 'Xã Ninh Phụng', 418, NOW());
insert into ExampleDb.address_ward  (id, name, district_id, created_at) values (7173, 'Xã Ninh Bình', 418, NOW());
insert into ExampleDb.address_ward  (id, name, district_id, created_at) values (7174, 'Xã Ninh Phước', 418, NOW());
insert into ExampleDb.address_ward  (id, name, district_id, created_at) values (7175, 'Xã Ninh Phú', 418, NOW());
insert into ExampleDb.address_ward  (id, name, district_id, created_at) values (7176, 'Xã Ninh Tân', 418, NOW());
insert into ExampleDb.address_ward  (id, name, district_id, created_at) values (7177, 'Xã Ninh Quang', 418, NOW());
insert into ExampleDb.address_ward  (id, name, district_id, created_at) values (7178, 'Phường Ninh Giang', 418, NOW());
insert into ExampleDb.address_ward  (id, name, district_id, created_at) values (7179, 'Phường Ninh Hà', 418, NOW());
insert into ExampleDb.address_ward  (id, name, district_id, created_at) values (7180, 'Xã Ninh Hưng', 418, NOW());
insert into ExampleDb.address_ward  (id, name, district_id, created_at) values (7181, 'Xã Ninh Lộc', 418, NOW());
insert into ExampleDb.address_ward  (id, name, district_id, created_at) values (7182, 'Xã Ninh Ích', 418, NOW());
insert into ExampleDb.address_ward  (id, name, district_id, created_at) values (7183, 'Xã Ninh Vân', 418, NOW());
insert into ExampleDb.address_district  (id, name, province_id, created_at) values (419, 'Huyện Khánh Vĩnh', 37, NOW());
insert into ExampleDb.address_ward  (id, name, district_id, created_at) values (7184, 'Thị trấn Khánh Vĩnh', 419, NOW());
insert into ExampleDb.address_ward  (id, name, district_id, created_at) values (7185, 'Xã Khánh Hiệp', 419, NOW());
insert into ExampleDb.address_ward  (id, name, district_id, created_at) values (7186, 'Xã Khánh Bình', 419, NOW());
insert into ExampleDb.address_ward  (id, name, district_id, created_at) values (7187, 'Xã Khánh Trung', 419, NOW());
insert into ExampleDb.address_ward  (id, name, district_id, created_at) values (7188, 'Xã Khánh Đông', 419, NOW());
insert into ExampleDb.address_ward  (id, name, district_id, created_at) values (7189, 'Xã Khánh Thượng', 419, NOW());
insert into ExampleDb.address_ward  (id, name, district_id, created_at) values (7190, 'Xã Khánh Nam', 419, NOW());
insert into ExampleDb.address_ward  (id, name, district_id, created_at) values (7191, 'Xã Sông Cầu', 419, NOW());
insert into ExampleDb.address_ward  (id, name, district_id, created_at) values (7192, 'Xã Giang Ly', 419, NOW());
insert into ExampleDb.address_ward  (id, name, district_id, created_at) values (7193, 'Xã Cầu Bà', 419, NOW());
insert into ExampleDb.address_ward  (id, name, district_id, created_at) values (7194, 'Xã Liên Sang', 419, NOW());
insert into ExampleDb.address_ward  (id, name, district_id, created_at) values (7195, 'Xã Khánh Thành', 419, NOW());
insert into ExampleDb.address_ward  (id, name, district_id, created_at) values (7196, 'Xã Khánh Phú', 419, NOW());
insert into ExampleDb.address_ward  (id, name, district_id, created_at) values (7197, 'Xã Sơn Thái', 419, NOW());
insert into ExampleDb.address_district  (id, name, province_id, created_at) values (420, 'Huyện Diên Khánh', 37, NOW());
insert into ExampleDb.address_ward  (id, name, district_id, created_at) values (7198, 'Thị trấn Diên Khánh', 420, NOW());
insert into ExampleDb.address_ward  (id, name, district_id, created_at) values (7199, 'Xã Diên Lâm', 420, NOW());
insert into ExampleDb.address_ward  (id, name, district_id, created_at) values (7200, 'Xã Diên Điền', 420, NOW());
insert into ExampleDb.address_ward  (id, name, district_id, created_at) values (7201, 'Xã Diên Xuân', 420, NOW());
insert into ExampleDb.address_ward  (id, name, district_id, created_at) values (7202, 'Xã Diên Sơn', 420, NOW());
insert into ExampleDb.address_ward  (id, name, district_id, created_at) values (7203, 'Xã Diên Đồng', 420, NOW());
insert into ExampleDb.address_ward  (id, name, district_id, created_at) values (7204, 'Xã Diên Phú', 420, NOW());
insert into ExampleDb.address_ward  (id, name, district_id, created_at) values (7205, 'Xã Diên Thọ', 420, NOW());
insert into ExampleDb.address_ward  (id, name, district_id, created_at) values (7206, 'Xã Diên Phước', 420, NOW());
insert into ExampleDb.address_ward  (id, name, district_id, created_at) values (7207, 'Xã Diên Lạc', 420, NOW());
insert into ExampleDb.address_ward  (id, name, district_id, created_at) values (7208, 'Xã Diên Tân', 420, NOW());
insert into ExampleDb.address_ward  (id, name, district_id, created_at) values (7209, 'Xã Diên Hòa', 420, NOW());
insert into ExampleDb.address_ward  (id, name, district_id, created_at) values (7210, 'Xã Diên Thạnh', 420, NOW());
insert into ExampleDb.address_ward  (id, name, district_id, created_at) values (7211, 'Xã Diên Toàn', 420, NOW());
insert into ExampleDb.address_ward  (id, name, district_id, created_at) values (7212, 'Xã Diên An', 420, NOW());
insert into ExampleDb.address_ward  (id, name, district_id, created_at) values (7213, 'Xã Bình Lộc', 420, NOW());
insert into ExampleDb.address_ward  (id, name, district_id, created_at) values (7214, 'Xã Suối Hiệp', 420, NOW());
insert into ExampleDb.address_ward  (id, name, district_id, created_at) values (7215, 'Xã Suối Tiên', 420, NOW());
insert into ExampleDb.address_district  (id, name, province_id, created_at) values (421, 'Huyện Khánh Sơn', 37, NOW());
insert into ExampleDb.address_ward  (id, name, district_id, created_at) values (7216, 'Thị trấn Tô Hạp', 421, NOW());
insert into ExampleDb.address_ward  (id, name, district_id, created_at) values (7217, 'Xã Thành Sơn', 421, NOW());
insert into ExampleDb.address_ward  (id, name, district_id, created_at) values (7218, 'Xã Sơn Lâm', 421, NOW());
insert into ExampleDb.address_ward  (id, name, district_id, created_at) values (7219, 'Xã Sơn Hiệp', 421, NOW());
insert into ExampleDb.address_ward  (id, name, district_id, created_at) values (7220, 'Xã Sơn Bình', 421, NOW());
insert into ExampleDb.address_ward  (id, name, district_id, created_at) values (7221, 'Xã Sơn Trung', 421, NOW());
insert into ExampleDb.address_ward  (id, name, district_id, created_at) values (7222, 'Xã Ba Cụm Bắc', 421, NOW());
insert into ExampleDb.address_ward  (id, name, district_id, created_at) values (7223, 'Xã Ba Cụm Nam', 421, NOW());
insert into ExampleDb.address_district  (id, name, province_id, created_at) values (422, 'Huyện Trường Sa', 37, NOW());
insert into ExampleDb.address_ward  (id, name, district_id, created_at) values (7224, 'Thị trấn Trường Sa', 422, NOW());
insert into ExampleDb.address_ward  (id, name, district_id, created_at) values (7225, 'Xã Song Tử Tây', 422, NOW());
insert into ExampleDb.address_ward  (id, name, district_id, created_at) values (7226, 'Xã Sinh Tồn', 422, NOW());
insert into ExampleDb.address_province (id, name, created_at) values (38, 'Tỉnh Ninh Thuận', NOW());
insert into ExampleDb.address_district  (id, name, province_id, created_at) values (423, 'Thành phố Phan Rang-Tháp Chàm', 38, NOW());
insert into ExampleDb.address_ward  (id, name, district_id, created_at) values (7227, 'Phường Đô Vinh', 423, NOW());
insert into ExampleDb.address_ward  (id, name, district_id, created_at) values (7228, 'Phường Phước Mỹ', 423, NOW());
insert into ExampleDb.address_ward  (id, name, district_id, created_at) values (7229, 'Phường Bảo An', 423, NOW());
insert into ExampleDb.address_ward  (id, name, district_id, created_at) values (7230, 'Phường Phủ Hà', 423, NOW());
insert into ExampleDb.address_ward  (id, name, district_id, created_at) values (7231, 'Phường Thanh Sơn', 423, NOW());
insert into ExampleDb.address_ward  (id, name, district_id, created_at) values (7232, 'Phường Mỹ Hương', 423, NOW());
insert into ExampleDb.address_ward  (id, name, district_id, created_at) values (7233, 'Phường Tấn Tài', 423, NOW());
insert into ExampleDb.address_ward  (id, name, district_id, created_at) values (7234, 'Phường Kinh Dinh', 423, NOW());
insert into ExampleDb.address_ward  (id, name, district_id, created_at) values (7235, 'Phường Đạo Long', 423, NOW());
insert into ExampleDb.address_ward  (id, name, district_id, created_at) values (7236, 'Phường Đài Sơn', 423, NOW());
insert into ExampleDb.address_ward  (id, name, district_id, created_at) values (7237, 'Phường Đông Hải', 423, NOW());
insert into ExampleDb.address_ward  (id, name, district_id, created_at) values (7238, 'Phường Mỹ Đông', 423, NOW());
insert into ExampleDb.address_ward  (id, name, district_id, created_at) values (7239, 'Xã Thành Hải', 423, NOW());
insert into ExampleDb.address_ward  (id, name, district_id, created_at) values (7240, 'Phường Văn Hải', 423, NOW());
insert into ExampleDb.address_ward  (id, name, district_id, created_at) values (7241, 'Phường Mỹ Bình', 423, NOW());
insert into ExampleDb.address_ward  (id, name, district_id, created_at) values (7242, 'Phường Mỹ Hải', 423, NOW());
insert into ExampleDb.address_district  (id, name, province_id, created_at) values (424, 'Huyện Bác Ái', 38, NOW());
insert into ExampleDb.address_ward  (id, name, district_id, created_at) values (7243, 'Xã Phước Bình', 424, NOW());
insert into ExampleDb.address_ward  (id, name, district_id, created_at) values (7244, 'Xã Phước Hòa', 424, NOW());
insert into ExampleDb.address_ward  (id, name, district_id, created_at) values (7245, 'Xã Phước Tân', 424, NOW());
insert into ExampleDb.address_ward  (id, name, district_id, created_at) values (7246, 'Xã Phước Tiến', 424, NOW());
insert into ExampleDb.address_ward  (id, name, district_id, created_at) values (7247, 'Xã Phước Thắng', 424, NOW());
insert into ExampleDb.address_ward  (id, name, district_id, created_at) values (7248, 'Xã Phước Thành', 424, NOW());
insert into ExampleDb.address_ward  (id, name, district_id, created_at) values (7249, 'Xã Phước Đại', 424, NOW());
insert into ExampleDb.address_ward  (id, name, district_id, created_at) values (7250, 'Xã Phước Chính', 424, NOW());
insert into ExampleDb.address_ward  (id, name, district_id, created_at) values (7251, 'Xã Phước Trung', 424, NOW());
insert into ExampleDb.address_district  (id, name, province_id, created_at) values (425, 'Huyện Ninh Sơn', 38, NOW());
insert into ExampleDb.address_ward  (id, name, district_id, created_at) values (7252, 'Thị trấn Tân Sơn', 425, NOW());
insert into ExampleDb.address_ward  (id, name, district_id, created_at) values (7253, 'Xã Lâm Sơn', 425, NOW());
insert into ExampleDb.address_ward  (id, name, district_id, created_at) values (7254, 'Xã Lương Sơn', 425, NOW());
insert into ExampleDb.address_ward  (id, name, district_id, created_at) values (7255, 'Xã Quảng Sơn', 425, NOW());
insert into ExampleDb.address_ward  (id, name, district_id, created_at) values (7256, 'Xã Mỹ Sơn', 425, NOW());
insert into ExampleDb.address_ward  (id, name, district_id, created_at) values (7257, 'Xã Hòa Sơn', 425, NOW());
insert into ExampleDb.address_ward  (id, name, district_id, created_at) values (7258, 'Xã Ma Nới', 425, NOW());
insert into ExampleDb.address_ward  (id, name, district_id, created_at) values (7259, 'Xã Nhơn Sơn', 425, NOW());
insert into ExampleDb.address_district  (id, name, province_id, created_at) values (426, 'Huyện Ninh Hải', 38, NOW());
insert into ExampleDb.address_ward  (id, name, district_id, created_at) values (7260, 'Thị trấn Khánh Hải', 426, NOW());
insert into ExampleDb.address_ward  (id, name, district_id, created_at) values (7261, 'Xã Vĩnh Hải', 426, NOW());
insert into ExampleDb.address_ward  (id, name, district_id, created_at) values (7262, 'Xã Phương Hải', 426, NOW());
insert into ExampleDb.address_ward  (id, name, district_id, created_at) values (7263, 'Xã Tân Hải', 426, NOW());
insert into ExampleDb.address_ward  (id, name, district_id, created_at) values (7264, 'Xã Xuân Hải', 426, NOW());
insert into ExampleDb.address_ward  (id, name, district_id, created_at) values (7265, 'Xã Hộ Hải', 426, NOW());
insert into ExampleDb.address_ward  (id, name, district_id, created_at) values (7266, 'Xã Tri Hải', 426, NOW());
insert into ExampleDb.address_ward  (id, name, district_id, created_at) values (7267, 'Xã Nhơn Hải', 426, NOW());
insert into ExampleDb.address_ward  (id, name, district_id, created_at) values (7268, 'Xã Thanh Hải', 426, NOW());
insert into ExampleDb.address_district  (id, name, province_id, created_at) values (427, 'Huyện Ninh Phước', 38, NOW());
insert into ExampleDb.address_ward  (id, name, district_id, created_at) values (7269, 'Thị trấn Phước Dân', 427, NOW());
insert into ExampleDb.address_ward  (id, name, district_id, created_at) values (7270, 'Xã Phước Sơn', 427, NOW());
insert into ExampleDb.address_ward  (id, name, district_id, created_at) values (7271, 'Xã Phước Thái', 427, NOW());
insert into ExampleDb.address_ward  (id, name, district_id, created_at) values (7272, 'Xã Phước Hậu', 427, NOW());
insert into ExampleDb.address_ward  (id, name, district_id, created_at) values (7273, 'Xã Phước Thuận', 427, NOW());
insert into ExampleDb.address_ward  (id, name, district_id, created_at) values (7274, 'Xã An Hải', 427, NOW());
insert into ExampleDb.address_ward  (id, name, district_id, created_at) values (7275, 'Xã Phước Hữu', 427, NOW());
insert into ExampleDb.address_ward  (id, name, district_id, created_at) values (7276, 'Xã Phước Hải', 427, NOW());
insert into ExampleDb.address_ward  (id, name, district_id, created_at) values (7277, 'Xã Phước Vinh', 427, NOW());
insert into ExampleDb.address_district  (id, name, province_id, created_at) values (428, 'Huyện Thuận Bắc', 38, NOW());
insert into ExampleDb.address_ward  (id, name, district_id, created_at) values (7278, 'Xã Phước Chiến', 428, NOW());
insert into ExampleDb.address_ward  (id, name, district_id, created_at) values (7279, 'Xã Công Hải', 428, NOW());
insert into ExampleDb.address_ward  (id, name, district_id, created_at) values (7280, 'Xã Phước Kháng', 428, NOW());
insert into ExampleDb.address_ward  (id, name, district_id, created_at) values (7281, 'Xã Lợi Hải', 428, NOW());
insert into ExampleDb.address_ward  (id, name, district_id, created_at) values (7282, 'Xã Bắc Sơn', 428, NOW());
insert into ExampleDb.address_ward  (id, name, district_id, created_at) values (7283, 'Xã Bắc Phong', 428, NOW());
insert into ExampleDb.address_district  (id, name, province_id, created_at) values (429, 'Huyện Thuận Nam', 38, NOW());
insert into ExampleDb.address_ward  (id, name, district_id, created_at) values (7284, 'Xã Phước Hà', 429, NOW());
insert into ExampleDb.address_ward  (id, name, district_id, created_at) values (7285, 'Xã Phước Nam', 429, NOW());
insert into ExampleDb.address_ward  (id, name, district_id, created_at) values (7286, 'Xã Phước Ninh', 429, NOW());
insert into ExampleDb.address_ward  (id, name, district_id, created_at) values (7287, 'Xã Nhị Hà', 429, NOW());
insert into ExampleDb.address_ward  (id, name, district_id, created_at) values (7288, 'Xã Phước Dinh', 429, NOW());
insert into ExampleDb.address_ward  (id, name, district_id, created_at) values (7289, 'Xã Phước Minh', 429, NOW());
insert into ExampleDb.address_ward  (id, name, district_id, created_at) values (7290, 'Xã Phước Diêm', 429, NOW());
insert into ExampleDb.address_ward  (id, name, district_id, created_at) values (7291, 'Xã Cà Ná', 429, NOW());
insert into ExampleDb.address_province (id, name, created_at) values (39, 'Tỉnh Bình Thuận', NOW());
insert into ExampleDb.address_district  (id, name, province_id, created_at) values (430, 'Thành phố Phan Thiết', 39, NOW());
insert into ExampleDb.address_ward  (id, name, district_id, created_at) values (7292, 'Phường Mũi Né', 430, NOW());
insert into ExampleDb.address_ward  (id, name, district_id, created_at) values (7293, 'Phường Hàm Tiến', 430, NOW());
insert into ExampleDb.address_ward  (id, name, district_id, created_at) values (7294, 'Phường Phú Hài', 430, NOW());
insert into ExampleDb.address_ward  (id, name, district_id, created_at) values (7295, 'Phường Phú Thủy', 430, NOW());
insert into ExampleDb.address_ward  (id, name, district_id, created_at) values (7296, 'Phường Phú Tài', 430, NOW());
insert into ExampleDb.address_ward  (id, name, district_id, created_at) values (7297, 'Phường Phú Trinh', 430, NOW());
insert into ExampleDb.address_ward  (id, name, district_id, created_at) values (7298, 'Phường Xuân An', 430, NOW());
insert into ExampleDb.address_ward  (id, name, district_id, created_at) values (7299, 'Phường Thanh Hải', 430, NOW());
insert into ExampleDb.address_ward  (id, name, district_id, created_at) values (7300, 'Phường Bình Hưng', 430, NOW());
insert into ExampleDb.address_ward  (id, name, district_id, created_at) values (7301, 'Phường Đức Nghĩa', 430, NOW());
insert into ExampleDb.address_ward  (id, name, district_id, created_at) values (7302, 'Phường Lạc Đạo', 430, NOW());
insert into ExampleDb.address_ward  (id, name, district_id, created_at) values (7303, 'Phường Đức Thắng', 430, NOW());
insert into ExampleDb.address_ward  (id, name, district_id, created_at) values (7304, 'Phường Hưng Long', 430, NOW());
insert into ExampleDb.address_ward  (id, name, district_id, created_at) values (7305, 'Phường Đức Long', 430, NOW());
insert into ExampleDb.address_ward  (id, name, district_id, created_at) values (7306, 'Xã Thiện Nghiệp', 430, NOW());
insert into ExampleDb.address_ward  (id, name, district_id, created_at) values (7307, 'Xã Phong Nẫm', 430, NOW());
insert into ExampleDb.address_ward  (id, name, district_id, created_at) values (7308, 'Xã Tiến Lợi', 430, NOW());
insert into ExampleDb.address_ward  (id, name, district_id, created_at) values (7309, 'Xã Tiến Thành', 430, NOW());
insert into ExampleDb.address_district  (id, name, province_id, created_at) values (431, 'Thị xã La Gi', 39, NOW());
insert into ExampleDb.address_ward  (id, name, district_id, created_at) values (7310, 'Phường Phước Hội', 431, NOW());
insert into ExampleDb.address_ward  (id, name, district_id, created_at) values (7311, 'Phường Phước Lộc', 431, NOW());
insert into ExampleDb.address_ward  (id, name, district_id, created_at) values (7312, 'Phường Tân Thiện', 431, NOW());
insert into ExampleDb.address_ward  (id, name, district_id, created_at) values (7313, 'Phường Tân An', 431, NOW());
insert into ExampleDb.address_ward  (id, name, district_id, created_at) values (7314, 'Phường Bình Tân', 431, NOW());
insert into ExampleDb.address_ward  (id, name, district_id, created_at) values (7315, 'Xã Tân Hải', 431, NOW());
insert into ExampleDb.address_ward  (id, name, district_id, created_at) values (7316, 'Xã Tân Tiến', 431, NOW());
insert into ExampleDb.address_ward  (id, name, district_id, created_at) values (7317, 'Xã Tân Bình', 431, NOW());
insert into ExampleDb.address_ward  (id, name, district_id, created_at) values (7318, 'Xã Tân Phước', 431, NOW());
insert into ExampleDb.address_district  (id, name, province_id, created_at) values (432, 'Huyện Tuy Phong', 39, NOW());
insert into ExampleDb.address_ward  (id, name, district_id, created_at) values (7319, 'Thị trấn Liên Hương', 432, NOW());
insert into ExampleDb.address_ward  (id, name, district_id, created_at) values (7320, 'Thị trấn Phan Rí Cửa', 432, NOW());
insert into ExampleDb.address_ward  (id, name, district_id, created_at) values (7321, 'Xã Phan Dũng', 432, NOW());
insert into ExampleDb.address_ward  (id, name, district_id, created_at) values (7322, 'Xã Phong Phú', 432, NOW());
insert into ExampleDb.address_ward  (id, name, district_id, created_at) values (7323, 'Xã Vĩnh Hảo', 432, NOW());
insert into ExampleDb.address_ward  (id, name, district_id, created_at) values (7324, 'Xã Vĩnh Tân', 432, NOW());
insert into ExampleDb.address_ward  (id, name, district_id, created_at) values (7325, 'Xã Phú Lạc', 432, NOW());
insert into ExampleDb.address_ward  (id, name, district_id, created_at) values (7326, 'Xã Phước Thể', 432, NOW());
insert into ExampleDb.address_ward  (id, name, district_id, created_at) values (7327, 'Xã Hòa Minh', 432, NOW());
insert into ExampleDb.address_ward  (id, name, district_id, created_at) values (7328, 'Xã Chí Công', 432, NOW());
insert into ExampleDb.address_ward  (id, name, district_id, created_at) values (7329, 'Xã Bình Thạnh', 432, NOW());
insert into ExampleDb.address_district  (id, name, province_id, created_at) values (433, 'Huyện Bắc Bình', 39, NOW());
insert into ExampleDb.address_ward  (id, name, district_id, created_at) values (7330, 'Thị trấn Chợ Lầu', 433, NOW());
insert into ExampleDb.address_ward  (id, name, district_id, created_at) values (7331, 'Xã Phan Sơn', 433, NOW());
insert into ExampleDb.address_ward  (id, name, district_id, created_at) values (7332, 'Xã Phan Lâm', 433, NOW());
insert into ExampleDb.address_ward  (id, name, district_id, created_at) values (7333, 'Xã Bình An', 433, NOW());
insert into ExampleDb.address_ward  (id, name, district_id, created_at) values (7334, 'Xã Phan Điền', 433, NOW());
insert into ExampleDb.address_ward  (id, name, district_id, created_at) values (7335, 'Xã Hải Ninh', 433, NOW());
insert into ExampleDb.address_ward  (id, name, district_id, created_at) values (7336, 'Xã Sông Lũy', 433, NOW());
insert into ExampleDb.address_ward  (id, name, district_id, created_at) values (7337, 'Xã Phan Tiến', 433, NOW());
insert into ExampleDb.address_ward  (id, name, district_id, created_at) values (7338, 'Xã Sông Bình', 433, NOW());
insert into ExampleDb.address_ward  (id, name, district_id, created_at) values (7339, 'Thị trấn Lương Sơn', 433, NOW());
insert into ExampleDb.address_ward  (id, name, district_id, created_at) values (7340, 'Xã Phan Hòa', 433, NOW());
insert into ExampleDb.address_ward  (id, name, district_id, created_at) values (7341, 'Xã Phan Thanh', 433, NOW());
insert into ExampleDb.address_ward  (id, name, district_id, created_at) values (7342, 'Xã Hồng Thái', 433, NOW());
insert into ExampleDb.address_ward  (id, name, district_id, created_at) values (7343, 'Xã Phan Hiệp', 433, NOW());
insert into ExampleDb.address_ward  (id, name, district_id, created_at) values (7344, 'Xã Bình Tân', 433, NOW());
insert into ExampleDb.address_ward  (id, name, district_id, created_at) values (7345, 'Xã Phan Rí Thành', 433, NOW());
insert into ExampleDb.address_ward  (id, name, district_id, created_at) values (7346, 'Xã Hòa Thắng', 433, NOW());
insert into ExampleDb.address_ward  (id, name, district_id, created_at) values (7347, 'Xã Hồng Phong', 433, NOW());
insert into ExampleDb.address_district  (id, name, province_id, created_at) values (434, 'Huyện Hàm Thuận Bắc', 39, NOW());
insert into ExampleDb.address_ward  (id, name, district_id, created_at) values (7348, 'Thị trấn Ma Lâm', 434, NOW());
insert into ExampleDb.address_ward  (id, name, district_id, created_at) values (7349, 'Thị trấn Phú Long', 434, NOW());
insert into ExampleDb.address_ward  (id, name, district_id, created_at) values (7350, 'Xã La Dạ', 434, NOW());
insert into ExampleDb.address_ward  (id, name, district_id, created_at) values (7351, 'Xã Đông Tiến', 434, NOW());
insert into ExampleDb.address_ward  (id, name, district_id, created_at) values (7352, 'Xã Thuận Hòa', 434, NOW());
insert into ExampleDb.address_ward  (id, name, district_id, created_at) values (7353, 'Xã Đông Giang', 434, NOW());
insert into ExampleDb.address_ward  (id, name, district_id, created_at) values (7354, 'Xã Hàm Phú', 434, NOW());
insert into ExampleDb.address_ward  (id, name, district_id, created_at) values (7355, 'Xã Hồng Liêm', 434, NOW());
insert into ExampleDb.address_ward  (id, name, district_id, created_at) values (7356, 'Xã Thuận Minh', 434, NOW());
insert into ExampleDb.address_ward  (id, name, district_id, created_at) values (7357, 'Xã Hồng Sơn', 434, NOW());
insert into ExampleDb.address_ward  (id, name, district_id, created_at) values (7358, 'Xã Hàm Trí', 434, NOW());
insert into ExampleDb.address_ward  (id, name, district_id, created_at) values (7359, 'Xã Hàm Đức', 434, NOW());
insert into ExampleDb.address_ward  (id, name, district_id, created_at) values (7360, 'Xã Hàm Liêm', 434, NOW());
insert into ExampleDb.address_ward  (id, name, district_id, created_at) values (7361, 'Xã Hàm Chính', 434, NOW());
insert into ExampleDb.address_ward  (id, name, district_id, created_at) values (7362, 'Xã Hàm Hiệp', 434, NOW());
insert into ExampleDb.address_ward  (id, name, district_id, created_at) values (7363, 'Xã Hàm Thắng', 434, NOW());
insert into ExampleDb.address_ward  (id, name, district_id, created_at) values (7364, 'Xã Đa Mi', 434, NOW());
insert into ExampleDb.address_district  (id, name, province_id, created_at) values (435, 'Huyện Hàm Thuận Nam', 39, NOW());
insert into ExampleDb.address_ward  (id, name, district_id, created_at) values (7365, 'Thị trấn Thuận Nam', 435, NOW());
insert into ExampleDb.address_ward  (id, name, district_id, created_at) values (7366, 'Xã Mỹ Thạnh', 435, NOW());
insert into ExampleDb.address_ward  (id, name, district_id, created_at) values (7367, 'Xã Hàm Cần', 435, NOW());
insert into ExampleDb.address_ward  (id, name, district_id, created_at) values (7368, 'Xã Mương Mán', 435, NOW());
insert into ExampleDb.address_ward  (id, name, district_id, created_at) values (7369, 'Xã Hàm Thạnh', 435, NOW());
insert into ExampleDb.address_ward  (id, name, district_id, created_at) values (7370, 'Xã Hàm Kiệm', 435, NOW());
insert into ExampleDb.address_ward  (id, name, district_id, created_at) values (7371, 'Xã Hàm Cường', 435, NOW());
insert into ExampleDb.address_ward  (id, name, district_id, created_at) values (7372, 'Xã Hàm Mỹ', 435, NOW());
insert into ExampleDb.address_ward  (id, name, district_id, created_at) values (7373, 'Xã Tân Lập', 435, NOW());
insert into ExampleDb.address_ward  (id, name, district_id, created_at) values (7374, 'Xã Hàm Minh', 435, NOW());
insert into ExampleDb.address_ward  (id, name, district_id, created_at) values (7375, 'Xã Thuận Quí', 435, NOW());
insert into ExampleDb.address_ward  (id, name, district_id, created_at) values (7376, 'Xã Tân Thuận', 435, NOW());
insert into ExampleDb.address_ward  (id, name, district_id, created_at) values (7377, 'Xã Tân Thành', 435, NOW());
insert into ExampleDb.address_district  (id, name, province_id, created_at) values (436, 'Huyện Tánh Linh', 39, NOW());
insert into ExampleDb.address_ward  (id, name, district_id, created_at) values (7378, 'Thị trấn Lạc Tánh', 436, NOW());
insert into ExampleDb.address_ward  (id, name, district_id, created_at) values (7379, 'Xã Bắc Ruộng', 436, NOW());
insert into ExampleDb.address_ward  (id, name, district_id, created_at) values (7380, 'Xã Nghị Đức', 436, NOW());
insert into ExampleDb.address_ward  (id, name, district_id, created_at) values (7381, 'Xã La Ngâu', 436, NOW());
insert into ExampleDb.address_ward  (id, name, district_id, created_at) values (7382, 'Xã Huy Khiêm', 436, NOW());
insert into ExampleDb.address_ward  (id, name, district_id, created_at) values (7383, 'Xã Măng Tố', 436, NOW());
insert into ExampleDb.address_ward  (id, name, district_id, created_at) values (7384, 'Xã Đức Phú', 436, NOW());
insert into ExampleDb.address_ward  (id, name, district_id, created_at) values (7385, 'Xã Đồng Kho', 436, NOW());
insert into ExampleDb.address_ward  (id, name, district_id, created_at) values (7386, 'Xã Gia An', 436, NOW());
insert into ExampleDb.address_ward  (id, name, district_id, created_at) values (7387, 'Xã Đức Bình', 436, NOW());
insert into ExampleDb.address_ward  (id, name, district_id, created_at) values (7388, 'Xã Gia Huynh', 436, NOW());
insert into ExampleDb.address_ward  (id, name, district_id, created_at) values (7389, 'Xã Đức Thuận', 436, NOW());
insert into ExampleDb.address_ward  (id, name, district_id, created_at) values (7390, 'Xã Suối Kiết', 436, NOW());
insert into ExampleDb.address_district  (id, name, province_id, created_at) values (437, 'Huyện Đức Linh', 39, NOW());
insert into ExampleDb.address_ward  (id, name, district_id, created_at) values (7391, 'Thị trấn Võ Xu', 437, NOW());
insert into ExampleDb.address_ward  (id, name, district_id, created_at) values (7392, 'Thị trấn Đức Tài', 437, NOW());
insert into ExampleDb.address_ward  (id, name, district_id, created_at) values (7393, 'Xã Đa Kai', 437, NOW());
insert into ExampleDb.address_ward  (id, name, district_id, created_at) values (7394, 'Xã Sùng Nhơn', 437, NOW());
insert into ExampleDb.address_ward  (id, name, district_id, created_at) values (7395, 'Xã Mê Pu', 437, NOW());
insert into ExampleDb.address_ward  (id, name, district_id, created_at) values (7396, 'Xã Nam Chính', 437, NOW());
insert into ExampleDb.address_ward  (id, name, district_id, created_at) values (7397, 'Xã Đức Hạnh', 437, NOW());
insert into ExampleDb.address_ward  (id, name, district_id, created_at) values (7398, 'Xã Đức Tín', 437, NOW());
insert into ExampleDb.address_ward  (id, name, district_id, created_at) values (7399, 'Xã Vũ Hoà', 437, NOW());
insert into ExampleDb.address_ward  (id, name, district_id, created_at) values (7400, 'Xã Tân Hà', 437, NOW());
insert into ExampleDb.address_ward  (id, name, district_id, created_at) values (7401, 'Xã Đông Hà', 437, NOW());
insert into ExampleDb.address_ward  (id, name, district_id, created_at) values (7402, 'Xã Trà Tân', 437, NOW());
insert into ExampleDb.address_district  (id, name, province_id, created_at) values (438, 'Huyện Hàm Tân', 39, NOW());
insert into ExampleDb.address_ward  (id, name, district_id, created_at) values (7403, 'Thị trấn Tân Minh', 438, NOW());
insert into ExampleDb.address_ward  (id, name, district_id, created_at) values (7404, 'Thị trấn Tân Nghĩa', 438, NOW());
insert into ExampleDb.address_ward  (id, name, district_id, created_at) values (7405, 'Xã Sông Phan', 438, NOW());
insert into ExampleDb.address_ward  (id, name, district_id, created_at) values (7406, 'Xã Tân Phúc', 438, NOW());
insert into ExampleDb.address_ward  (id, name, district_id, created_at) values (7407, 'Xã Tân Đức', 438, NOW());
insert into ExampleDb.address_ward  (id, name, district_id, created_at) values (7408, 'Xã Tân Thắng', 438, NOW());
insert into ExampleDb.address_ward  (id, name, district_id, created_at) values (7409, 'Xã Thắng Hải', 438, NOW());
insert into ExampleDb.address_ward  (id, name, district_id, created_at) values (7410, 'Xã Tân Hà', 438, NOW());
insert into ExampleDb.address_ward  (id, name, district_id, created_at) values (7411, 'Xã Tân Xuân', 438, NOW());
insert into ExampleDb.address_ward  (id, name, district_id, created_at) values (7412, 'Xã Sơn Mỹ', 438, NOW());
insert into ExampleDb.address_district  (id, name, province_id, created_at) values (439, 'Huyện Phú Quí', 39, NOW());
insert into ExampleDb.address_ward  (id, name, district_id, created_at) values (7413, 'Xã Ngũ Phụng', 439, NOW());
insert into ExampleDb.address_ward  (id, name, district_id, created_at) values (7414, 'Xã Long Hải', 439, NOW());
insert into ExampleDb.address_ward  (id, name, district_id, created_at) values (7415, 'Xã Tam Thanh', 439, NOW());
insert into ExampleDb.address_province (id, name, created_at) values (40, 'Tỉnh Kon Tum', NOW());
insert into ExampleDb.address_district  (id, name, province_id, created_at) values (440, 'Thành phố Kon Tum', 40, NOW());
insert into ExampleDb.address_ward  (id, name, district_id, created_at) values (7416, 'Phường Quang Trung', 440, NOW());
insert into ExampleDb.address_ward  (id, name, district_id, created_at) values (7417, 'Phường Duy Tân', 440, NOW());
insert into ExampleDb.address_ward  (id, name, district_id, created_at) values (7418, 'Phường Quyết Thắng', 440, NOW());
insert into ExampleDb.address_ward  (id, name, district_id, created_at) values (7419, 'Phường Trường Chinh', 440, NOW());
insert into ExampleDb.address_ward  (id, name, district_id, created_at) values (7420, 'Phường Thắng Lợi', 440, NOW());
insert into ExampleDb.address_ward  (id, name, district_id, created_at) values (7421, 'Phường Ngô Mây', 440, NOW());
insert into ExampleDb.address_ward  (id, name, district_id, created_at) values (7422, 'Phường Thống Nhất', 440, NOW());
insert into ExampleDb.address_ward  (id, name, district_id, created_at) values (7423, 'Phường Lê Lợi', 440, NOW());
insert into ExampleDb.address_ward  (id, name, district_id, created_at) values (7424, 'Phường Nguyễn Trãi', 440, NOW());
insert into ExampleDb.address_ward  (id, name, district_id, created_at) values (7425, 'Phường Trần Hưng Đạo', 440, NOW());
insert into ExampleDb.address_ward  (id, name, district_id, created_at) values (7426, 'Xã Đắk Cấm', 440, NOW());
insert into ExampleDb.address_ward  (id, name, district_id, created_at) values (7427, 'Xã Kroong', 440, NOW());
insert into ExampleDb.address_ward  (id, name, district_id, created_at) values (7428, 'Xã Ngọk Bay', 440, NOW());
insert into ExampleDb.address_ward  (id, name, district_id, created_at) values (7429, 'Xã Vinh Quang', 440, NOW());
insert into ExampleDb.address_ward  (id, name, district_id, created_at) values (7430, 'Xã Đắk Blà', 440, NOW());
insert into ExampleDb.address_ward  (id, name, district_id, created_at) values (7431, 'Xã Ia Chim', 440, NOW());
insert into ExampleDb.address_ward  (id, name, district_id, created_at) values (7432, 'Xã Đăk Năng', 440, NOW());
insert into ExampleDb.address_ward  (id, name, district_id, created_at) values (7433, 'Xã Đoàn Kết', 440, NOW());
insert into ExampleDb.address_ward  (id, name, district_id, created_at) values (7434, 'Xã Chư Hreng', 440, NOW());
insert into ExampleDb.address_ward  (id, name, district_id, created_at) values (7435, 'Xã Đắk Rơ Wa', 440, NOW());
insert into ExampleDb.address_ward  (id, name, district_id, created_at) values (7436, 'Xã Hòa Bình', 440, NOW());
insert into ExampleDb.address_district  (id, name, province_id, created_at) values (441, 'Huyện Đắk Glei', 40, NOW());
insert into ExampleDb.address_ward  (id, name, district_id, created_at) values (7437, 'Thị trấn Đắk Glei', 441, NOW());
insert into ExampleDb.address_ward  (id, name, district_id, created_at) values (7438, 'Xã Đắk Blô', 441, NOW());
insert into ExampleDb.address_ward  (id, name, district_id, created_at) values (7439, 'Xã Đắk Man', 441, NOW());
insert into ExampleDb.address_ward  (id, name, district_id, created_at) values (7440, 'Xã Đắk Nhoong', 441, NOW());
insert into ExampleDb.address_ward  (id, name, district_id, created_at) values (7441, 'Xã Đắk Pék', 441, NOW());
insert into ExampleDb.address_ward  (id, name, district_id, created_at) values (7442, 'Xã Đắk Choong', 441, NOW());
insert into ExampleDb.address_ward  (id, name, district_id, created_at) values (7443, 'Xã Xốp', 441, NOW());
insert into ExampleDb.address_ward  (id, name, district_id, created_at) values (7444, 'Xã Mường Hoong', 441, NOW());
insert into ExampleDb.address_ward  (id, name, district_id, created_at) values (7445, 'Xã Ngọc Linh', 441, NOW());
insert into ExampleDb.address_ward  (id, name, district_id, created_at) values (7446, 'Xã Đắk Long', 441, NOW());
insert into ExampleDb.address_ward  (id, name, district_id, created_at) values (7447, 'Xã Đắk KRoong', 441, NOW());
insert into ExampleDb.address_ward  (id, name, district_id, created_at) values (7448, 'Xã Đắk Môn', 441, NOW());
insert into ExampleDb.address_district  (id, name, province_id, created_at) values (442, 'Huyện Ngọc Hồi', 40, NOW());
insert into ExampleDb.address_ward  (id, name, district_id, created_at) values (7449, 'Thị trấn Plei Kần', 442, NOW());
insert into ExampleDb.address_ward  (id, name, district_id, created_at) values (7450, 'Xã Đắk Ang', 442, NOW());
insert into ExampleDb.address_ward  (id, name, district_id, created_at) values (7451, 'Xã Đắk Dục', 442, NOW());
insert into ExampleDb.address_ward  (id, name, district_id, created_at) values (7452, 'Xã Đắk Nông', 442, NOW());
insert into ExampleDb.address_ward  (id, name, district_id, created_at) values (7453, 'Xã Đắk Xú', 442, NOW());
insert into ExampleDb.address_ward  (id, name, district_id, created_at) values (7454, 'Xã Đắk Kan', 442, NOW());
insert into ExampleDb.address_ward  (id, name, district_id, created_at) values (7455, 'Xã Bờ Y', 442, NOW());
insert into ExampleDb.address_ward  (id, name, district_id, created_at) values (7456, 'Xã Sa Loong', 442, NOW());
insert into ExampleDb.address_district  (id, name, province_id, created_at) values (443, 'Huyện Đắk Tô', 40, NOW());
insert into ExampleDb.address_ward  (id, name, district_id, created_at) values (7457, 'Thị trấn Đắk Tô', 443, NOW());
insert into ExampleDb.address_ward  (id, name, district_id, created_at) values (7458, 'Xã Đắk Rơ Nga', 443, NOW());
insert into ExampleDb.address_ward  (id, name, district_id, created_at) values (7459, 'Xã Ngọk Tụ', 443, NOW());
insert into ExampleDb.address_ward  (id, name, district_id, created_at) values (7460, 'Xã Đắk Trăm', 443, NOW());
insert into ExampleDb.address_ward  (id, name, district_id, created_at) values (7461, 'Xã Văn Lem', 443, NOW());
insert into ExampleDb.address_ward  (id, name, district_id, created_at) values (7462, 'Xã Kon Đào', 443, NOW());
insert into ExampleDb.address_ward  (id, name, district_id, created_at) values (7463, 'Xã Tân Cảnh', 443, NOW());
insert into ExampleDb.address_ward  (id, name, district_id, created_at) values (7464, 'Xã Diên Bình', 443, NOW());
insert into ExampleDb.address_ward  (id, name, district_id, created_at) values (7465, 'Xã Pô Kô', 443, NOW());
insert into ExampleDb.address_district  (id, name, province_id, created_at) values (444, 'Huyện Kon Plông', 40, NOW());
insert into ExampleDb.address_ward  (id, name, district_id, created_at) values (7466, 'Xã Đắk Nên', 444, NOW());
insert into ExampleDb.address_ward  (id, name, district_id, created_at) values (7467, 'Xã Đắk Ring', 444, NOW());
insert into ExampleDb.address_ward  (id, name, district_id, created_at) values (7468, 'Xã Măng Buk', 444, NOW());
insert into ExampleDb.address_ward  (id, name, district_id, created_at) values (7469, 'Xã Đắk Tăng', 444, NOW());
insert into ExampleDb.address_ward  (id, name, district_id, created_at) values (7470, 'Xã Ngok Tem', 444, NOW());
insert into ExampleDb.address_ward  (id, name, district_id, created_at) values (7471, 'Xã Pờ Ê', 444, NOW());
insert into ExampleDb.address_ward  (id, name, district_id, created_at) values (7472, 'Xã Măng Cành', 444, NOW());
insert into ExampleDb.address_ward  (id, name, district_id, created_at) values (7473, 'Thị trấn Măng Đen', 444, NOW());
insert into ExampleDb.address_ward  (id, name, district_id, created_at) values (7474, 'Xã Hiếu', 444, NOW());
insert into ExampleDb.address_district  (id, name, province_id, created_at) values (445, 'Huyện Kon Rẫy', 40, NOW());
insert into ExampleDb.address_ward  (id, name, district_id, created_at) values (7475, 'Thị trấn Đắk Rve', 445, NOW());
insert into ExampleDb.address_ward  (id, name, district_id, created_at) values (7476, 'Xã Đắk Kôi', 445, NOW());
insert into ExampleDb.address_ward  (id, name, district_id, created_at) values (7477, 'Xã Đắk Tơ Lung', 445, NOW());
insert into ExampleDb.address_ward  (id, name, district_id, created_at) values (7478, 'Xã Đắk Ruồng', 445, NOW());
insert into ExampleDb.address_ward  (id, name, district_id, created_at) values (7479, 'Xã Đắk Pne', 445, NOW());
insert into ExampleDb.address_ward  (id, name, district_id, created_at) values (7480, 'Xã Đắk Tờ Re', 445, NOW());
insert into ExampleDb.address_ward  (id, name, district_id, created_at) values (7481, 'Xã Tân Lập', 445, NOW());
insert into ExampleDb.address_district  (id, name, province_id, created_at) values (446, 'Huyện Đắk Hà', 40, NOW());
insert into ExampleDb.address_ward  (id, name, district_id, created_at) values (7482, 'Thị trấn Đắk Hà', 446, NOW());
insert into ExampleDb.address_ward  (id, name, district_id, created_at) values (7483, 'Xã Đắk PXi', 446, NOW());
insert into ExampleDb.address_ward  (id, name, district_id, created_at) values (7484, 'Xã Đăk Long', 446, NOW());
insert into ExampleDb.address_ward  (id, name, district_id, created_at) values (7485, 'Xã Đắk HRing', 446, NOW());
insert into ExampleDb.address_ward  (id, name, district_id, created_at) values (7486, 'Xã Đắk Ui', 446, NOW());
insert into ExampleDb.address_ward  (id, name, district_id, created_at) values (7487, 'Xã Đăk Ngọk', 446, NOW());
insert into ExampleDb.address_ward  (id, name, district_id, created_at) values (7488, 'Xã Đắk Mar', 446, NOW());
insert into ExampleDb.address_ward  (id, name, district_id, created_at) values (7489, 'Xã Ngok Wang', 446, NOW());
insert into ExampleDb.address_ward  (id, name, district_id, created_at) values (7490, 'Xã Ngok Réo', 446, NOW());
insert into ExampleDb.address_ward  (id, name, district_id, created_at) values (7491, 'Xã Hà Mòn', 446, NOW());
insert into ExampleDb.address_ward  (id, name, district_id, created_at) values (7492, 'Xã Đắk La', 446, NOW());
insert into ExampleDb.address_district  (id, name, province_id, created_at) values (447, 'Huyện Sa Thầy', 40, NOW());
insert into ExampleDb.address_ward  (id, name, district_id, created_at) values (7493, 'Thị trấn Sa Thầy', 447, NOW());
insert into ExampleDb.address_ward  (id, name, district_id, created_at) values (7494, 'Xã Rơ Kơi', 447, NOW());
insert into ExampleDb.address_ward  (id, name, district_id, created_at) values (7495, 'Xã Sa Nhơn', 447, NOW());
insert into ExampleDb.address_ward  (id, name, district_id, created_at) values (7496, 'Xã Hơ Moong', 447, NOW());
insert into ExampleDb.address_ward  (id, name, district_id, created_at) values (7497, 'Xã Mô Rai', 447, NOW());
insert into ExampleDb.address_ward  (id, name, district_id, created_at) values (7498, 'Xã Sa Sơn', 447, NOW());
insert into ExampleDb.address_ward  (id, name, district_id, created_at) values (7499, 'Xã Sa Nghĩa', 447, NOW());
insert into ExampleDb.address_ward  (id, name, district_id, created_at) values (7500, 'Xã Sa Bình', 447, NOW());
insert into ExampleDb.address_ward  (id, name, district_id, created_at) values (7501, 'Xã Ya Xiêr', 447, NOW());
insert into ExampleDb.address_ward  (id, name, district_id, created_at) values (7502, 'Xã Ya Tăng', 447, NOW());
insert into ExampleDb.address_ward  (id, name, district_id, created_at) values (7503, 'Xã Ya ly', 447, NOW());
insert into ExampleDb.address_district  (id, name, province_id, created_at) values (448, 'Huyện Tu Mơ Rông', 40, NOW());
insert into ExampleDb.address_ward  (id, name, district_id, created_at) values (7504, 'Xã Ngọc Lây', 448, NOW());
insert into ExampleDb.address_ward  (id, name, district_id, created_at) values (7505, 'Xã Đắk Na', 448, NOW());
insert into ExampleDb.address_ward  (id, name, district_id, created_at) values (7506, 'Xã Măng Ri', 448, NOW());
insert into ExampleDb.address_ward  (id, name, district_id, created_at) values (7507, 'Xã Ngọc Yêu', 448, NOW());
insert into ExampleDb.address_ward  (id, name, district_id, created_at) values (7508, 'Xã Đắk Sao', 448, NOW());
insert into ExampleDb.address_ward  (id, name, district_id, created_at) values (7509, 'Xã Đắk Rơ Ông', 448, NOW());
insert into ExampleDb.address_ward  (id, name, district_id, created_at) values (7510, 'Xã Đắk Tờ Kan', 448, NOW());
insert into ExampleDb.address_ward  (id, name, district_id, created_at) values (7511, 'Xã Tu Mơ Rông', 448, NOW());
insert into ExampleDb.address_ward  (id, name, district_id, created_at) values (7512, 'Xã Đắk Hà', 448, NOW());
insert into ExampleDb.address_ward  (id, name, district_id, created_at) values (7513, 'Xã Tê Xăng', 448, NOW());
insert into ExampleDb.address_ward  (id, name, district_id, created_at) values (7514, 'Xã Văn Xuôi', 448, NOW());
insert into ExampleDb.address_district  (id, name, province_id, created_at) values (449, 'Huyện Ia H" Drai', 40, NOW());
insert into ExampleDb.address_ward  (id, name, district_id, created_at) values (7515, 'Xã Ia Đal', 449, NOW());
insert into ExampleDb.address_ward  (id, name, district_id, created_at) values (7516, 'Xã Ia Dom', 449, NOW());
insert into ExampleDb.address_ward  (id, name, district_id, created_at) values (7517, 'Xã Ia Tơi', 449, NOW());
insert into ExampleDb.address_province (id, name, created_at) values (41, 'Tỉnh Gia Lai', NOW());
insert into ExampleDb.address_district  (id, name, province_id, created_at) values (450, 'Thành phố Pleiku', 41, NOW());
insert into ExampleDb.address_ward  (id, name, district_id, created_at) values (7518, 'Phường Yên Đỗ', 450, NOW());
insert into ExampleDb.address_ward  (id, name, district_id, created_at) values (7519, 'Phường Diên Hồng', 450, NOW());
insert into ExampleDb.address_ward  (id, name, district_id, created_at) values (7520, 'Phường Ia Kring', 450, NOW());
insert into ExampleDb.address_ward  (id, name, district_id, created_at) values (7521, 'Phường Hội Thương', 450, NOW());
insert into ExampleDb.address_ward  (id, name, district_id, created_at) values (7522, 'Phường Hội Phú', 450, NOW());
insert into ExampleDb.address_ward  (id, name, district_id, created_at) values (7523, 'Phường Phù Đổng', 450, NOW());
insert into ExampleDb.address_ward  (id, name, district_id, created_at) values (7524, 'Phường Hoa Lư', 450, NOW());
insert into ExampleDb.address_ward  (id, name, district_id, created_at) values (7525, 'Phường Tây Sơn', 450, NOW());
insert into ExampleDb.address_ward  (id, name, district_id, created_at) values (7526, 'Phường Thống Nhất', 450, NOW());
insert into ExampleDb.address_ward  (id, name, district_id, created_at) values (7527, 'Phường Đống Đa', 450, NOW());
insert into ExampleDb.address_ward  (id, name, district_id, created_at) values (7528, 'Phường Trà Bá', 450, NOW());
insert into ExampleDb.address_ward  (id, name, district_id, created_at) values (7529, 'Phường Thắng Lợi', 450, NOW());
insert into ExampleDb.address_ward  (id, name, district_id, created_at) values (7530, 'Phường Yên Thế', 450, NOW());
insert into ExampleDb.address_ward  (id, name, district_id, created_at) values (7531, 'Phường Chi Lăng', 450, NOW());
insert into ExampleDb.address_ward  (id, name, district_id, created_at) values (7532, 'Xã Biển Hồ', 450, NOW());
insert into ExampleDb.address_ward  (id, name, district_id, created_at) values (7533, 'Xã Tân Sơn', 450, NOW());
insert into ExampleDb.address_ward  (id, name, district_id, created_at) values (7534, 'Xã Trà Đa', 450, NOW());
insert into ExampleDb.address_ward  (id, name, district_id, created_at) values (7535, 'Xã Chư Á', 450, NOW());
insert into ExampleDb.address_ward  (id, name, district_id, created_at) values (7536, 'Xã An Phú', 450, NOW());
insert into ExampleDb.address_ward  (id, name, district_id, created_at) values (7537, 'Xã Diên Phú', 450, NOW());
insert into ExampleDb.address_ward  (id, name, district_id, created_at) values (7538, 'Xã Ia Kênh', 450, NOW());
insert into ExampleDb.address_ward  (id, name, district_id, created_at) values (7539, 'Xã Gào', 450, NOW());
insert into ExampleDb.address_district  (id, name, province_id, created_at) values (451, 'Thị xã An Khê', 41, NOW());
insert into ExampleDb.address_ward  (id, name, district_id, created_at) values (7540, 'Phường An Bình', 451, NOW());
insert into ExampleDb.address_ward  (id, name, district_id, created_at) values (7541, 'Phường Tây Sơn', 451, NOW());
insert into ExampleDb.address_ward  (id, name, district_id, created_at) values (7542, 'Phường An Phú', 451, NOW());
insert into ExampleDb.address_ward  (id, name, district_id, created_at) values (7543, 'Phường An Tân', 451, NOW());
insert into ExampleDb.address_ward  (id, name, district_id, created_at) values (7544, 'Xã Tú An', 451, NOW());
insert into ExampleDb.address_ward  (id, name, district_id, created_at) values (7545, 'Xã Xuân An', 451, NOW());
insert into ExampleDb.address_ward  (id, name, district_id, created_at) values (7546, 'Xã Cửu An', 451, NOW());
insert into ExampleDb.address_ward  (id, name, district_id, created_at) values (7547, 'Phường An Phước', 451, NOW());
insert into ExampleDb.address_ward  (id, name, district_id, created_at) values (7548, 'Xã Song An', 451, NOW());
insert into ExampleDb.address_ward  (id, name, district_id, created_at) values (7549, 'Phường Ngô Mây', 451, NOW());
insert into ExampleDb.address_ward  (id, name, district_id, created_at) values (7550, 'Xã Thành An', 451, NOW());
insert into ExampleDb.address_district  (id, name, province_id, created_at) values (452, 'Thị xã Ayun Pa', 41, NOW());
insert into ExampleDb.address_ward  (id, name, district_id, created_at) values (7551, 'Phường Cheo Reo', 452, NOW());
insert into ExampleDb.address_ward  (id, name, district_id, created_at) values (7552, 'Phường Hòa Bình', 452, NOW());
insert into ExampleDb.address_ward  (id, name, district_id, created_at) values (7553, 'Phường Đoàn Kết', 452, NOW());
insert into ExampleDb.address_ward  (id, name, district_id, created_at) values (7554, 'Phường Sông Bờ', 452, NOW());
insert into ExampleDb.address_ward  (id, name, district_id, created_at) values (7555, 'Xã Ia RBol', 452, NOW());
insert into ExampleDb.address_ward  (id, name, district_id, created_at) values (7556, 'Xã Chư Băh', 452, NOW());
insert into ExampleDb.address_ward  (id, name, district_id, created_at) values (7557, 'Xã Ia RTô', 452, NOW());
insert into ExampleDb.address_ward  (id, name, district_id, created_at) values (7558, 'Xã Ia Sao', 452, NOW());
insert into ExampleDb.address_district  (id, name, province_id, created_at) values (453, 'Huyện KBang', 41, NOW());
insert into ExampleDb.address_ward  (id, name, district_id, created_at) values (7559, 'Thị trấn KBang', 453, NOW());
insert into ExampleDb.address_ward  (id, name, district_id, created_at) values (7560, 'Xã Kon Pne', 453, NOW());
insert into ExampleDb.address_ward  (id, name, district_id, created_at) values (7561, 'Xã Đăk Roong', 453, NOW());
insert into ExampleDb.address_ward  (id, name, district_id, created_at) values (7562, 'Xã Sơn Lang', 453, NOW());
insert into ExampleDb.address_ward  (id, name, district_id, created_at) values (7563, 'Xã KRong', 453, NOW());
insert into ExampleDb.address_ward  (id, name, district_id, created_at) values (7564, 'Xã Sơ Pai', 453, NOW());
insert into ExampleDb.address_ward  (id, name, district_id, created_at) values (7565, 'Xã Lơ Ku', 453, NOW());
insert into ExampleDb.address_ward  (id, name, district_id, created_at) values (7566, 'Xã Đông', 453, NOW());
insert into ExampleDb.address_ward  (id, name, district_id, created_at) values (7567, 'Xã Đak SMar', 453, NOW());
insert into ExampleDb.address_ward  (id, name, district_id, created_at) values (7568, 'Xã Nghĩa An', 453, NOW());
insert into ExampleDb.address_ward  (id, name, district_id, created_at) values (7569, 'Xã Tơ Tung', 453, NOW());
insert into ExampleDb.address_ward  (id, name, district_id, created_at) values (7570, 'Xã Kông Lơng Khơng', 453, NOW());
insert into ExampleDb.address_ward  (id, name, district_id, created_at) values (7571, 'Xã Kông Pla', 453, NOW());
insert into ExampleDb.address_ward  (id, name, district_id, created_at) values (7572, 'Xã Đăk HLơ', 453, NOW());
insert into ExampleDb.address_district  (id, name, province_id, created_at) values (454, 'Huyện Đăk Đoa', 41, NOW());
insert into ExampleDb.address_ward  (id, name, district_id, created_at) values (7573, 'Thị trấn Đăk Đoa', 454, NOW());
insert into ExampleDb.address_ward  (id, name, district_id, created_at) values (7574, 'Xã Hà Đông', 454, NOW());
insert into ExampleDb.address_ward  (id, name, district_id, created_at) values (7575, 'Xã Đăk Sơmei', 454, NOW());
insert into ExampleDb.address_ward  (id, name, district_id, created_at) values (7576, 'Xã Đăk Krong', 454, NOW());
insert into ExampleDb.address_ward  (id, name, district_id, created_at) values (7577, 'Xã Hải Yang', 454, NOW());
insert into ExampleDb.address_ward  (id, name, district_id, created_at) values (7578, 'Xã Kon Gang', 454, NOW());
insert into ExampleDb.address_ward  (id, name, district_id, created_at) values (7579, 'Xã Hà Bầu', 454, NOW());
insert into ExampleDb.address_ward  (id, name, district_id, created_at) values (7580, 'Xã Nam Yang', 454, NOW());
insert into ExampleDb.address_ward  (id, name, district_id, created_at) values (7581, 'Xã K" Dang', 454, NOW());
insert into ExampleDb.address_ward  (id, name, district_id, created_at) values (7582, 'Xã H" Neng', 454, NOW());
insert into ExampleDb.address_ward  (id, name, district_id, created_at) values (7583, 'Xã Tân Bình', 454, NOW());
insert into ExampleDb.address_ward  (id, name, district_id, created_at) values (7584, 'Xã Glar', 454, NOW());
insert into ExampleDb.address_ward  (id, name, district_id, created_at) values (7585, 'Xã A Dơk', 454, NOW());
insert into ExampleDb.address_ward  (id, name, district_id, created_at) values (7586, 'Xã Trang', 454, NOW());
insert into ExampleDb.address_ward  (id, name, district_id, created_at) values (7587, 'Xã HNol', 454, NOW());
insert into ExampleDb.address_ward  (id, name, district_id, created_at) values (7588, 'Xã Ia Pết', 454, NOW());
insert into ExampleDb.address_ward  (id, name, district_id, created_at) values (7589, 'Xã Ia Băng', 454, NOW());
insert into ExampleDb.address_district  (id, name, province_id, created_at) values (455, 'Huyện Chư Păh', 41, NOW());
insert into ExampleDb.address_ward  (id, name, district_id, created_at) values (7590, 'Thị trấn Phú Hòa', 455, NOW());
insert into ExampleDb.address_ward  (id, name, district_id, created_at) values (7591, 'Xã Hà Tây', 455, NOW());
insert into ExampleDb.address_ward  (id, name, district_id, created_at) values (7592, 'Xã Ia Khươl', 455, NOW());
insert into ExampleDb.address_ward  (id, name, district_id, created_at) values (7593, 'Xã Ia Phí', 455, NOW());
insert into ExampleDb.address_ward  (id, name, district_id, created_at) values (7594, 'Thị trấn Ia Ly', 455, NOW());
insert into ExampleDb.address_ward  (id, name, district_id, created_at) values (7595, 'Xã Ia Mơ Nông', 455, NOW());
insert into ExampleDb.address_ward  (id, name, district_id, created_at) values (7596, 'Xã Ia Kreng', 455, NOW());
insert into ExampleDb.address_ward  (id, name, district_id, created_at) values (7597, 'Xã Đăk Tơ Ver', 455, NOW());
insert into ExampleDb.address_ward  (id, name, district_id, created_at) values (7598, 'Xã Hòa Phú', 455, NOW());
insert into ExampleDb.address_ward  (id, name, district_id, created_at) values (7599, 'Xã Chư Đăng Ya', 455, NOW());
insert into ExampleDb.address_ward  (id, name, district_id, created_at) values (7600, 'Xã Ia Ka', 455, NOW());
insert into ExampleDb.address_ward  (id, name, district_id, created_at) values (7601, 'Xã Ia Nhin', 455, NOW());
insert into ExampleDb.address_ward  (id, name, district_id, created_at) values (7602, 'Xã Nghĩa Hòa', 455, NOW());
insert into ExampleDb.address_ward  (id, name, district_id, created_at) values (7603, 'Xã Nghĩa Hưng', 455, NOW());
insert into ExampleDb.address_district  (id, name, province_id, created_at) values (456, 'Huyện Ia Grai', 41, NOW());
insert into ExampleDb.address_ward  (id, name, district_id, created_at) values (7604, 'Thị trấn Ia Kha', 456, NOW());
insert into ExampleDb.address_ward  (id, name, district_id, created_at) values (7605, 'Xã Ia Sao', 456, NOW());
insert into ExampleDb.address_ward  (id, name, district_id, created_at) values (7606, 'Xã Ia Yok', 456, NOW());
insert into ExampleDb.address_ward  (id, name, district_id, created_at) values (7607, 'Xã Ia Hrung', 456, NOW());
insert into ExampleDb.address_ward  (id, name, district_id, created_at) values (7608, 'Xã Ia Bă', 456, NOW());
insert into ExampleDb.address_ward  (id, name, district_id, created_at) values (7609, 'Xã Ia Khai', 456, NOW());
insert into ExampleDb.address_ward  (id, name, district_id, created_at) values (7610, 'Xã Ia KRai', 456, NOW());
insert into ExampleDb.address_ward  (id, name, district_id, created_at) values (7611, 'Xã Ia Grăng', 456, NOW());
insert into ExampleDb.address_ward  (id, name, district_id, created_at) values (7612, 'Xã Ia Tô', 456, NOW());
insert into ExampleDb.address_ward  (id, name, district_id, created_at) values (7613, 'Xã Ia O', 456, NOW());
insert into ExampleDb.address_ward  (id, name, district_id, created_at) values (7614, 'Xã Ia Dêr', 456, NOW());
insert into ExampleDb.address_ward  (id, name, district_id, created_at) values (7615, 'Xã Ia Chia', 456, NOW());
insert into ExampleDb.address_ward  (id, name, district_id, created_at) values (7616, 'Xã Ia Pếch', 456, NOW());
insert into ExampleDb.address_district  (id, name, province_id, created_at) values (457, 'Huyện Mang Yang', 41, NOW());
insert into ExampleDb.address_ward  (id, name, district_id, created_at) values (7617, 'Thị trấn Kon Dơng', 457, NOW());
insert into ExampleDb.address_ward  (id, name, district_id, created_at) values (7618, 'Xã Ayun', 457, NOW());
insert into ExampleDb.address_ward  (id, name, district_id, created_at) values (7619, 'Xã Đak Jơ Ta', 457, NOW());
insert into ExampleDb.address_ward  (id, name, district_id, created_at) values (7620, 'Xã Đak Ta Ley', 457, NOW());
insert into ExampleDb.address_ward  (id, name, district_id, created_at) values (7621, 'Xã Hra', 457, NOW());
insert into ExampleDb.address_ward  (id, name, district_id, created_at) values (7622, 'Xã Đăk Yă', 457, NOW());
insert into ExampleDb.address_ward  (id, name, district_id, created_at) values (7623, 'Xã Đăk Djrăng', 457, NOW());
insert into ExampleDb.address_ward  (id, name, district_id, created_at) values (7624, 'Xã Lơ Pang', 457, NOW());
insert into ExampleDb.address_ward  (id, name, district_id, created_at) values (7625, 'Xã Kon Thụp', 457, NOW());
insert into ExampleDb.address_ward  (id, name, district_id, created_at) values (7626, 'Xã Đê Ar', 457, NOW());
insert into ExampleDb.address_ward  (id, name, district_id, created_at) values (7627, 'Xã Kon Chiêng', 457, NOW());
insert into ExampleDb.address_ward  (id, name, district_id, created_at) values (7628, 'Xã Đăk Trôi', 457, NOW());
insert into ExampleDb.address_district  (id, name, province_id, created_at) values (458, 'Huyện Kông Chro', 41, NOW());
insert into ExampleDb.address_ward  (id, name, district_id, created_at) values (7629, 'Thị trấn Kông Chro', 458, NOW());
insert into ExampleDb.address_ward  (id, name, district_id, created_at) values (7630, 'Xã Chư Krêy', 458, NOW());
insert into ExampleDb.address_ward  (id, name, district_id, created_at) values (7631, 'Xã An Trung', 458, NOW());
insert into ExampleDb.address_ward  (id, name, district_id, created_at) values (7632, 'Xã Kông Yang', 458, NOW());
insert into ExampleDb.address_ward  (id, name, district_id, created_at) values (7633, 'Xã Đăk Tơ Pang', 458, NOW());
insert into ExampleDb.address_ward  (id, name, district_id, created_at) values (7634, 'Xã SRó', 458, NOW());
insert into ExampleDb.address_ward  (id, name, district_id, created_at) values (7635, 'Xã Đắk Kơ Ning', 458, NOW());
insert into ExampleDb.address_ward  (id, name, district_id, created_at) values (7636, 'Xã Đăk Song', 458, NOW());
insert into ExampleDb.address_ward  (id, name, district_id, created_at) values (7637, 'Xã Đăk Pling', 458, NOW());
insert into ExampleDb.address_ward  (id, name, district_id, created_at) values (7638, 'Xã Yang Trung', 458, NOW());
insert into ExampleDb.address_ward  (id, name, district_id, created_at) values (7639, 'Xã Đăk Pơ Pho', 458, NOW());
insert into ExampleDb.address_ward  (id, name, district_id, created_at) values (7640, 'Xã Ya Ma', 458, NOW());
insert into ExampleDb.address_ward  (id, name, district_id, created_at) values (7641, 'Xã Chơ Long', 458, NOW());
insert into ExampleDb.address_ward  (id, name, district_id, created_at) values (7642, 'Xã Yang Nam', 458, NOW());
insert into ExampleDb.address_district  (id, name, province_id, created_at) values (459, 'Huyện Đức Cơ', 41, NOW());
insert into ExampleDb.address_ward  (id, name, district_id, created_at) values (7643, 'Thị trấn Chư Ty', 459, NOW());
insert into ExampleDb.address_ward  (id, name, district_id, created_at) values (7644, 'Xã Ia Dơk', 459, NOW());
insert into ExampleDb.address_ward  (id, name, district_id, created_at) values (7645, 'Xã Ia Krêl', 459, NOW());
insert into ExampleDb.address_ward  (id, name, district_id, created_at) values (7646, 'Xã Ia Din', 459, NOW());
insert into ExampleDb.address_ward  (id, name, district_id, created_at) values (7647, 'Xã Ia Kla', 459, NOW());
insert into ExampleDb.address_ward  (id, name, district_id, created_at) values (7648, 'Xã Ia Dom', 459, NOW());
insert into ExampleDb.address_ward  (id, name, district_id, created_at) values (7649, 'Xã Ia Lang', 459, NOW());
insert into ExampleDb.address_ward  (id, name, district_id, created_at) values (7650, 'Xã Ia Kriêng', 459, NOW());
insert into ExampleDb.address_ward  (id, name, district_id, created_at) values (7651, 'Xã Ia Pnôn', 459, NOW());
insert into ExampleDb.address_ward  (id, name, district_id, created_at) values (7652, 'Xã Ia Nan', 459, NOW());
insert into ExampleDb.address_district  (id, name, province_id, created_at) values (460, 'Huyện Chư Prông', 41, NOW());
insert into ExampleDb.address_ward  (id, name, district_id, created_at) values (7653, 'Thị trấn Chư Prông', 460, NOW());
insert into ExampleDb.address_ward  (id, name, district_id, created_at) values (7654, 'Xã Ia Kly', 460, NOW());
insert into ExampleDb.address_ward  (id, name, district_id, created_at) values (7655, 'Xã Bình Giáo', 460, NOW());
insert into ExampleDb.address_ward  (id, name, district_id, created_at) values (7656, 'Xã Ia Drăng', 460, NOW());
insert into ExampleDb.address_ward  (id, name, district_id, created_at) values (7657, 'Xã Thăng Hưng', 460, NOW());
insert into ExampleDb.address_ward  (id, name, district_id, created_at) values (7658, 'Xã Bàu Cạn', 460, NOW());
insert into ExampleDb.address_ward  (id, name, district_id, created_at) values (7659, 'Xã Ia Phìn', 460, NOW());
insert into ExampleDb.address_ward  (id, name, district_id, created_at) values (7660, 'Xã Ia Băng', 460, NOW());
insert into ExampleDb.address_ward  (id, name, district_id, created_at) values (7661, 'Xã Ia Tôr', 460, NOW());
insert into ExampleDb.address_ward  (id, name, district_id, created_at) values (7662, 'Xã Ia Boòng', 460, NOW());
insert into ExampleDb.address_ward  (id, name, district_id, created_at) values (7663, 'Xã Ia O', 460, NOW());
insert into ExampleDb.address_ward  (id, name, district_id, created_at) values (7664, 'Xã Ia Púch', 460, NOW());
insert into ExampleDb.address_ward  (id, name, district_id, created_at) values (7665, 'Xã Ia Me', 460, NOW());
insert into ExampleDb.address_ward  (id, name, district_id, created_at) values (7666, 'Xã Ia Vê', 460, NOW());
insert into ExampleDb.address_ward  (id, name, district_id, created_at) values (7667, 'Xã Ia Bang', 460, NOW());
insert into ExampleDb.address_ward  (id, name, district_id, created_at) values (7668, 'Xã Ia Pia', 460, NOW());
insert into ExampleDb.address_ward  (id, name, district_id, created_at) values (7669, 'Xã Ia Ga', 460, NOW());
insert into ExampleDb.address_ward  (id, name, district_id, created_at) values (7670, 'Xã Ia Lâu', 460, NOW());
insert into ExampleDb.address_ward  (id, name, district_id, created_at) values (7671, 'Xã Ia Piơr', 460, NOW());
insert into ExampleDb.address_ward  (id, name, district_id, created_at) values (7672, 'Xã Ia Mơ', 460, NOW());
insert into ExampleDb.address_district  (id, name, province_id, created_at) values (461, 'Huyện Chư Sê', 41, NOW());
insert into ExampleDb.address_ward  (id, name, district_id, created_at) values (7673, 'Thị trấn Chư Sê', 461, NOW());
insert into ExampleDb.address_ward  (id, name, district_id, created_at) values (7674, 'Xã Ia Tiêm', 461, NOW());
insert into ExampleDb.address_ward  (id, name, district_id, created_at) values (7675, 'Xã Chư Pơng', 461, NOW());
insert into ExampleDb.address_ward  (id, name, district_id, created_at) values (7676, 'Xã Bar Măih', 461, NOW());
insert into ExampleDb.address_ward  (id, name, district_id, created_at) values (7677, 'Xã Bờ Ngoong', 461, NOW());
insert into ExampleDb.address_ward  (id, name, district_id, created_at) values (7678, 'Xã Ia Glai', 461, NOW());
insert into ExampleDb.address_ward  (id, name, district_id, created_at) values (7679, 'Xã AL Bá', 461, NOW());
insert into ExampleDb.address_ward  (id, name, district_id, created_at) values (7680, 'Xã Kông HTok', 461, NOW());
insert into ExampleDb.address_ward  (id, name, district_id, created_at) values (7681, 'Xã AYun', 461, NOW());
insert into ExampleDb.address_ward  (id, name, district_id, created_at) values (7682, 'Xã Ia HLốp', 461, NOW());
insert into ExampleDb.address_ward  (id, name, district_id, created_at) values (7683, 'Xã Ia Blang', 461, NOW());
insert into ExampleDb.address_ward  (id, name, district_id, created_at) values (7684, 'Xã Dun', 461, NOW());
insert into ExampleDb.address_ward  (id, name, district_id, created_at) values (7685, 'Xã Ia Pal', 461, NOW());
insert into ExampleDb.address_ward  (id, name, district_id, created_at) values (7686, 'Xã H Bông', 461, NOW());
insert into ExampleDb.address_ward  (id, name, district_id, created_at) values (7687, 'Xã Ia Ko', 461, NOW());
insert into ExampleDb.address_district  (id, name, province_id, created_at) values (462, 'Huyện Đăk Pơ', 41, NOW());
insert into ExampleDb.address_ward  (id, name, district_id, created_at) values (7688, 'Xã Hà Tam', 462, NOW());
insert into ExampleDb.address_ward  (id, name, district_id, created_at) values (7689, 'Xã An Thành', 462, NOW());
insert into ExampleDb.address_ward  (id, name, district_id, created_at) values (7690, 'Thị trấn Đak Pơ', 462, NOW());
insert into ExampleDb.address_ward  (id, name, district_id, created_at) values (7691, 'Xã Yang Bắc', 462, NOW());
insert into ExampleDb.address_ward  (id, name, district_id, created_at) values (7692, 'Xã Cư An', 462, NOW());
insert into ExampleDb.address_ward  (id, name, district_id, created_at) values (7693, 'Xã Tân An', 462, NOW());
insert into ExampleDb.address_ward  (id, name, district_id, created_at) values (7694, 'Xã Phú An', 462, NOW());
insert into ExampleDb.address_ward  (id, name, district_id, created_at) values (7695, 'Xã Ya Hội', 462, NOW());
insert into ExampleDb.address_district  (id, name, province_id, created_at) values (463, 'Huyện Ia Pa', 41, NOW());
insert into ExampleDb.address_ward  (id, name, district_id, created_at) values (7696, 'Xã Pờ Tó', 463, NOW());
insert into ExampleDb.address_ward  (id, name, district_id, created_at) values (7697, 'Xã Chư Răng', 463, NOW());
insert into ExampleDb.address_ward  (id, name, district_id, created_at) values (7698, 'Xã Ia KDăm', 463, NOW());
insert into ExampleDb.address_ward  (id, name, district_id, created_at) values (7699, 'Xã Kim Tân', 463, NOW());
insert into ExampleDb.address_ward  (id, name, district_id, created_at) values (7700, 'Xã Chư Mố', 463, NOW());
insert into ExampleDb.address_ward  (id, name, district_id, created_at) values (7701, 'Xã Ia Tul', 463, NOW());
insert into ExampleDb.address_ward  (id, name, district_id, created_at) values (7702, 'Xã Ia Ma Rơn', 463, NOW());
insert into ExampleDb.address_ward  (id, name, district_id, created_at) values (7703, 'Xã Ia Broăi', 463, NOW());
insert into ExampleDb.address_ward  (id, name, district_id, created_at) values (7704, 'Xã Ia Trok', 463, NOW());
insert into ExampleDb.address_district  (id, name, province_id, created_at) values (464, 'Huyện Krông Pa', 41, NOW());
insert into ExampleDb.address_ward  (id, name, district_id, created_at) values (7705, 'Thị trấn Phú Túc', 464, NOW());
insert into ExampleDb.address_ward  (id, name, district_id, created_at) values (7706, 'Xã Ia RSai', 464, NOW());
insert into ExampleDb.address_ward  (id, name, district_id, created_at) values (7707, 'Xã Ia RSươm', 464, NOW());
insert into ExampleDb.address_ward  (id, name, district_id, created_at) values (7708, 'Xã Chư Gu', 464, NOW());
insert into ExampleDb.address_ward  (id, name, district_id, created_at) values (7709, 'Xã Đất Bằng', 464, NOW());
insert into ExampleDb.address_ward  (id, name, district_id, created_at) values (7710, 'Xã Ia Mláh', 464, NOW());
insert into ExampleDb.address_ward  (id, name, district_id, created_at) values (7711, 'Xã Chư Drăng', 464, NOW());
insert into ExampleDb.address_ward  (id, name, district_id, created_at) values (7712, 'Xã Phú Cần', 464, NOW());
insert into ExampleDb.address_ward  (id, name, district_id, created_at) values (7713, 'Xã Ia HDreh', 464, NOW());
insert into ExampleDb.address_ward  (id, name, district_id, created_at) values (7714, 'Xã Ia RMok', 464, NOW());
insert into ExampleDb.address_ward  (id, name, district_id, created_at) values (7715, 'Xã Chư Ngọc', 464, NOW());
insert into ExampleDb.address_ward  (id, name, district_id, created_at) values (7716, 'Xã Uar', 464, NOW());
insert into ExampleDb.address_ward  (id, name, district_id, created_at) values (7717, 'Xã Chư Rcăm', 464, NOW());
insert into ExampleDb.address_ward  (id, name, district_id, created_at) values (7718, 'Xã Krông Năng', 464, NOW());
insert into ExampleDb.address_district  (id, name, province_id, created_at) values (465, 'Huyện Phú Thiện', 41, NOW());
insert into ExampleDb.address_ward  (id, name, district_id, created_at) values (7719, 'Thị trấn Phú Thiện', 465, NOW());
insert into ExampleDb.address_ward  (id, name, district_id, created_at) values (7720, 'Xã Chư A Thai', 465, NOW());
insert into ExampleDb.address_ward  (id, name, district_id, created_at) values (7721, 'Xã Ayun Hạ', 465, NOW());
insert into ExampleDb.address_ward  (id, name, district_id, created_at) values (7722, 'Xã Ia Ake', 465, NOW());
insert into ExampleDb.address_ward  (id, name, district_id, created_at) values (7723, 'Xã Ia Sol', 465, NOW());
insert into ExampleDb.address_ward  (id, name, district_id, created_at) values (7724, 'Xã Ia Piar', 465, NOW());
insert into ExampleDb.address_ward  (id, name, district_id, created_at) values (7725, 'Xã Ia Peng', 465, NOW());
insert into ExampleDb.address_ward  (id, name, district_id, created_at) values (7726, 'Xã Chrôh Pơnan', 465, NOW());
insert into ExampleDb.address_ward  (id, name, district_id, created_at) values (7727, 'Xã Ia Hiao', 465, NOW());
insert into ExampleDb.address_ward  (id, name, district_id, created_at) values (7728, 'Xã Ia Yeng', 465, NOW());
insert into ExampleDb.address_district  (id, name, province_id, created_at) values (466, 'Huyện Chư Pưh', 41, NOW());
insert into ExampleDb.address_ward  (id, name, district_id, created_at) values (7729, 'Thị trấn Nhơn Hoà', 466, NOW());
insert into ExampleDb.address_ward  (id, name, district_id, created_at) values (7730, 'Xã Ia Hrú', 466, NOW());
insert into ExampleDb.address_ward  (id, name, district_id, created_at) values (7731, 'Xã Ia Rong', 466, NOW());
insert into ExampleDb.address_ward  (id, name, district_id, created_at) values (7732, 'Xã Ia Dreng', 466, NOW());
insert into ExampleDb.address_ward  (id, name, district_id, created_at) values (7733, 'Xã Ia Hla', 466, NOW());
insert into ExampleDb.address_ward  (id, name, district_id, created_at) values (7734, 'Xã Chư Don', 466, NOW());
insert into ExampleDb.address_ward  (id, name, district_id, created_at) values (7735, 'Xã Ia Phang', 466, NOW());
insert into ExampleDb.address_ward  (id, name, district_id, created_at) values (7736, 'Xã Ia Le', 466, NOW());
insert into ExampleDb.address_ward  (id, name, district_id, created_at) values (7737, 'Xã Ia BLứ', 466, NOW());
insert into ExampleDb.address_province (id, name, created_at) values (42, 'Tỉnh Đắk Lắk', NOW());
insert into ExampleDb.address_district  (id, name, province_id, created_at) values (467, 'Thành phố Buôn Ma Thuột', 42, NOW());
insert into ExampleDb.address_ward  (id, name, district_id, created_at) values (7738, 'Phường Tân Lập', 467, NOW());
insert into ExampleDb.address_ward  (id, name, district_id, created_at) values (7739, 'Phường Tân Hòa', 467, NOW());
insert into ExampleDb.address_ward  (id, name, district_id, created_at) values (7740, 'Phường Tân An', 467, NOW());
insert into ExampleDb.address_ward  (id, name, district_id, created_at) values (7741, 'Phường Thống Nhất', 467, NOW());
insert into ExampleDb.address_ward  (id, name, district_id, created_at) values (7742, 'Phường Thành Nhất', 467, NOW());
insert into ExampleDb.address_ward  (id, name, district_id, created_at) values (7743, 'Phường Thắng Lợi', 467, NOW());
insert into ExampleDb.address_ward  (id, name, district_id, created_at) values (7744, 'Phường Tân Lợi', 467, NOW());
insert into ExampleDb.address_ward  (id, name, district_id, created_at) values (7745, 'Phường Thành Công', 467, NOW());
insert into ExampleDb.address_ward  (id, name, district_id, created_at) values (7746, 'Phường Tân Thành', 467, NOW());
insert into ExampleDb.address_ward  (id, name, district_id, created_at) values (7747, 'Phường Tân Tiến', 467, NOW());
insert into ExampleDb.address_ward  (id, name, district_id, created_at) values (7748, 'Phường Tự An', 467, NOW());
insert into ExampleDb.address_ward  (id, name, district_id, created_at) values (7749, 'Phường Ea Tam', 467, NOW());
insert into ExampleDb.address_ward  (id, name, district_id, created_at) values (7750, 'Phường Khánh Xuân', 467, NOW());
insert into ExampleDb.address_ward  (id, name, district_id, created_at) values (7751, 'Xã Hòa Thuận', 467, NOW());
insert into ExampleDb.address_ward  (id, name, district_id, created_at) values (7752, 'Xã Cư ÊBur', 467, NOW());
insert into ExampleDb.address_ward  (id, name, district_id, created_at) values (7753, 'Xã Ea Tu', 467, NOW());
insert into ExampleDb.address_ward  (id, name, district_id, created_at) values (7754, 'Xã Hòa Thắng', 467, NOW());
insert into ExampleDb.address_ward  (id, name, district_id, created_at) values (7755, 'Xã Ea Kao', 467, NOW());
insert into ExampleDb.address_ward  (id, name, district_id, created_at) values (7756, 'Xã Hòa Phú', 467, NOW());
insert into ExampleDb.address_ward  (id, name, district_id, created_at) values (7757, 'Xã Hòa Khánh', 467, NOW());
insert into ExampleDb.address_ward  (id, name, district_id, created_at) values (7758, 'Xã Hòa Xuân', 467, NOW());
insert into ExampleDb.address_district  (id, name, province_id, created_at) values (468, 'Thị Xã Buôn Hồ', 42, NOW());
insert into ExampleDb.address_ward  (id, name, district_id, created_at) values (7759, 'Phường An Lạc', 468, NOW());
insert into ExampleDb.address_ward  (id, name, district_id, created_at) values (7760, 'Phường An Bình', 468, NOW());
insert into ExampleDb.address_ward  (id, name, district_id, created_at) values (7761, 'Phường Thiện An', 468, NOW());
insert into ExampleDb.address_ward  (id, name, district_id, created_at) values (7762, 'Phường Đạt Hiếu', 468, NOW());
insert into ExampleDb.address_ward  (id, name, district_id, created_at) values (7763, 'Phường Đoàn Kết', 468, NOW());
insert into ExampleDb.address_ward  (id, name, district_id, created_at) values (7764, 'Xã Ea Blang', 468, NOW());
insert into ExampleDb.address_ward  (id, name, district_id, created_at) values (7765, 'Xã Ea Drông', 468, NOW());
insert into ExampleDb.address_ward  (id, name, district_id, created_at) values (7766, 'Phường Thống Nhất', 468, NOW());
insert into ExampleDb.address_ward  (id, name, district_id, created_at) values (7767, 'Phường Bình Tân', 468, NOW());
insert into ExampleDb.address_ward  (id, name, district_id, created_at) values (7768, 'Xã Ea Siên', 468, NOW());
insert into ExampleDb.address_ward  (id, name, district_id, created_at) values (7769, 'Xã Bình Thuận', 468, NOW());
insert into ExampleDb.address_ward  (id, name, district_id, created_at) values (7770, 'Xã Cư Bao', 468, NOW());
insert into ExampleDb.address_district  (id, name, province_id, created_at) values (469, 'Huyện Ea H"leo', 42, NOW());
insert into ExampleDb.address_ward  (id, name, district_id, created_at) values (7771, 'Thị trấn Ea Drăng', 469, NOW());
insert into ExampleDb.address_ward  (id, name, district_id, created_at) values (7772, 'Xã Ea H"leo', 469, NOW());
insert into ExampleDb.address_ward  (id, name, district_id, created_at) values (7773, 'Xã Ea Sol', 469, NOW());
insert into ExampleDb.address_ward  (id, name, district_id, created_at) values (7774, 'Xã Ea Ral', 469, NOW());
insert into ExampleDb.address_ward  (id, name, district_id, created_at) values (7775, 'Xã Ea Wy', 469, NOW());
insert into ExampleDb.address_ward  (id, name, district_id, created_at) values (7776, 'Xã Cư A Mung', 469, NOW());
insert into ExampleDb.address_ward  (id, name, district_id, created_at) values (7777, 'Xã Cư Mốt', 469, NOW());
insert into ExampleDb.address_ward  (id, name, district_id, created_at) values (7778, 'Xã Ea Hiao', 469, NOW());
insert into ExampleDb.address_ward  (id, name, district_id, created_at) values (7779, 'Xã Ea Khal', 469, NOW());
insert into ExampleDb.address_ward  (id, name, district_id, created_at) values (7780, 'Xã Dliê Yang', 469, NOW());
insert into ExampleDb.address_ward  (id, name, district_id, created_at) values (7781, 'Xã Ea Tir', 469, NOW());
insert into ExampleDb.address_ward  (id, name, district_id, created_at) values (7782, 'Xã Ea Nam', 469, NOW());
insert into ExampleDb.address_district  (id, name, province_id, created_at) values (470, 'Huyện Ea Súp', 42, NOW());
insert into ExampleDb.address_ward  (id, name, district_id, created_at) values (7783, 'Thị trấn Ea Súp', 470, NOW());
insert into ExampleDb.address_ward  (id, name, district_id, created_at) values (7784, 'Xã Ia Lốp', 470, NOW());
insert into ExampleDb.address_ward  (id, name, district_id, created_at) values (7785, 'Xã Ia JLơi', 470, NOW());
insert into ExampleDb.address_ward  (id, name, district_id, created_at) values (7786, 'Xã Ea Rốk', 470, NOW());
insert into ExampleDb.address_ward  (id, name, district_id, created_at) values (7787, 'Xã Ya Tờ Mốt', 470, NOW());
insert into ExampleDb.address_ward  (id, name, district_id, created_at) values (7788, 'Xã Ia RVê', 470, NOW());
insert into ExampleDb.address_ward  (id, name, district_id, created_at) values (7789, 'Xã Ea Lê', 470, NOW());
insert into ExampleDb.address_ward  (id, name, district_id, created_at) values (7790, 'Xã Cư KBang', 470, NOW());
insert into ExampleDb.address_ward  (id, name, district_id, created_at) values (7791, 'Xã Ea Bung', 470, NOW());
insert into ExampleDb.address_ward  (id, name, district_id, created_at) values (7792, 'Xã Cư M"Lan', 470, NOW());
insert into ExampleDb.address_district  (id, name, province_id, created_at) values (471, 'Huyện Buôn Đôn', 42, NOW());
insert into ExampleDb.address_ward  (id, name, district_id, created_at) values (7793, 'Xã Krông Na', 471, NOW());
insert into ExampleDb.address_ward  (id, name, district_id, created_at) values (7794, 'Xã Ea Huar', 471, NOW());
insert into ExampleDb.address_ward  (id, name, district_id, created_at) values (7795, 'Xã Ea Wer', 471, NOW());
insert into ExampleDb.address_ward  (id, name, district_id, created_at) values (7796, 'Xã Tân Hoà', 471, NOW());
insert into ExampleDb.address_ward  (id, name, district_id, created_at) values (7797, 'Xã Cuôr KNia', 471, NOW());
insert into ExampleDb.address_ward  (id, name, district_id, created_at) values (7798, 'Xã Ea Bar', 471, NOW());
insert into ExampleDb.address_ward  (id, name, district_id, created_at) values (7799, 'Xã Ea Nuôl', 471, NOW());
insert into ExampleDb.address_district  (id, name, province_id, created_at) values (472, 'Huyện Cư M"gar', 42, NOW());
insert into ExampleDb.address_ward  (id, name, district_id, created_at) values (7800, 'Thị trấn Ea Pốk', 472, NOW());
insert into ExampleDb.address_ward  (id, name, district_id, created_at) values (7801, 'Thị trấn Quảng Phú', 472, NOW());
insert into ExampleDb.address_ward  (id, name, district_id, created_at) values (7802, 'Xã Quảng Tiến', 472, NOW());
insert into ExampleDb.address_ward  (id, name, district_id, created_at) values (7803, 'Xã Ea Kuêh', 472, NOW());
insert into ExampleDb.address_ward  (id, name, district_id, created_at) values (7804, 'Xã Ea Kiết', 472, NOW());
insert into ExampleDb.address_ward  (id, name, district_id, created_at) values (7805, 'Xã Ea Tar', 472, NOW());
insert into ExampleDb.address_ward  (id, name, district_id, created_at) values (7806, 'Xã Cư Dliê M"nông', 472, NOW());
insert into ExampleDb.address_ward  (id, name, district_id, created_at) values (7807, 'Xã Ea H"đinh', 472, NOW());
insert into ExampleDb.address_ward  (id, name, district_id, created_at) values (7808, 'Xã Ea Tul', 472, NOW());
insert into ExampleDb.address_ward  (id, name, district_id, created_at) values (7809, 'Xã Ea KPam', 472, NOW());
insert into ExampleDb.address_ward  (id, name, district_id, created_at) values (7810, 'Xã Ea M"DRóh', 472, NOW());
insert into ExampleDb.address_ward  (id, name, district_id, created_at) values (7811, 'Xã Quảng Hiệp', 472, NOW());
insert into ExampleDb.address_ward  (id, name, district_id, created_at) values (7812, 'Xã Cư M"gar', 472, NOW());
insert into ExampleDb.address_ward  (id, name, district_id, created_at) values (7813, 'Xã Ea D"Rơng', 472, NOW());
insert into ExampleDb.address_ward  (id, name, district_id, created_at) values (7814, 'Xã Ea M"nang', 472, NOW());
insert into ExampleDb.address_ward  (id, name, district_id, created_at) values (7815, 'Xã Cư Suê', 472, NOW());
insert into ExampleDb.address_ward  (id, name, district_id, created_at) values (7816, 'Xã Cuor Đăng', 472, NOW());
insert into ExampleDb.address_district  (id, name, province_id, created_at) values (473, 'Huyện Krông Búk', 42, NOW());
insert into ExampleDb.address_ward  (id, name, district_id, created_at) values (7817, 'Xã Cư Né', 473, NOW());
insert into ExampleDb.address_ward  (id, name, district_id, created_at) values (7818, 'Xã Chư KBô', 473, NOW());
insert into ExampleDb.address_ward  (id, name, district_id, created_at) values (7819, 'Xã Cư Pơng', 473, NOW());
insert into ExampleDb.address_ward  (id, name, district_id, created_at) values (7820, 'Xã Ea Sin', 473, NOW());
insert into ExampleDb.address_ward  (id, name, district_id, created_at) values (7821, 'Xã Pơng Drang', 473, NOW());
insert into ExampleDb.address_ward  (id, name, district_id, created_at) values (7822, 'Xã Tân Lập', 473, NOW());
insert into ExampleDb.address_ward  (id, name, district_id, created_at) values (7823, 'Xã Ea Ngai', 473, NOW());
insert into ExampleDb.address_district  (id, name, province_id, created_at) values (474, 'Huyện Krông Năng', 42, NOW());
insert into ExampleDb.address_ward  (id, name, district_id, created_at) values (7824, 'Thị trấn Krông Năng', 474, NOW());
insert into ExampleDb.address_ward  (id, name, district_id, created_at) values (7825, 'Xã ĐLiê Ya', 474, NOW());
insert into ExampleDb.address_ward  (id, name, district_id, created_at) values (7826, 'Xã Ea Tóh', 474, NOW());
insert into ExampleDb.address_ward  (id, name, district_id, created_at) values (7827, 'Xã Ea Tam', 474, NOW());
insert into ExampleDb.address_ward  (id, name, district_id, created_at) values (7828, 'Xã Phú Lộc', 474, NOW());
insert into ExampleDb.address_ward  (id, name, district_id, created_at) values (7829, 'Xã Tam Giang', 474, NOW());
insert into ExampleDb.address_ward  (id, name, district_id, created_at) values (7830, 'Xã Ea Puk', 474, NOW());
insert into ExampleDb.address_ward  (id, name, district_id, created_at) values (7831, 'Xã Ea Dăh', 474, NOW());
insert into ExampleDb.address_ward  (id, name, district_id, created_at) values (7832, 'Xã Ea Hồ', 474, NOW());
insert into ExampleDb.address_ward  (id, name, district_id, created_at) values (7833, 'Xã Phú Xuân', 474, NOW());
insert into ExampleDb.address_ward  (id, name, district_id, created_at) values (7834, 'Xã Cư Klông', 474, NOW());
insert into ExampleDb.address_ward  (id, name, district_id, created_at) values (7835, 'Xã Ea Tân', 474, NOW());
insert into ExampleDb.address_district  (id, name, province_id, created_at) values (475, 'Huyện Ea Kar', 42, NOW());
insert into ExampleDb.address_ward  (id, name, district_id, created_at) values (7836, 'Thị trấn Ea Kar', 475, NOW());
insert into ExampleDb.address_ward  (id, name, district_id, created_at) values (7837, 'Thị trấn Ea Knốp', 475, NOW());
insert into ExampleDb.address_ward  (id, name, district_id, created_at) values (7838, 'Xã Ea Sô', 475, NOW());
insert into ExampleDb.address_ward  (id, name, district_id, created_at) values (7839, 'Xã Ea Sar', 475, NOW());
insert into ExampleDb.address_ward  (id, name, district_id, created_at) values (7840, 'Xã Xuân Phú', 475, NOW());
insert into ExampleDb.address_ward  (id, name, district_id, created_at) values (7841, 'Xã Cư Huê', 475, NOW());
insert into ExampleDb.address_ward  (id, name, district_id, created_at) values (7842, 'Xã Ea Tih', 475, NOW());
insert into ExampleDb.address_ward  (id, name, district_id, created_at) values (7843, 'Xã Ea Đar', 475, NOW());
insert into ExampleDb.address_ward  (id, name, district_id, created_at) values (7844, 'Xã Ea Kmút', 475, NOW());
insert into ExampleDb.address_ward  (id, name, district_id, created_at) values (7845, 'Xã Cư Ni', 475, NOW());
insert into ExampleDb.address_ward  (id, name, district_id, created_at) values (7846, 'Xã Ea Păl', 475, NOW());
insert into ExampleDb.address_ward  (id, name, district_id, created_at) values (7847, 'Xã Cư Prông', 475, NOW());
insert into ExampleDb.address_ward  (id, name, district_id, created_at) values (7848, 'Xã Ea Ô', 475, NOW());
insert into ExampleDb.address_ward  (id, name, district_id, created_at) values (7849, 'Xã Cư ELang', 475, NOW());
insert into ExampleDb.address_ward  (id, name, district_id, created_at) values (7850, 'Xã Cư Bông', 475, NOW());
insert into ExampleDb.address_ward  (id, name, district_id, created_at) values (7851, 'Xã Cư Jang', 475, NOW());
insert into ExampleDb.address_district  (id, name, province_id, created_at) values (476, 'Huyện M"Đrắk', 42, NOW());
insert into ExampleDb.address_ward  (id, name, district_id, created_at) values (7852, 'Thị trấn M"Đrắk', 476, NOW());
insert into ExampleDb.address_ward  (id, name, district_id, created_at) values (7853, 'Xã Cư Prao', 476, NOW());
insert into ExampleDb.address_ward  (id, name, district_id, created_at) values (7854, 'Xã Ea Pil', 476, NOW());
insert into ExampleDb.address_ward  (id, name, district_id, created_at) values (7855, 'Xã Ea Lai', 476, NOW());
insert into ExampleDb.address_ward  (id, name, district_id, created_at) values (7856, 'Xã Ea H"MLay', 476, NOW());
insert into ExampleDb.address_ward  (id, name, district_id, created_at) values (7857, 'Xã Krông Jing', 476, NOW());
insert into ExampleDb.address_ward  (id, name, district_id, created_at) values (7858, 'Xã Ea M" Doal', 476, NOW());
insert into ExampleDb.address_ward  (id, name, district_id, created_at) values (7859, 'Xã Ea Riêng', 476, NOW());
insert into ExampleDb.address_ward  (id, name, district_id, created_at) values (7860, 'Xã Cư M"ta', 476, NOW());
insert into ExampleDb.address_ward  (id, name, district_id, created_at) values (7861, 'Xã Cư K Róa', 476, NOW());
insert into ExampleDb.address_ward  (id, name, district_id, created_at) values (7862, 'Xã Krông Á', 476, NOW());
insert into ExampleDb.address_ward  (id, name, district_id, created_at) values (7863, 'Xã Cư San', 476, NOW());
insert into ExampleDb.address_ward  (id, name, district_id, created_at) values (7864, 'Xã Ea Trang', 476, NOW());
insert into ExampleDb.address_district  (id, name, province_id, created_at) values (477, 'Huyện Krông Bông', 42, NOW());
insert into ExampleDb.address_ward  (id, name, district_id, created_at) values (7865, 'Thị trấn Krông Kmar', 477, NOW());
insert into ExampleDb.address_ward  (id, name, district_id, created_at) values (7866, 'Xã Dang Kang', 477, NOW());
insert into ExampleDb.address_ward  (id, name, district_id, created_at) values (7867, 'Xã Cư KTy', 477, NOW());
insert into ExampleDb.address_ward  (id, name, district_id, created_at) values (7868, 'Xã Hòa Thành', 477, NOW());
insert into ExampleDb.address_ward  (id, name, district_id, created_at) values (7869, 'Xã Hòa Tân', 477, NOW());
insert into ExampleDb.address_ward  (id, name, district_id, created_at) values (7870, 'Xã Hòa Phong', 477, NOW());
insert into ExampleDb.address_ward  (id, name, district_id, created_at) values (7871, 'Xã Hòa Lễ', 477, NOW());
insert into ExampleDb.address_ward  (id, name, district_id, created_at) values (7872, 'Xã Yang Reh', 477, NOW());
insert into ExampleDb.address_ward  (id, name, district_id, created_at) values (7873, 'Xã Ea Trul', 477, NOW());
insert into ExampleDb.address_ward  (id, name, district_id, created_at) values (7874, 'Xã Khuê Ngọc Điền', 477, NOW());
insert into ExampleDb.address_ward  (id, name, district_id, created_at) values (7875, 'Xã Cư Pui', 477, NOW());
insert into ExampleDb.address_ward  (id, name, district_id, created_at) values (7876, 'Xã Hòa Sơn', 477, NOW());
insert into ExampleDb.address_ward  (id, name, district_id, created_at) values (7877, 'Xã Cư Drăm', 477, NOW());
insert into ExampleDb.address_ward  (id, name, district_id, created_at) values (7878, 'Xã Yang Mao', 477, NOW());
insert into ExampleDb.address_district  (id, name, province_id, created_at) values (478, 'Huyện Krông Pắc', 42, NOW());
insert into ExampleDb.address_ward  (id, name, district_id, created_at) values (7879, 'Thị trấn Phước An', 478, NOW());
insert into ExampleDb.address_ward  (id, name, district_id, created_at) values (7880, 'Xã KRông Búk', 478, NOW());
insert into ExampleDb.address_ward  (id, name, district_id, created_at) values (7881, 'Xã Ea Kly', 478, NOW());
insert into ExampleDb.address_ward  (id, name, district_id, created_at) values (7882, 'Xã Ea Kênh', 478, NOW());
insert into ExampleDb.address_ward  (id, name, district_id, created_at) values (7883, 'Xã Ea Phê', 478, NOW());
insert into ExampleDb.address_ward  (id, name, district_id, created_at) values (7884, 'Xã Ea KNuec', 478, NOW());
insert into ExampleDb.address_ward  (id, name, district_id, created_at) values (7885, 'Xã Ea Yông', 478, NOW());
insert into ExampleDb.address_ward  (id, name, district_id, created_at) values (7886, 'Xã Hòa An', 478, NOW());
insert into ExampleDb.address_ward  (id, name, district_id, created_at) values (7887, 'Xã Ea Kuăng', 478, NOW());
insert into ExampleDb.address_ward  (id, name, district_id, created_at) values (7888, 'Xã Hòa Đông', 478, NOW());
insert into ExampleDb.address_ward  (id, name, district_id, created_at) values (7889, 'Xã Ea Hiu', 478, NOW());
insert into ExampleDb.address_ward  (id, name, district_id, created_at) values (7890, 'Xã Hòa Tiến', 478, NOW());
insert into ExampleDb.address_ward  (id, name, district_id, created_at) values (7891, 'Xã Tân Tiến', 478, NOW());
insert into ExampleDb.address_ward  (id, name, district_id, created_at) values (7892, 'Xã Vụ Bổn', 478, NOW());
insert into ExampleDb.address_ward  (id, name, district_id, created_at) values (7893, 'Xã Ea Uy', 478, NOW());
insert into ExampleDb.address_ward  (id, name, district_id, created_at) values (7894, 'Xã Ea Yiêng', 478, NOW());
insert into ExampleDb.address_district  (id, name, province_id, created_at) values (479, 'Huyện Krông A Na', 42, NOW());
insert into ExampleDb.address_ward  (id, name, district_id, created_at) values (7895, 'Thị trấn Buôn Trấp', 479, NOW());
insert into ExampleDb.address_ward  (id, name, district_id, created_at) values (7896, 'Xã Dray Sáp', 479, NOW());
insert into ExampleDb.address_ward  (id, name, district_id, created_at) values (7897, 'Xã Ea Na', 479, NOW());
insert into ExampleDb.address_ward  (id, name, district_id, created_at) values (7898, 'Xã Ea Bông', 479, NOW());
insert into ExampleDb.address_ward  (id, name, district_id, created_at) values (7899, 'Xã Băng A Drênh', 479, NOW());
insert into ExampleDb.address_ward  (id, name, district_id, created_at) values (7900, 'Xã Dur KMăl', 479, NOW());
insert into ExampleDb.address_ward  (id, name, district_id, created_at) values (7901, 'Xã Bình Hòa', 479, NOW());
insert into ExampleDb.address_ward  (id, name, district_id, created_at) values (7902, 'Xã Quảng Điền', 479, NOW());
insert into ExampleDb.address_district  (id, name, province_id, created_at) values (480, 'Huyện Lắk', 42, NOW());
insert into ExampleDb.address_ward  (id, name, district_id, created_at) values (7903, 'Thị trấn Liên Sơn', 480, NOW());
insert into ExampleDb.address_ward  (id, name, district_id, created_at) values (7904, 'Xã Yang Tao', 480, NOW());
insert into ExampleDb.address_ward  (id, name, district_id, created_at) values (7905, 'Xã Bông Krang', 480, NOW());
insert into ExampleDb.address_ward  (id, name, district_id, created_at) values (7906, 'Xã Đắk Liêng', 480, NOW());
insert into ExampleDb.address_ward  (id, name, district_id, created_at) values (7907, 'Xã Buôn Triết', 480, NOW());
insert into ExampleDb.address_ward  (id, name, district_id, created_at) values (7908, 'Xã Buôn Tría', 480, NOW());
insert into ExampleDb.address_ward  (id, name, district_id, created_at) values (7909, 'Xã Đắk Phơi', 480, NOW());
insert into ExampleDb.address_ward  (id, name, district_id, created_at) values (7910, 'Xã Đắk Nuê', 480, NOW());
insert into ExampleDb.address_ward  (id, name, district_id, created_at) values (7911, 'Xã Krông Nô', 480, NOW());
insert into ExampleDb.address_ward  (id, name, district_id, created_at) values (7912, 'Xã Nam Ka', 480, NOW());
insert into ExampleDb.address_ward  (id, name, district_id, created_at) values (7913, 'Xã Ea R"Bin', 480, NOW());
insert into ExampleDb.address_district  (id, name, province_id, created_at) values (481, 'Huyện Cư Kuin', 42, NOW());
insert into ExampleDb.address_ward  (id, name, district_id, created_at) values (7914, 'Xã Ea Ning', 481, NOW());
insert into ExampleDb.address_ward  (id, name, district_id, created_at) values (7915, 'Xã Cư Ê Wi', 481, NOW());
insert into ExampleDb.address_ward  (id, name, district_id, created_at) values (7916, 'Xã Ea Ktur', 481, NOW());
insert into ExampleDb.address_ward  (id, name, district_id, created_at) values (7917, 'Xã Ea Tiêu', 481, NOW());
insert into ExampleDb.address_ward  (id, name, district_id, created_at) values (7918, 'Xã Ea BHốk', 481, NOW());
insert into ExampleDb.address_ward  (id, name, district_id, created_at) values (7919, 'Xã Ea Hu', 481, NOW());
insert into ExampleDb.address_ward  (id, name, district_id, created_at) values (7920, 'Xã Dray Bhăng', 481, NOW());
insert into ExampleDb.address_ward  (id, name, district_id, created_at) values (7921, 'Xã Hòa Hiệp', 481, NOW());
insert into ExampleDb.address_province (id, name, created_at) values (43, 'Tỉnh Đắk Nông', NOW());
insert into ExampleDb.address_district  (id, name, province_id, created_at) values (482, 'Thành phố Gia Nghĩa', 43, NOW());
insert into ExampleDb.address_ward  (id, name, district_id, created_at) values (7922, 'Phường Nghĩa Đức', 482, NOW());
insert into ExampleDb.address_ward  (id, name, district_id, created_at) values (7923, 'Phường Nghĩa Thành', 482, NOW());
insert into ExampleDb.address_ward  (id, name, district_id, created_at) values (7924, 'Phường Nghĩa Phú', 482, NOW());
insert into ExampleDb.address_ward  (id, name, district_id, created_at) values (7925, 'Phường Nghĩa Tân', 482, NOW());
insert into ExampleDb.address_ward  (id, name, district_id, created_at) values (7926, 'Phường Nghĩa Trung', 482, NOW());
insert into ExampleDb.address_ward  (id, name, district_id, created_at) values (7927, 'Xã Đăk R"Moan', 482, NOW());
insert into ExampleDb.address_ward  (id, name, district_id, created_at) values (7928, 'Phường Quảng Thành', 482, NOW());
insert into ExampleDb.address_ward  (id, name, district_id, created_at) values (7929, 'Xã Đắk Nia', 482, NOW());
insert into ExampleDb.address_district  (id, name, province_id, created_at) values (483, 'Huyện Đăk Glong', 43, NOW());
insert into ExampleDb.address_ward  (id, name, district_id, created_at) values (7930, 'Xã Quảng Sơn', 483, NOW());
insert into ExampleDb.address_ward  (id, name, district_id, created_at) values (7931, 'Xã Quảng Hoà', 483, NOW());
insert into ExampleDb.address_ward  (id, name, district_id, created_at) values (7932, 'Xã Đắk Ha', 483, NOW());
insert into ExampleDb.address_ward  (id, name, district_id, created_at) values (7933, 'Xã Đắk R"Măng', 483, NOW());
insert into ExampleDb.address_ward  (id, name, district_id, created_at) values (7934, 'Xã Quảng Khê', 483, NOW());
insert into ExampleDb.address_ward  (id, name, district_id, created_at) values (7935, 'Xã Đắk Plao', 483, NOW());
insert into ExampleDb.address_ward  (id, name, district_id, created_at) values (7936, 'Xã Đắk Som', 483, NOW());
insert into ExampleDb.address_district  (id, name, province_id, created_at) values (484, 'Huyện Cư Jút', 43, NOW());
insert into ExampleDb.address_ward  (id, name, district_id, created_at) values (7937, 'Thị trấn Ea T"Ling', 484, NOW());
insert into ExampleDb.address_ward  (id, name, district_id, created_at) values (7938, 'Xã Đắk Wil', 484, NOW());
insert into ExampleDb.address_ward  (id, name, district_id, created_at) values (7939, 'Xã Ea Pô', 484, NOW());
insert into ExampleDb.address_ward  (id, name, district_id, created_at) values (7940, 'Xã Nam Dong', 484, NOW());
insert into ExampleDb.address_ward  (id, name, district_id, created_at) values (7941, 'Xã Đắk DRông', 484, NOW());
insert into ExampleDb.address_ward  (id, name, district_id, created_at) values (7942, 'Xã Tâm Thắng', 484, NOW());
insert into ExampleDb.address_ward  (id, name, district_id, created_at) values (7943, 'Xã Cư Knia', 484, NOW());
insert into ExampleDb.address_ward  (id, name, district_id, created_at) values (7944, 'Xã Trúc Sơn', 484, NOW());
insert into ExampleDb.address_district  (id, name, province_id, created_at) values (485, 'Huyện Đắk Mil', 43, NOW());
insert into ExampleDb.address_ward  (id, name, district_id, created_at) values (7945, 'Thị trấn Đắk Mil', 485, NOW());
insert into ExampleDb.address_ward  (id, name, district_id, created_at) values (7946, 'Xã  Đắk Lao', 485, NOW());
insert into ExampleDb.address_ward  (id, name, district_id, created_at) values (7947, 'Xã Đắk R"La', 485, NOW());
insert into ExampleDb.address_ward  (id, name, district_id, created_at) values (7948, 'Xã Đắk Gằn', 485, NOW());
insert into ExampleDb.address_ward  (id, name, district_id, created_at) values (7949, 'Xã Đức Mạnh', 485, NOW());
insert into ExampleDb.address_ward  (id, name, district_id, created_at) values (7950, 'Xã Đắk N"Drót', 485, NOW());
insert into ExampleDb.address_ward  (id, name, district_id, created_at) values (7951, 'Xã Long Sơn', 485, NOW());
insert into ExampleDb.address_ward  (id, name, district_id, created_at) values (7952, 'Xã Đắk Sắk', 485, NOW());
insert into ExampleDb.address_ward  (id, name, district_id, created_at) values (7953, 'Xã Thuận An', 485, NOW());
insert into ExampleDb.address_ward  (id, name, district_id, created_at) values (7954, 'Xã Đức Minh', 485, NOW());
insert into ExampleDb.address_district  (id, name, province_id, created_at) values (486, 'Huyện Krông Nô', 43, NOW());
insert into ExampleDb.address_ward  (id, name, district_id, created_at) values (7955, 'Thị trấn Đắk Mâm', 486, NOW());
insert into ExampleDb.address_ward  (id, name, district_id, created_at) values (7956, 'Xã Đắk Sôr', 486, NOW());
insert into ExampleDb.address_ward  (id, name, district_id, created_at) values (7957, 'Xã Nam Xuân', 486, NOW());
insert into ExampleDb.address_ward  (id, name, district_id, created_at) values (7958, 'Xã Buôn Choah', 486, NOW());
insert into ExampleDb.address_ward  (id, name, district_id, created_at) values (7959, 'Xã Nam Đà', 486, NOW());
insert into ExampleDb.address_ward  (id, name, district_id, created_at) values (7960, 'Xã Tân Thành', 486, NOW());
insert into ExampleDb.address_ward  (id, name, district_id, created_at) values (7961, 'Xã Đắk Drô', 486, NOW());
insert into ExampleDb.address_ward  (id, name, district_id, created_at) values (7962, 'Xã Nâm Nung', 486, NOW());
insert into ExampleDb.address_ward  (id, name, district_id, created_at) values (7963, 'Xã Đức Xuyên', 486, NOW());
insert into ExampleDb.address_ward  (id, name, district_id, created_at) values (7964, 'Xã Đắk Nang', 486, NOW());
insert into ExampleDb.address_ward  (id, name, district_id, created_at) values (7965, 'Xã Quảng Phú', 486, NOW());
insert into ExampleDb.address_ward  (id, name, district_id, created_at) values (7966, 'Xã Nâm N"Đir', 486, NOW());
insert into ExampleDb.address_district  (id, name, province_id, created_at) values (487, 'Huyện Đắk Song', 43, NOW());
insert into ExampleDb.address_ward  (id, name, district_id, created_at) values (7967, 'Thị trấn Đức An', 487, NOW());
insert into ExampleDb.address_ward  (id, name, district_id, created_at) values (7968, 'Xã Đắk Môl', 487, NOW());
insert into ExampleDb.address_ward  (id, name, district_id, created_at) values (7969, 'Xã Đắk Hòa', 487, NOW());
insert into ExampleDb.address_ward  (id, name, district_id, created_at) values (7970, 'Xã Nam Bình', 487, NOW());
insert into ExampleDb.address_ward  (id, name, district_id, created_at) values (7971, 'Xã Thuận Hà', 487, NOW());
insert into ExampleDb.address_ward  (id, name, district_id, created_at) values (7972, 'Xã Thuận Hạnh', 487, NOW());
insert into ExampleDb.address_ward  (id, name, district_id, created_at) values (7973, 'Xã Đắk N"Dung', 487, NOW());
insert into ExampleDb.address_ward  (id, name, district_id, created_at) values (7974, 'Xã Nâm N"Jang', 487, NOW());
insert into ExampleDb.address_ward  (id, name, district_id, created_at) values (7975, 'Xã Trường Xuân', 487, NOW());
insert into ExampleDb.address_district  (id, name, province_id, created_at) values (488, 'Huyện Đắk R"Lấp', 43, NOW());
insert into ExampleDb.address_ward  (id, name, district_id, created_at) values (7976, 'Thị trấn Kiến Đức', 488, NOW());
insert into ExampleDb.address_ward  (id, name, district_id, created_at) values (7977, 'Xã Quảng Tín', 488, NOW());
insert into ExampleDb.address_ward  (id, name, district_id, created_at) values (7978, 'Xã Đắk Wer', 488, NOW());
insert into ExampleDb.address_ward  (id, name, district_id, created_at) values (7979, 'Xã Nhân Cơ', 488, NOW());
insert into ExampleDb.address_ward  (id, name, district_id, created_at) values (7980, 'Xã Kiến Thành', 488, NOW());
insert into ExampleDb.address_ward  (id, name, district_id, created_at) values (7981, 'Xã Nghĩa Thắng', 488, NOW());
insert into ExampleDb.address_ward  (id, name, district_id, created_at) values (7982, 'Xã Đạo Nghĩa', 488, NOW());
insert into ExampleDb.address_ward  (id, name, district_id, created_at) values (7983, 'Xã Đắk Sin', 488, NOW());
insert into ExampleDb.address_ward  (id, name, district_id, created_at) values (7984, 'Xã Hưng Bình', 488, NOW());
insert into ExampleDb.address_ward  (id, name, district_id, created_at) values (7985, 'Xã Đắk Ru', 488, NOW());
insert into ExampleDb.address_ward  (id, name, district_id, created_at) values (7986, 'Xã Nhân Đạo', 488, NOW());
insert into ExampleDb.address_district  (id, name, province_id, created_at) values (489, 'Huyện Tuy Đức', 43, NOW());
insert into ExampleDb.address_ward  (id, name, district_id, created_at) values (7987, 'Xã Quảng Trực', 489, NOW());
insert into ExampleDb.address_ward  (id, name, district_id, created_at) values (7988, 'Xã Đắk Búk So', 489, NOW());
insert into ExampleDb.address_ward  (id, name, district_id, created_at) values (7989, 'Xã Quảng Tâm', 489, NOW());
insert into ExampleDb.address_ward  (id, name, district_id, created_at) values (7990, 'Xã Đắk R"Tíh', 489, NOW());
insert into ExampleDb.address_ward  (id, name, district_id, created_at) values (7991, 'Xã Đắk Ngo', 489, NOW());
insert into ExampleDb.address_ward  (id, name, district_id, created_at) values (7992, 'Xã Quảng Tân', 489, NOW());
insert into ExampleDb.address_province (id, name, created_at) values (44, 'Tỉnh Lâm Đồng', NOW());
insert into ExampleDb.address_district  (id, name, province_id, created_at) values (490, 'Thành phố Đà Lạt', 44, NOW());
insert into ExampleDb.address_ward  (id, name, district_id, created_at) values (7993, 'Phường 7', 490, NOW());
insert into ExampleDb.address_ward  (id, name, district_id, created_at) values (7994, 'Phường 8', 490, NOW());
insert into ExampleDb.address_ward  (id, name, district_id, created_at) values (7995, 'Phường 12', 490, NOW());
insert into ExampleDb.address_ward  (id, name, district_id, created_at) values (7996, 'Phường 9', 490, NOW());
insert into ExampleDb.address_ward  (id, name, district_id, created_at) values (7997, 'Phường 2', 490, NOW());
insert into ExampleDb.address_ward  (id, name, district_id, created_at) values (7998, 'Phường 1', 490, NOW());
insert into ExampleDb.address_ward  (id, name, district_id, created_at) values (7999, 'Phường 6', 490, NOW());
insert into ExampleDb.address_ward  (id, name, district_id, created_at) values (8000, 'Phường 5', 490, NOW());
insert into ExampleDb.address_ward  (id, name, district_id, created_at) values (8001, 'Phường 4', 490, NOW());
insert into ExampleDb.address_ward  (id, name, district_id, created_at) values (8002, 'Phường 10', 490, NOW());
insert into ExampleDb.address_ward  (id, name, district_id, created_at) values (8003, 'Phường 11', 490, NOW());
insert into ExampleDb.address_ward  (id, name, district_id, created_at) values (8004, 'Phường 3', 490, NOW());
insert into ExampleDb.address_ward  (id, name, district_id, created_at) values (8005, 'Xã Xuân Thọ', 490, NOW());
insert into ExampleDb.address_ward  (id, name, district_id, created_at) values (8006, 'Xã Tà Nung', 490, NOW());
insert into ExampleDb.address_ward  (id, name, district_id, created_at) values (8007, 'Xã Trạm Hành', 490, NOW());
insert into ExampleDb.address_ward  (id, name, district_id, created_at) values (8008, 'Xã Xuân Trường', 490, NOW());
insert into ExampleDb.address_district  (id, name, province_id, created_at) values (491, 'Thành phố Bảo Lộc', 44, NOW());
insert into ExampleDb.address_ward  (id, name, district_id, created_at) values (8009, 'Phường Lộc Phát', 491, NOW());
insert into ExampleDb.address_ward  (id, name, district_id, created_at) values (8010, 'Phường Lộc Tiến', 491, NOW());
insert into ExampleDb.address_ward  (id, name, district_id, created_at) values (8011, 'Phường 2', 491, NOW());
insert into ExampleDb.address_ward  (id, name, district_id, created_at) values (8012, 'Phường 1', 491, NOW());
insert into ExampleDb.address_ward  (id, name, district_id, created_at) values (8013, 'Phường B"lao', 491, NOW());
insert into ExampleDb.address_ward  (id, name, district_id, created_at) values (8014, 'Phường Lộc Sơn', 491, NOW());
insert into ExampleDb.address_ward  (id, name, district_id, created_at) values (8015, 'Xã Đạm Bri', 491, NOW());
insert into ExampleDb.address_ward  (id, name, district_id, created_at) values (8016, 'Xã Lộc Thanh', 491, NOW());
insert into ExampleDb.address_ward  (id, name, district_id, created_at) values (8017, 'Xã Lộc Nga', 491, NOW());
insert into ExampleDb.address_ward  (id, name, district_id, created_at) values (8018, 'Xã Lộc Châu', 491, NOW());
insert into ExampleDb.address_ward  (id, name, district_id, created_at) values (8019, 'Xã Đại Lào', 491, NOW());
insert into ExampleDb.address_district  (id, name, province_id, created_at) values (492, 'Huyện Đam Rông', 44, NOW());
insert into ExampleDb.address_ward  (id, name, district_id, created_at) values (8020, 'Xã Đạ Tông', 492, NOW());
insert into ExampleDb.address_ward  (id, name, district_id, created_at) values (8021, 'Xã Đạ Long', 492, NOW());
insert into ExampleDb.address_ward  (id, name, district_id, created_at) values (8022, 'Xã Đạ M" Rong', 492, NOW());
insert into ExampleDb.address_ward  (id, name, district_id, created_at) values (8023, 'Xã Liêng Srônh', 492, NOW());
insert into ExampleDb.address_ward  (id, name, district_id, created_at) values (8024, 'Xã Đạ Rsal', 492, NOW());
insert into ExampleDb.address_ward  (id, name, district_id, created_at) values (8025, 'Xã Rô Men', 492, NOW());
insert into ExampleDb.address_ward  (id, name, district_id, created_at) values (8026, 'Xã Phi Liêng', 492, NOW());
insert into ExampleDb.address_ward  (id, name, district_id, created_at) values (8027, 'Xã Đạ K" Nàng', 492, NOW());
insert into ExampleDb.address_district  (id, name, province_id, created_at) values (493, 'Huyện Lạc Dương', 44, NOW());
insert into ExampleDb.address_ward  (id, name, district_id, created_at) values (8028, 'Thị trấn Lạc Dương', 493, NOW());
insert into ExampleDb.address_ward  (id, name, district_id, created_at) values (8029, 'Xã Đạ Chais', 493, NOW());
insert into ExampleDb.address_ward  (id, name, district_id, created_at) values (8030, 'Xã Đạ Nhim', 493, NOW());
insert into ExampleDb.address_ward  (id, name, district_id, created_at) values (8031, 'Xã Đưng KNớ', 493, NOW());
insert into ExampleDb.address_ward  (id, name, district_id, created_at) values (8032, 'Xã Lát', 493, NOW());
insert into ExampleDb.address_ward  (id, name, district_id, created_at) values (8033, 'Xã Đạ Sar', 493, NOW());
insert into ExampleDb.address_district  (id, name, province_id, created_at) values (494, 'Huyện Lâm Hà', 44, NOW());
insert into ExampleDb.address_ward  (id, name, district_id, created_at) values (8034, 'Thị trấn Nam Ban', 494, NOW());
insert into ExampleDb.address_ward  (id, name, district_id, created_at) values (8035, 'Thị trấn Đinh Văn', 494, NOW());
insert into ExampleDb.address_ward  (id, name, district_id, created_at) values (8036, 'Xã Phú Sơn', 494, NOW());
insert into ExampleDb.address_ward  (id, name, district_id, created_at) values (8037, 'Xã Phi Tô', 494, NOW());
insert into ExampleDb.address_ward  (id, name, district_id, created_at) values (8038, 'Xã Mê Linh', 494, NOW());
insert into ExampleDb.address_ward  (id, name, district_id, created_at) values (8039, 'Xã Đạ Đờn', 494, NOW());
insert into ExampleDb.address_ward  (id, name, district_id, created_at) values (8040, 'Xã Phúc Thọ', 494, NOW());
insert into ExampleDb.address_ward  (id, name, district_id, created_at) values (8041, 'Xã Đông Thanh', 494, NOW());
insert into ExampleDb.address_ward  (id, name, district_id, created_at) values (8042, 'Xã Gia Lâm', 494, NOW());
insert into ExampleDb.address_ward  (id, name, district_id, created_at) values (8043, 'Xã Tân Thanh', 494, NOW());
insert into ExampleDb.address_ward  (id, name, district_id, created_at) values (8044, 'Xã Tân Văn', 494, NOW());
insert into ExampleDb.address_ward  (id, name, district_id, created_at) values (8045, 'Xã Hoài Đức', 494, NOW());
insert into ExampleDb.address_ward  (id, name, district_id, created_at) values (8046, 'Xã Tân Hà', 494, NOW());
insert into ExampleDb.address_ward  (id, name, district_id, created_at) values (8047, 'Xã Liên Hà', 494, NOW());
insert into ExampleDb.address_ward  (id, name, district_id, created_at) values (8048, 'Xã Đan Phượng', 494, NOW());
insert into ExampleDb.address_ward  (id, name, district_id, created_at) values (8049, 'Xã Nam Hà', 494, NOW());
insert into ExampleDb.address_district  (id, name, province_id, created_at) values (495, 'Huyện Đơn Dương', 44, NOW());
insert into ExampleDb.address_ward  (id, name, district_id, created_at) values (8050, 'Thị trấn D"Ran', 495, NOW());
insert into ExampleDb.address_ward  (id, name, district_id, created_at) values (8051, 'Thị trấn Thạnh Mỹ', 495, NOW());
insert into ExampleDb.address_ward  (id, name, district_id, created_at) values (8052, 'Xã Lạc Xuân', 495, NOW());
insert into ExampleDb.address_ward  (id, name, district_id, created_at) values (8053, 'Xã Đạ Ròn', 495, NOW());
insert into ExampleDb.address_ward  (id, name, district_id, created_at) values (8054, 'Xã Lạc Lâm', 495, NOW());
insert into ExampleDb.address_ward  (id, name, district_id, created_at) values (8055, 'Xã Ka Đô', 495, NOW());
insert into ExampleDb.address_ward  (id, name, district_id, created_at) values (8056, 'Xã Quảng Lập', 495, NOW());
insert into ExampleDb.address_ward  (id, name, district_id, created_at) values (8057, 'Xã Ka Đơn', 495, NOW());
insert into ExampleDb.address_ward  (id, name, district_id, created_at) values (8058, 'Xã Tu Tra', 495, NOW());
insert into ExampleDb.address_ward  (id, name, district_id, created_at) values (8059, 'Xã Pró', 495, NOW());
insert into ExampleDb.address_district  (id, name, province_id, created_at) values (496, 'Huyện Đức Trọng', 44, NOW());
insert into ExampleDb.address_ward  (id, name, district_id, created_at) values (8060, 'Thị trấn Liên Nghĩa', 496, NOW());
insert into ExampleDb.address_ward  (id, name, district_id, created_at) values (8061, 'Xã Hiệp An', 496, NOW());
insert into ExampleDb.address_ward  (id, name, district_id, created_at) values (8062, 'Xã Liên Hiệp', 496, NOW());
insert into ExampleDb.address_ward  (id, name, district_id, created_at) values (8063, 'Xã Hiệp Thạnh', 496, NOW());
insert into ExampleDb.address_ward  (id, name, district_id, created_at) values (8064, 'Xã Bình Thạnh', 496, NOW());
insert into ExampleDb.address_ward  (id, name, district_id, created_at) values (8065, 'Xã N"Thol Hạ', 496, NOW());
insert into ExampleDb.address_ward  (id, name, district_id, created_at) values (8066, 'Xã Tân Hội', 496, NOW());
insert into ExampleDb.address_ward  (id, name, district_id, created_at) values (8067, 'Xã Tân Thành', 496, NOW());
insert into ExampleDb.address_ward  (id, name, district_id, created_at) values (8068, 'Xã Phú Hội', 496, NOW());
insert into ExampleDb.address_ward  (id, name, district_id, created_at) values (8069, 'Xã Ninh Gia', 496, NOW());
insert into ExampleDb.address_ward  (id, name, district_id, created_at) values (8070, 'Xã Tà Năng', 496, NOW());
insert into ExampleDb.address_ward  (id, name, district_id, created_at) values (8071, 'Xã Đa Quyn', 496, NOW());
insert into ExampleDb.address_ward  (id, name, district_id, created_at) values (8072, 'Xã Tà Hine', 496, NOW());
insert into ExampleDb.address_ward  (id, name, district_id, created_at) values (8073, 'Xã Đà Loan', 496, NOW());
insert into ExampleDb.address_ward  (id, name, district_id, created_at) values (8074, 'Xã Ninh Loan', 496, NOW());
insert into ExampleDb.address_district  (id, name, province_id, created_at) values (497, 'Huyện Di Linh', 44, NOW());
insert into ExampleDb.address_ward  (id, name, district_id, created_at) values (8075, 'Thị trấn Di Linh', 497, NOW());
insert into ExampleDb.address_ward  (id, name, district_id, created_at) values (8076, 'Xã Đinh Trang Thượng', 497, NOW());
insert into ExampleDb.address_ward  (id, name, district_id, created_at) values (8077, 'Xã Tân Thượng', 497, NOW());
insert into ExampleDb.address_ward  (id, name, district_id, created_at) values (8078, 'Xã Tân Lâm', 497, NOW());
insert into ExampleDb.address_ward  (id, name, district_id, created_at) values (8079, 'Xã Tân Châu', 497, NOW());
insert into ExampleDb.address_ward  (id, name, district_id, created_at) values (8080, 'Xã Tân Nghĩa', 497, NOW());
insert into ExampleDb.address_ward  (id, name, district_id, created_at) values (8081, 'Xã Gia Hiệp', 497, NOW());
insert into ExampleDb.address_ward  (id, name, district_id, created_at) values (8082, 'Xã Đinh Lạc', 497, NOW());
insert into ExampleDb.address_ward  (id, name, district_id, created_at) values (8083, 'Xã Tam Bố', 497, NOW());
insert into ExampleDb.address_ward  (id, name, district_id, created_at) values (8084, 'Xã Đinh Trang Hòa', 497, NOW());
insert into ExampleDb.address_ward  (id, name, district_id, created_at) values (8085, 'Xã Liên Đầm', 497, NOW());
insert into ExampleDb.address_ward  (id, name, district_id, created_at) values (8086, 'Xã Gung Ré', 497, NOW());
insert into ExampleDb.address_ward  (id, name, district_id, created_at) values (8087, 'Xã Bảo Thuận', 497, NOW());
insert into ExampleDb.address_ward  (id, name, district_id, created_at) values (8088, 'Xã Hòa Ninh', 497, NOW());
insert into ExampleDb.address_ward  (id, name, district_id, created_at) values (8089, 'Xã Hòa Trung', 497, NOW());
insert into ExampleDb.address_ward  (id, name, district_id, created_at) values (8090, 'Xã Hòa Nam', 497, NOW());
insert into ExampleDb.address_ward  (id, name, district_id, created_at) values (8091, 'Xã Hòa Bắc', 497, NOW());
insert into ExampleDb.address_ward  (id, name, district_id, created_at) values (8092, 'Xã Sơn Điền', 497, NOW());
insert into ExampleDb.address_ward  (id, name, district_id, created_at) values (8093, 'Xã Gia Bắc', 497, NOW());
insert into ExampleDb.address_district  (id, name, province_id, created_at) values (498, 'Huyện Bảo Lâm', 44, NOW());
insert into ExampleDb.address_ward  (id, name, district_id, created_at) values (8094, 'Thị trấn Lộc Thắng', 498, NOW());
insert into ExampleDb.address_ward  (id, name, district_id, created_at) values (8095, 'Xã Lộc Bảo', 498, NOW());
insert into ExampleDb.address_ward  (id, name, district_id, created_at) values (8096, 'Xã Lộc Lâm', 498, NOW());
insert into ExampleDb.address_ward  (id, name, district_id, created_at) values (8097, 'Xã Lộc Phú', 498, NOW());
insert into ExampleDb.address_ward  (id, name, district_id, created_at) values (8098, 'Xã Lộc Bắc', 498, NOW());
insert into ExampleDb.address_ward  (id, name, district_id, created_at) values (8099, 'Xã B" Lá', 498, NOW());
insert into ExampleDb.address_ward  (id, name, district_id, created_at) values (8100, 'Xã Lộc Ngãi', 498, NOW());
insert into ExampleDb.address_ward  (id, name, district_id, created_at) values (8101, 'Xã Lộc Quảng', 498, NOW());
insert into ExampleDb.address_ward  (id, name, district_id, created_at) values (8102, 'Xã Lộc Tân', 498, NOW());
insert into ExampleDb.address_ward  (id, name, district_id, created_at) values (8103, 'Xã Lộc Đức', 498, NOW());
insert into ExampleDb.address_ward  (id, name, district_id, created_at) values (8104, 'Xã Lộc An', 498, NOW());
insert into ExampleDb.address_ward  (id, name, district_id, created_at) values (8105, 'Xã Tân Lạc', 498, NOW());
insert into ExampleDb.address_ward  (id, name, district_id, created_at) values (8106, 'Xã Lộc Thành', 498, NOW());
insert into ExampleDb.address_ward  (id, name, district_id, created_at) values (8107, 'Xã Lộc Nam', 498, NOW());
insert into ExampleDb.address_district  (id, name, province_id, created_at) values (499, 'Huyện Đạ Huoai', 44, NOW());
insert into ExampleDb.address_ward  (id, name, district_id, created_at) values (8108, 'Thị trấn Đạ M"ri', 499, NOW());
insert into ExampleDb.address_ward  (id, name, district_id, created_at) values (8109, 'Thị trấn Ma Đa Guôi', 499, NOW());
insert into ExampleDb.address_ward  (id, name, district_id, created_at) values (8110, 'Xã Hà Lâm', 499, NOW());
insert into ExampleDb.address_ward  (id, name, district_id, created_at) values (8111, 'Xã Đạ Tồn', 499, NOW());
insert into ExampleDb.address_ward  (id, name, district_id, created_at) values (8112, 'Xã Đạ Oai', 499, NOW());
insert into ExampleDb.address_ward  (id, name, district_id, created_at) values (8113, 'Xã Đạ Ploa', 499, NOW());
insert into ExampleDb.address_ward  (id, name, district_id, created_at) values (8114, 'Xã Ma Đa Guôi', 499, NOW());
insert into ExampleDb.address_ward  (id, name, district_id, created_at) values (8115, 'Xã Đoàn Kết', 499, NOW());
insert into ExampleDb.address_ward  (id, name, district_id, created_at) values (8116, 'Xã Phước Lộc', 499, NOW());
insert into ExampleDb.address_district  (id, name, province_id, created_at) values (500, 'Huyện Đạ Tẻh', 44, NOW());
insert into ExampleDb.address_ward  (id, name, district_id, created_at) values (8117, 'Thị trấn Đạ Tẻh', 500, NOW());
insert into ExampleDb.address_ward  (id, name, district_id, created_at) values (8118, 'Xã An Nhơn', 500, NOW());
insert into ExampleDb.address_ward  (id, name, district_id, created_at) values (8119, 'Xã Quốc Oai', 500, NOW());
insert into ExampleDb.address_ward  (id, name, district_id, created_at) values (8120, 'Xã Mỹ Đức', 500, NOW());
insert into ExampleDb.address_ward  (id, name, district_id, created_at) values (8121, 'Xã Quảng Trị', 500, NOW());
insert into ExampleDb.address_ward  (id, name, district_id, created_at) values (8122, 'Xã Đạ Lây', 500, NOW());
insert into ExampleDb.address_ward  (id, name, district_id, created_at) values (8123, 'Xã Triệu Hải', 500, NOW());
insert into ExampleDb.address_ward  (id, name, district_id, created_at) values (8124, 'Xã Đạ Kho', 500, NOW());
insert into ExampleDb.address_ward  (id, name, district_id, created_at) values (8125, 'Xã Đạ Pal', 500, NOW());
insert into ExampleDb.address_district  (id, name, province_id, created_at) values (501, 'Huyện Cát Tiên', 44, NOW());
insert into ExampleDb.address_ward  (id, name, district_id, created_at) values (8126, 'Thị trấn Cát Tiên', 501, NOW());
insert into ExampleDb.address_ward  (id, name, district_id, created_at) values (8127, 'Xã Tiên Hoàng', 501, NOW());
insert into ExampleDb.address_ward  (id, name, district_id, created_at) values (8128, 'Xã Phước Cát 2', 501, NOW());
insert into ExampleDb.address_ward  (id, name, district_id, created_at) values (8129, 'Xã Gia Viễn', 501, NOW());
insert into ExampleDb.address_ward  (id, name, district_id, created_at) values (8130, 'Xã Nam Ninh', 501, NOW());
insert into ExampleDb.address_ward  (id, name, district_id, created_at) values (8131, 'Thị trấn Phước Cát ', 501, NOW());
insert into ExampleDb.address_ward  (id, name, district_id, created_at) values (8132, 'Xã Đức Phổ', 501, NOW());
insert into ExampleDb.address_ward  (id, name, district_id, created_at) values (8133, 'Xã Quảng Ngãi', 501, NOW());
insert into ExampleDb.address_ward  (id, name, district_id, created_at) values (8134, 'Xã Đồng Nai Thượng', 501, NOW());
insert into ExampleDb.address_province (id, name, created_at) values (45, 'Tỉnh Bình Phước', NOW());
insert into ExampleDb.address_district  (id, name, province_id, created_at) values (502, 'Thị xã Phước Long', 45, NOW());
insert into ExampleDb.address_ward  (id, name, district_id, created_at) values (8135, 'Phường Thác Mơ', 502, NOW());
insert into ExampleDb.address_ward  (id, name, district_id, created_at) values (8136, 'Phường Long Thủy', 502, NOW());
insert into ExampleDb.address_ward  (id, name, district_id, created_at) values (8137, 'Phường Phước Bình', 502, NOW());
insert into ExampleDb.address_ward  (id, name, district_id, created_at) values (8138, 'Phường Long Phước', 502, NOW());
insert into ExampleDb.address_ward  (id, name, district_id, created_at) values (8139, 'Phường Sơn Giang', 502, NOW());
insert into ExampleDb.address_ward  (id, name, district_id, created_at) values (8140, 'Xã Long Giang', 502, NOW());
insert into ExampleDb.address_ward  (id, name, district_id, created_at) values (8141, 'Xã Phước Tín', 502, NOW());
insert into ExampleDb.address_district  (id, name, province_id, created_at) values (503, 'Thành phố Đồng Xoài', 45, NOW());
insert into ExampleDb.address_ward  (id, name, district_id, created_at) values (8142, 'Phường Tân Phú', 503, NOW());
insert into ExampleDb.address_ward  (id, name, district_id, created_at) values (8143, 'Phường Tân Đồng', 503, NOW());
insert into ExampleDb.address_ward  (id, name, district_id, created_at) values (8144, 'Phường Tân Bình', 503, NOW());
insert into ExampleDb.address_ward  (id, name, district_id, created_at) values (8145, 'Phường Tân Xuân', 503, NOW());
insert into ExampleDb.address_ward  (id, name, district_id, created_at) values (8146, 'Phường Tân Thiện', 503, NOW());
insert into ExampleDb.address_ward  (id, name, district_id, created_at) values (8147, 'Xã Tân Thành', 503, NOW());
insert into ExampleDb.address_ward  (id, name, district_id, created_at) values (8148, 'Phường Tiến Thành', 503, NOW());
insert into ExampleDb.address_ward  (id, name, district_id, created_at) values (8149, 'Xã Tiến Hưng', 503, NOW());
insert into ExampleDb.address_district  (id, name, province_id, created_at) values (504, 'Thị xã Bình Long', 45, NOW());
insert into ExampleDb.address_ward  (id, name, district_id, created_at) values (8150, 'Phường Hưng Chiến', 504, NOW());
insert into ExampleDb.address_ward  (id, name, district_id, created_at) values (8151, 'Phường An Lộc', 504, NOW());
insert into ExampleDb.address_ward  (id, name, district_id, created_at) values (8152, 'Phường Phú Thịnh', 504, NOW());
insert into ExampleDb.address_ward  (id, name, district_id, created_at) values (8153, 'Phường Phú Đức', 504, NOW());
insert into ExampleDb.address_ward  (id, name, district_id, created_at) values (8154, 'Xã Thanh Lương', 504, NOW());
insert into ExampleDb.address_ward  (id, name, district_id, created_at) values (8155, 'Xã Thanh Phú', 504, NOW());
insert into ExampleDb.address_district  (id, name, province_id, created_at) values (505, 'Huyện Bù Gia Mập', 45, NOW());
insert into ExampleDb.address_ward  (id, name, district_id, created_at) values (8156, 'Xã Bù Gia Mập', 505, NOW());
insert into ExampleDb.address_ward  (id, name, district_id, created_at) values (8157, 'Xã Đak Ơ', 505, NOW());
insert into ExampleDb.address_ward  (id, name, district_id, created_at) values (8158, 'Xã Đức Hạnh', 505, NOW());
insert into ExampleDb.address_ward  (id, name, district_id, created_at) values (8159, 'Xã Phú Văn', 505, NOW());
insert into ExampleDb.address_ward  (id, name, district_id, created_at) values (8160, 'Xã Đa Kia', 505, NOW());
insert into ExampleDb.address_ward  (id, name, district_id, created_at) values (8161, 'Xã Phước Minh', 505, NOW());
insert into ExampleDb.address_ward  (id, name, district_id, created_at) values (8162, 'Xã Bình Thắng', 505, NOW());
insert into ExampleDb.address_ward  (id, name, district_id, created_at) values (8163, 'Xã Phú Nghĩa', 505, NOW());
insert into ExampleDb.address_district  (id, name, province_id, created_at) values (506, 'Huyện Lộc Ninh', 45, NOW());
insert into ExampleDb.address_ward  (id, name, district_id, created_at) values (8164, 'Thị trấn Lộc Ninh', 506, NOW());
insert into ExampleDb.address_ward  (id, name, district_id, created_at) values (8165, 'Xã Lộc Hòa', 506, NOW());
insert into ExampleDb.address_ward  (id, name, district_id, created_at) values (8166, 'Xã Lộc An', 506, NOW());
insert into ExampleDb.address_ward  (id, name, district_id, created_at) values (8167, 'Xã Lộc Tấn', 506, NOW());
insert into ExampleDb.address_ward  (id, name, district_id, created_at) values (8168, 'Xã Lộc Thạnh', 506, NOW());
insert into ExampleDb.address_ward  (id, name, district_id, created_at) values (8169, 'Xã Lộc Hiệp', 506, NOW());
insert into ExampleDb.address_ward  (id, name, district_id, created_at) values (8170, 'Xã Lộc Thiện', 506, NOW());
insert into ExampleDb.address_ward  (id, name, district_id, created_at) values (8171, 'Xã Lộc Thuận', 506, NOW());
insert into ExampleDb.address_ward  (id, name, district_id, created_at) values (8172, 'Xã Lộc Quang', 506, NOW());
insert into ExampleDb.address_ward  (id, name, district_id, created_at) values (8173, 'Xã Lộc Phú', 506, NOW());
insert into ExampleDb.address_ward  (id, name, district_id, created_at) values (8174, 'Xã Lộc Thành', 506, NOW());
insert into ExampleDb.address_ward  (id, name, district_id, created_at) values (8175, 'Xã Lộc Thái', 506, NOW());
insert into ExampleDb.address_ward  (id, name, district_id, created_at) values (8176, 'Xã Lộc Điền', 506, NOW());
insert into ExampleDb.address_ward  (id, name, district_id, created_at) values (8177, 'Xã Lộc Hưng', 506, NOW());
insert into ExampleDb.address_ward  (id, name, district_id, created_at) values (8178, 'Xã Lộc Thịnh', 506, NOW());
insert into ExampleDb.address_ward  (id, name, district_id, created_at) values (8179, 'Xã Lộc Khánh', 506, NOW());
insert into ExampleDb.address_district  (id, name, province_id, created_at) values (507, 'Huyện Bù Đốp', 45, NOW());
insert into ExampleDb.address_ward  (id, name, district_id, created_at) values (8180, 'Thị trấn Thanh Bình', 507, NOW());
insert into ExampleDb.address_ward  (id, name, district_id, created_at) values (8181, 'Xã Hưng Phước', 507, NOW());
insert into ExampleDb.address_ward  (id, name, district_id, created_at) values (8182, 'Xã Phước Thiện', 507, NOW());
insert into ExampleDb.address_ward  (id, name, district_id, created_at) values (8183, 'Xã Thiện Hưng', 507, NOW());
insert into ExampleDb.address_ward  (id, name, district_id, created_at) values (8184, 'Xã Thanh Hòa', 507, NOW());
insert into ExampleDb.address_ward  (id, name, district_id, created_at) values (8185, 'Xã Tân Thành', 507, NOW());
insert into ExampleDb.address_ward  (id, name, district_id, created_at) values (8186, 'Xã Tân Tiến', 507, NOW());
insert into ExampleDb.address_district  (id, name, province_id, created_at) values (508, 'Huyện Hớn Quản', 45, NOW());
insert into ExampleDb.address_ward  (id, name, district_id, created_at) values (8187, 'Xã Thanh An', 508, NOW());
insert into ExampleDb.address_ward  (id, name, district_id, created_at) values (8188, 'Xã An Khương', 508, NOW());
insert into ExampleDb.address_ward  (id, name, district_id, created_at) values (8189, 'Xã An Phú', 508, NOW());
insert into ExampleDb.address_ward  (id, name, district_id, created_at) values (8190, 'Xã Tân Lợi', 508, NOW());
insert into ExampleDb.address_ward  (id, name, district_id, created_at) values (8191, 'Xã Tân Hưng', 508, NOW());
insert into ExampleDb.address_ward  (id, name, district_id, created_at) values (8192, 'Xã Minh Đức', 508, NOW());
insert into ExampleDb.address_ward  (id, name, district_id, created_at) values (8193, 'Xã Minh Tâm', 508, NOW());
insert into ExampleDb.address_ward  (id, name, district_id, created_at) values (8194, 'Xã Phước An', 508, NOW());
insert into ExampleDb.address_ward  (id, name, district_id, created_at) values (8195, 'Xã Thanh Bình', 508, NOW());
insert into ExampleDb.address_ward  (id, name, district_id, created_at) values (8196, 'Thị trấn Tân Khai', 508, NOW());
insert into ExampleDb.address_ward  (id, name, district_id, created_at) values (8197, 'Xã Đồng Nơ', 508, NOW());
insert into ExampleDb.address_ward  (id, name, district_id, created_at) values (8198, 'Xã Tân Hiệp', 508, NOW());
insert into ExampleDb.address_ward  (id, name, district_id, created_at) values (8199, 'Xã Tân Quan', 508, NOW());
insert into ExampleDb.address_district  (id, name, province_id, created_at) values (509, 'Huyện Đồng Phú', 45, NOW());
insert into ExampleDb.address_ward  (id, name, district_id, created_at) values (8200, 'Thị trấn Tân Phú', 509, NOW());
insert into ExampleDb.address_ward  (id, name, district_id, created_at) values (8201, 'Xã Thuận Lợi', 509, NOW());
insert into ExampleDb.address_ward  (id, name, district_id, created_at) values (8202, 'Xã Đồng Tâm', 509, NOW());
insert into ExampleDb.address_ward  (id, name, district_id, created_at) values (8203, 'Xã Tân Phước', 509, NOW());
insert into ExampleDb.address_ward  (id, name, district_id, created_at) values (8204, 'Xã Tân Hưng', 509, NOW());
insert into ExampleDb.address_ward  (id, name, district_id, created_at) values (8205, 'Xã Tân Lợi', 509, NOW());
insert into ExampleDb.address_ward  (id, name, district_id, created_at) values (8206, 'Xã Tân Lập', 509, NOW());
insert into ExampleDb.address_ward  (id, name, district_id, created_at) values (8207, 'Xã Tân Hòa', 509, NOW());
insert into ExampleDb.address_ward  (id, name, district_id, created_at) values (8208, 'Xã Thuận Phú', 509, NOW());
insert into ExampleDb.address_ward  (id, name, district_id, created_at) values (8209, 'Xã Đồng Tiến', 509, NOW());
insert into ExampleDb.address_ward  (id, name, district_id, created_at) values (8210, 'Xã Tân Tiến', 509, NOW());
insert into ExampleDb.address_district  (id, name, province_id, created_at) values (510, 'Huyện Bù Đăng', 45, NOW());
insert into ExampleDb.address_ward  (id, name, district_id, created_at) values (8211, 'Thị trấn Đức Phong', 510, NOW());
insert into ExampleDb.address_ward  (id, name, district_id, created_at) values (8212, 'Xã Đường 10', 510, NOW());
insert into ExampleDb.address_ward  (id, name, district_id, created_at) values (8213, 'Xã Đak Nhau', 510, NOW());
insert into ExampleDb.address_ward  (id, name, district_id, created_at) values (8214, 'Xã Phú Sơn', 510, NOW());
insert into ExampleDb.address_ward  (id, name, district_id, created_at) values (8215, 'Xã Thọ Sơn', 510, NOW());
insert into ExampleDb.address_ward  (id, name, district_id, created_at) values (8216, 'Xã Bình Minh', 510, NOW());
insert into ExampleDb.address_ward  (id, name, district_id, created_at) values (8217, 'Xã Bom Bo', 510, NOW());
insert into ExampleDb.address_ward  (id, name, district_id, created_at) values (8218, 'Xã Minh Hưng', 510, NOW());
insert into ExampleDb.address_ward  (id, name, district_id, created_at) values (8219, 'Xã Đoàn Kết', 510, NOW());
insert into ExampleDb.address_ward  (id, name, district_id, created_at) values (8220, 'Xã Đồng Nai', 510, NOW());
insert into ExampleDb.address_ward  (id, name, district_id, created_at) values (8221, 'Xã Đức Liễu', 510, NOW());
insert into ExampleDb.address_ward  (id, name, district_id, created_at) values (8222, 'Xã Thống Nhất', 510, NOW());
insert into ExampleDb.address_ward  (id, name, district_id, created_at) values (8223, 'Xã Nghĩa Trung', 510, NOW());
insert into ExampleDb.address_ward  (id, name, district_id, created_at) values (8224, 'Xã Nghĩa Bình', 510, NOW());
insert into ExampleDb.address_ward  (id, name, district_id, created_at) values (8225, 'Xã Đăng Hà', 510, NOW());
insert into ExampleDb.address_ward  (id, name, district_id, created_at) values (8226, 'Xã Phước Sơn', 510, NOW());
insert into ExampleDb.address_district  (id, name, province_id, created_at) values (511, 'Huyện Chơn Thành', 45, NOW());
insert into ExampleDb.address_ward  (id, name, district_id, created_at) values (8227, 'Thị trấn Chơn Thành', 511, NOW());
insert into ExampleDb.address_ward  (id, name, district_id, created_at) values (8228, 'Xã Thành Tâm', 511, NOW());
insert into ExampleDb.address_ward  (id, name, district_id, created_at) values (8229, 'Xã Minh Lập', 511, NOW());
insert into ExampleDb.address_ward  (id, name, district_id, created_at) values (8230, 'Xã Quang Minh', 511, NOW());
insert into ExampleDb.address_ward  (id, name, district_id, created_at) values (8231, 'Xã Minh Hưng', 511, NOW());
insert into ExampleDb.address_ward  (id, name, district_id, created_at) values (8232, 'Xã Minh Long', 511, NOW());
insert into ExampleDb.address_ward  (id, name, district_id, created_at) values (8233, 'Xã Minh Thành', 511, NOW());
insert into ExampleDb.address_ward  (id, name, district_id, created_at) values (8234, 'Xã Nha Bích', 511, NOW());
insert into ExampleDb.address_ward  (id, name, district_id, created_at) values (8235, 'Xã Minh Thắng', 511, NOW());
insert into ExampleDb.address_district  (id, name, province_id, created_at) values (512, 'Huyện Phú Riềng', 45, NOW());
insert into ExampleDb.address_ward  (id, name, district_id, created_at) values (8236, 'Xã Long Bình', 512, NOW());
insert into ExampleDb.address_ward  (id, name, district_id, created_at) values (8237, 'Xã Bình Tân', 512, NOW());
insert into ExampleDb.address_ward  (id, name, district_id, created_at) values (8238, 'Xã Bình Sơn', 512, NOW());
insert into ExampleDb.address_ward  (id, name, district_id, created_at) values (8239, 'Xã Long Hưng', 512, NOW());
insert into ExampleDb.address_ward  (id, name, district_id, created_at) values (8240, 'Xã Phước Tân', 512, NOW());
insert into ExampleDb.address_ward  (id, name, district_id, created_at) values (8241, 'Xã Bù Nho', 512, NOW());
insert into ExampleDb.address_ward  (id, name, district_id, created_at) values (8242, 'Xã Long Hà', 512, NOW());
insert into ExampleDb.address_ward  (id, name, district_id, created_at) values (8243, 'Xã Long Tân', 512, NOW());
insert into ExampleDb.address_ward  (id, name, district_id, created_at) values (8244, 'Xã Phú Trung', 512, NOW());
insert into ExampleDb.address_ward  (id, name, district_id, created_at) values (8245, 'Xã Phú Riềng', 512, NOW());
insert into ExampleDb.address_province (id, name, created_at) values (46, 'Tỉnh Tây Ninh', NOW());
insert into ExampleDb.address_district  (id, name, province_id, created_at) values (513, 'Thành phố Tây Ninh', 46, NOW());
insert into ExampleDb.address_ward  (id, name, district_id, created_at) values (8246, 'Phường 1', 513, NOW());
insert into ExampleDb.address_ward  (id, name, district_id, created_at) values (8247, 'Phường 3', 513, NOW());
insert into ExampleDb.address_ward  (id, name, district_id, created_at) values (8248, 'Phường 4', 513, NOW());
insert into ExampleDb.address_ward  (id, name, district_id, created_at) values (8249, 'Phường Hiệp Ninh', 513, NOW());
insert into ExampleDb.address_ward  (id, name, district_id, created_at) values (8250, 'Phường 2', 513, NOW());
insert into ExampleDb.address_ward  (id, name, district_id, created_at) values (8251, 'Xã Thạnh Tân', 513, NOW());
insert into ExampleDb.address_ward  (id, name, district_id, created_at) values (8252, 'Xã Tân Bình', 513, NOW());
insert into ExampleDb.address_ward  (id, name, district_id, created_at) values (8253, 'Xã Bình Minh', 513, NOW());
insert into ExampleDb.address_ward  (id, name, district_id, created_at) values (8254, 'Phường Ninh Sơn', 513, NOW());
insert into ExampleDb.address_ward  (id, name, district_id, created_at) values (8255, 'Phường Ninh Thạnh', 513, NOW());
insert into ExampleDb.address_district  (id, name, province_id, created_at) values (514, 'Huyện Tân Biên', 46, NOW());
insert into ExampleDb.address_ward  (id, name, district_id, created_at) values (8256, 'Thị trấn Tân Biên', 514, NOW());
insert into ExampleDb.address_ward  (id, name, district_id, created_at) values (8257, 'Xã Tân Lập', 514, NOW());
insert into ExampleDb.address_ward  (id, name, district_id, created_at) values (8258, 'Xã Thạnh Bắc', 514, NOW());
insert into ExampleDb.address_ward  (id, name, district_id, created_at) values (8259, 'Xã Tân Bình', 514, NOW());
insert into ExampleDb.address_ward  (id, name, district_id, created_at) values (8260, 'Xã Thạnh Bình', 514, NOW());
insert into ExampleDb.address_ward  (id, name, district_id, created_at) values (8261, 'Xã Thạnh Tây', 514, NOW());
insert into ExampleDb.address_ward  (id, name, district_id, created_at) values (8262, 'Xã Hòa Hiệp', 514, NOW());
insert into ExampleDb.address_ward  (id, name, district_id, created_at) values (8263, 'Xã Tân Phong', 514, NOW());
insert into ExampleDb.address_ward  (id, name, district_id, created_at) values (8264, 'Xã Mỏ Công', 514, NOW());
insert into ExampleDb.address_ward  (id, name, district_id, created_at) values (8265, 'Xã Trà Vong', 514, NOW());
insert into ExampleDb.address_district  (id, name, province_id, created_at) values (515, 'Huyện Tân Châu', 46, NOW());
insert into ExampleDb.address_ward  (id, name, district_id, created_at) values (8266, 'Thị trấn Tân Châu', 515, NOW());
insert into ExampleDb.address_ward  (id, name, district_id, created_at) values (8267, 'Xã Tân Hà', 515, NOW());
insert into ExampleDb.address_ward  (id, name, district_id, created_at) values (8268, 'Xã Tân Đông', 515, NOW());
insert into ExampleDb.address_ward  (id, name, district_id, created_at) values (8269, 'Xã Tân Hội', 515, NOW());
insert into ExampleDb.address_ward  (id, name, district_id, created_at) values (8270, 'Xã Tân Hòa', 515, NOW());
insert into ExampleDb.address_ward  (id, name, district_id, created_at) values (8271, 'Xã Suối Ngô', 515, NOW());
insert into ExampleDb.address_ward  (id, name, district_id, created_at) values (8272, 'Xã Suối Dây', 515, NOW());
insert into ExampleDb.address_ward  (id, name, district_id, created_at) values (8273, 'Xã Tân Hiệp', 515, NOW());
insert into ExampleDb.address_ward  (id, name, district_id, created_at) values (8274, 'Xã Thạnh Đông', 515, NOW());
insert into ExampleDb.address_ward  (id, name, district_id, created_at) values (8275, 'Xã Tân Thành', 515, NOW());
insert into ExampleDb.address_ward  (id, name, district_id, created_at) values (8276, 'Xã Tân Phú', 515, NOW());
insert into ExampleDb.address_ward  (id, name, district_id, created_at) values (8277, 'Xã Tân Hưng', 515, NOW());
insert into ExampleDb.address_district  (id, name, province_id, created_at) values (516, 'Huyện Dương Minh Châu', 46, NOW());
insert into ExampleDb.address_ward  (id, name, district_id, created_at) values (8278, 'Thị trấn Dương Minh Châu', 516, NOW());
insert into ExampleDb.address_ward  (id, name, district_id, created_at) values (8279, 'Xã Suối Đá', 516, NOW());
insert into ExampleDb.address_ward  (id, name, district_id, created_at) values (8280, 'Xã Phan', 516, NOW());
insert into ExampleDb.address_ward  (id, name, district_id, created_at) values (8281, 'Xã Phước Ninh', 516, NOW());
insert into ExampleDb.address_ward  (id, name, district_id, created_at) values (8282, 'Xã Phước Minh', 516, NOW());
insert into ExampleDb.address_ward  (id, name, district_id, created_at) values (8283, 'Xã Bàu Năng', 516, NOW());
insert into ExampleDb.address_ward  (id, name, district_id, created_at) values (8284, 'Xã Chà Là', 516, NOW());
insert into ExampleDb.address_ward  (id, name, district_id, created_at) values (8285, 'Xã Cầu Khởi', 516, NOW());
insert into ExampleDb.address_ward  (id, name, district_id, created_at) values (8286, 'Xã Bến Củi', 516, NOW());
insert into ExampleDb.address_ward  (id, name, district_id, created_at) values (8287, 'Xã Lộc Ninh', 516, NOW());
insert into ExampleDb.address_ward  (id, name, district_id, created_at) values (8288, 'Xã Truông Mít', 516, NOW());
insert into ExampleDb.address_district  (id, name, province_id, created_at) values (517, 'Huyện Châu Thành', 46, NOW());
insert into ExampleDb.address_ward  (id, name, district_id, created_at) values (8289, 'Thị trấn Châu Thành', 517, NOW());
insert into ExampleDb.address_ward  (id, name, district_id, created_at) values (8290, 'Xã Hảo Đước', 517, NOW());
insert into ExampleDb.address_ward  (id, name, district_id, created_at) values (8291, 'Xã Phước Vinh', 517, NOW());
insert into ExampleDb.address_ward  (id, name, district_id, created_at) values (8292, 'Xã Đồng Khởi', 517, NOW());
insert into ExampleDb.address_ward  (id, name, district_id, created_at) values (8293, 'Xã Thái Bình', 517, NOW());
insert into ExampleDb.address_ward  (id, name, district_id, created_at) values (8294, 'Xã An Cơ', 517, NOW());
insert into ExampleDb.address_ward  (id, name, district_id, created_at) values (8295, 'Xã Biên Giới', 517, NOW());
insert into ExampleDb.address_ward  (id, name, district_id, created_at) values (8296, 'Xã Hòa Thạnh', 517, NOW());
insert into ExampleDb.address_ward  (id, name, district_id, created_at) values (8297, 'Xã Trí Bình', 517, NOW());
insert into ExampleDb.address_ward  (id, name, district_id, created_at) values (8298, 'Xã Hòa Hội', 517, NOW());
insert into ExampleDb.address_ward  (id, name, district_id, created_at) values (8299, 'Xã An Bình', 517, NOW());
insert into ExampleDb.address_ward  (id, name, district_id, created_at) values (8300, 'Xã Thanh Điền', 517, NOW());
insert into ExampleDb.address_ward  (id, name, district_id, created_at) values (8301, 'Xã Thành Long', 517, NOW());
insert into ExampleDb.address_ward  (id, name, district_id, created_at) values (8302, 'Xã Ninh Điền', 517, NOW());
insert into ExampleDb.address_ward  (id, name, district_id, created_at) values (8303, 'Xã Long Vĩnh', 517, NOW());
insert into ExampleDb.address_district  (id, name, province_id, created_at) values (518, 'Thị xã Hòa Thành', 46, NOW());
insert into ExampleDb.address_ward  (id, name, district_id, created_at) values (8304, 'Phường Long Hoa', 518, NOW());
insert into ExampleDb.address_ward  (id, name, district_id, created_at) values (8305, 'Phường Hiệp Tân', 518, NOW());
insert into ExampleDb.address_ward  (id, name, district_id, created_at) values (8306, 'Phường Long Thành Bắc', 518, NOW());
insert into ExampleDb.address_ward  (id, name, district_id, created_at) values (8307, 'Xã Trường Hòa', 518, NOW());
insert into ExampleDb.address_ward  (id, name, district_id, created_at) values (8308, 'Xã Trường Đông', 518, NOW());
insert into ExampleDb.address_ward  (id, name, district_id, created_at) values (8309, 'Phường Long Thành Trung', 518, NOW());
insert into ExampleDb.address_ward  (id, name, district_id, created_at) values (8310, 'Xã Trường Tây', 518, NOW());
insert into ExampleDb.address_ward  (id, name, district_id, created_at) values (8311, 'Xã Long Thành Nam', 518, NOW());
insert into ExampleDb.address_district  (id, name, province_id, created_at) values (519, 'Huyện Gò Dầu', 46, NOW());
insert into ExampleDb.address_ward  (id, name, district_id, created_at) values (8312, 'Thị trấn Gò Dầu', 519, NOW());
insert into ExampleDb.address_ward  (id, name, district_id, created_at) values (8313, 'Xã Thạnh Đức', 519, NOW());
insert into ExampleDb.address_ward  (id, name, district_id, created_at) values (8314, 'Xã Cẩm Giang', 519, NOW());
insert into ExampleDb.address_ward  (id, name, district_id, created_at) values (8315, 'Xã Hiệp Thạnh', 519, NOW());
insert into ExampleDb.address_ward  (id, name, district_id, created_at) values (8316, 'Xã Bàu Đồn', 519, NOW());
insert into ExampleDb.address_ward  (id, name, district_id, created_at) values (8317, 'Xã Phước Thạnh', 519, NOW());
insert into ExampleDb.address_ward  (id, name, district_id, created_at) values (8318, 'Xã Phước Đông', 519, NOW());
insert into ExampleDb.address_ward  (id, name, district_id, created_at) values (8319, 'Xã Phước Trạch', 519, NOW());
insert into ExampleDb.address_ward  (id, name, district_id, created_at) values (8320, 'Xã Thanh Phước', 519, NOW());
insert into ExampleDb.address_district  (id, name, province_id, created_at) values (520, 'Huyện Bến Cầu', 46, NOW());
insert into ExampleDb.address_ward  (id, name, district_id, created_at) values (8321, 'Thị trấn Bến Cầu', 520, NOW());
insert into ExampleDb.address_ward  (id, name, district_id, created_at) values (8322, 'Xã Long Chữ', 520, NOW());
insert into ExampleDb.address_ward  (id, name, district_id, created_at) values (8323, 'Xã Long Phước', 520, NOW());
insert into ExampleDb.address_ward  (id, name, district_id, created_at) values (8324, 'Xã Long Giang', 520, NOW());
insert into ExampleDb.address_ward  (id, name, district_id, created_at) values (8325, 'Xã Tiên Thuận', 520, NOW());
insert into ExampleDb.address_ward  (id, name, district_id, created_at) values (8326, 'Xã Long Khánh', 520, NOW());
insert into ExampleDb.address_ward  (id, name, district_id, created_at) values (8327, 'Xã Lợi Thuận', 520, NOW());
insert into ExampleDb.address_ward  (id, name, district_id, created_at) values (8328, 'Xã Long Thuận', 520, NOW());
insert into ExampleDb.address_ward  (id, name, district_id, created_at) values (8329, 'Xã An Thạnh', 520, NOW());
insert into ExampleDb.address_district  (id, name, province_id, created_at) values (521, 'Thị xã Trảng Bàng', 46, NOW());
insert into ExampleDb.address_ward  (id, name, district_id, created_at) values (8330, 'Phường Trảng Bàng', 521, NOW());
insert into ExampleDb.address_ward  (id, name, district_id, created_at) values (8331, 'Xã Đôn Thuận', 521, NOW());
insert into ExampleDb.address_ward  (id, name, district_id, created_at) values (8332, 'Xã Hưng Thuận', 521, NOW());
insert into ExampleDb.address_ward  (id, name, district_id, created_at) values (8333, 'Phường Lộc Hưng', 521, NOW());
insert into ExampleDb.address_ward  (id, name, district_id, created_at) values (8334, 'Phường Gia Lộc', 521, NOW());
insert into ExampleDb.address_ward  (id, name, district_id, created_at) values (8335, 'Phường Gia Bình', 521, NOW());
insert into ExampleDb.address_ward  (id, name, district_id, created_at) values (8336, 'Xã Phước Bình', 521, NOW());
insert into ExampleDb.address_ward  (id, name, district_id, created_at) values (8337, 'Phường An Tịnh', 521, NOW());
insert into ExampleDb.address_ward  (id, name, district_id, created_at) values (8338, 'Phường An Hòa', 521, NOW());
insert into ExampleDb.address_ward  (id, name, district_id, created_at) values (8339, 'Xã Phước Chỉ', 521, NOW());
insert into ExampleDb.address_province (id, name, created_at) values (47, 'Tỉnh Bình Dương', NOW());
insert into ExampleDb.address_district  (id, name, province_id, created_at) values (522, 'Thành phố Thủ Dầu Một', 47, NOW());
insert into ExampleDb.address_ward  (id, name, district_id, created_at) values (8340, 'Phường Hiệp Thành', 522, NOW());
insert into ExampleDb.address_ward  (id, name, district_id, created_at) values (8341, 'Phường Phú Lợi', 522, NOW());
insert into ExampleDb.address_ward  (id, name, district_id, created_at) values (8342, 'Phường Phú Cường', 522, NOW());
insert into ExampleDb.address_ward  (id, name, district_id, created_at) values (8343, 'Phường Phú Hòa', 522, NOW());
insert into ExampleDb.address_ward  (id, name, district_id, created_at) values (8344, 'Phường Phú Thọ', 522, NOW());
insert into ExampleDb.address_ward  (id, name, district_id, created_at) values (8345, 'Phường Chánh Nghĩa', 522, NOW());
insert into ExampleDb.address_ward  (id, name, district_id, created_at) values (8346, 'Phường Định Hoà', 522, NOW());
insert into ExampleDb.address_ward  (id, name, district_id, created_at) values (8347, 'Phường Hoà Phú', 522, NOW());
insert into ExampleDb.address_ward  (id, name, district_id, created_at) values (8348, 'Phường Phú Mỹ', 522, NOW());
insert into ExampleDb.address_ward  (id, name, district_id, created_at) values (8349, 'Phường Phú Tân', 522, NOW());
insert into ExampleDb.address_ward  (id, name, district_id, created_at) values (8350, 'Phường Tân An', 522, NOW());
insert into ExampleDb.address_ward  (id, name, district_id, created_at) values (8351, 'Phường Hiệp An', 522, NOW());
insert into ExampleDb.address_ward  (id, name, district_id, created_at) values (8352, 'Phường Tương Bình Hiệp', 522, NOW());
insert into ExampleDb.address_ward  (id, name, district_id, created_at) values (8353, 'Phường Chánh Mỹ', 522, NOW());
insert into ExampleDb.address_district  (id, name, province_id, created_at) values (523, 'Huyện Bàu Bàng', 47, NOW());
insert into ExampleDb.address_ward  (id, name, district_id, created_at) values (8354, 'Xã Trừ Văn Thố', 523, NOW());
insert into ExampleDb.address_ward  (id, name, district_id, created_at) values (8355, 'Xã Cây Trường II', 523, NOW());
insert into ExampleDb.address_ward  (id, name, district_id, created_at) values (8356, 'Thị trấn Lai Uyên', 523, NOW());
insert into ExampleDb.address_ward  (id, name, district_id, created_at) values (8357, 'Xã Tân Hưng', 523, NOW());
insert into ExampleDb.address_ward  (id, name, district_id, created_at) values (8358, 'Xã Long Nguyên', 523, NOW());
insert into ExampleDb.address_ward  (id, name, district_id, created_at) values (8359, 'Xã Hưng Hòa', 523, NOW());
insert into ExampleDb.address_ward  (id, name, district_id, created_at) values (8360, 'Xã Lai Hưng', 523, NOW());
insert into ExampleDb.address_district  (id, name, province_id, created_at) values (524, 'Huyện Dầu Tiếng', 47, NOW());
insert into ExampleDb.address_ward  (id, name, district_id, created_at) values (8361, 'Thị trấn Dầu Tiếng', 524, NOW());
insert into ExampleDb.address_ward  (id, name, district_id, created_at) values (8362, 'Xã Minh Hoà', 524, NOW());
insert into ExampleDb.address_ward  (id, name, district_id, created_at) values (8363, 'Xã Minh Thạnh', 524, NOW());
insert into ExampleDb.address_ward  (id, name, district_id, created_at) values (8364, 'Xã Minh Tân', 524, NOW());
insert into ExampleDb.address_ward  (id, name, district_id, created_at) values (8365, 'Xã Định An', 524, NOW());
insert into ExampleDb.address_ward  (id, name, district_id, created_at) values (8366, 'Xã Long Hoà', 524, NOW());
insert into ExampleDb.address_ward  (id, name, district_id, created_at) values (8367, 'Xã Định Thành', 524, NOW());
insert into ExampleDb.address_ward  (id, name, district_id, created_at) values (8368, 'Xã Định Hiệp', 524, NOW());
insert into ExampleDb.address_ward  (id, name, district_id, created_at) values (8369, 'Xã An Lập', 524, NOW());
insert into ExampleDb.address_ward  (id, name, district_id, created_at) values (8370, 'Xã Long Tân', 524, NOW());
insert into ExampleDb.address_ward  (id, name, district_id, created_at) values (8371, 'Xã Thanh An', 524, NOW());
insert into ExampleDb.address_ward  (id, name, district_id, created_at) values (8372, 'Xã Thanh Tuyền', 524, NOW());
insert into ExampleDb.address_district  (id, name, province_id, created_at) values (525, 'Thị xã Bến Cát', 47, NOW());
insert into ExampleDb.address_ward  (id, name, district_id, created_at) values (8373, 'Phường Mỹ Phước', 525, NOW());
insert into ExampleDb.address_ward  (id, name, district_id, created_at) values (8374, 'Phường Chánh Phú Hòa', 525, NOW());
insert into ExampleDb.address_ward  (id, name, district_id, created_at) values (8375, 'Xã An Điền', 525, NOW());
insert into ExampleDb.address_ward  (id, name, district_id, created_at) values (8376, 'Xã An Tây', 525, NOW());
insert into ExampleDb.address_ward  (id, name, district_id, created_at) values (8377, 'Phường Thới Hòa', 525, NOW());
insert into ExampleDb.address_ward  (id, name, district_id, created_at) values (8378, 'Phường Hòa Lợi', 525, NOW());
insert into ExampleDb.address_ward  (id, name, district_id, created_at) values (8379, 'Phường Tân Định', 525, NOW());
insert into ExampleDb.address_ward  (id, name, district_id, created_at) values (8380, 'Xã Phú An', 525, NOW());
insert into ExampleDb.address_district  (id, name, province_id, created_at) values (526, 'Huyện Phú Giáo', 47, NOW());
insert into ExampleDb.address_ward  (id, name, district_id, created_at) values (8381, 'Thị trấn Phước Vĩnh', 526, NOW());
insert into ExampleDb.address_ward  (id, name, district_id, created_at) values (8382, 'Xã An Linh', 526, NOW());
insert into ExampleDb.address_ward  (id, name, district_id, created_at) values (8383, 'Xã Phước Sang', 526, NOW());
insert into ExampleDb.address_ward  (id, name, district_id, created_at) values (8384, 'Xã An Thái', 526, NOW());
insert into ExampleDb.address_ward  (id, name, district_id, created_at) values (8385, 'Xã An Long', 526, NOW());
insert into ExampleDb.address_ward  (id, name, district_id, created_at) values (8386, 'Xã An Bình', 526, NOW());
insert into ExampleDb.address_ward  (id, name, district_id, created_at) values (8387, 'Xã Tân Hiệp', 526, NOW());
insert into ExampleDb.address_ward  (id, name, district_id, created_at) values (8388, 'Xã Tam Lập', 526, NOW());
insert into ExampleDb.address_ward  (id, name, district_id, created_at) values (8389, 'Xã Tân Long', 526, NOW());
insert into ExampleDb.address_ward  (id, name, district_id, created_at) values (8390, 'Xã Vĩnh Hoà', 526, NOW());
insert into ExampleDb.address_ward  (id, name, district_id, created_at) values (8391, 'Xã Phước Hoà', 526, NOW());
insert into ExampleDb.address_district  (id, name, province_id, created_at) values (527, 'Thị xã Tân Uyên', 47, NOW());
insert into ExampleDb.address_ward  (id, name, district_id, created_at) values (8392, 'Phường Uyên Hưng', 527, NOW());
insert into ExampleDb.address_ward  (id, name, district_id, created_at) values (8393, 'Phường Tân Phước Khánh', 527, NOW());
insert into ExampleDb.address_ward  (id, name, district_id, created_at) values (8394, 'Phường Vĩnh Tân', 527, NOW());
insert into ExampleDb.address_ward  (id, name, district_id, created_at) values (8395, 'Phường Hội Nghĩa', 527, NOW());
insert into ExampleDb.address_ward  (id, name, district_id, created_at) values (8396, 'Phường Tân Hiệp', 527, NOW());
insert into ExampleDb.address_ward  (id, name, district_id, created_at) values (8397, 'Phường Khánh Bình', 527, NOW());
insert into ExampleDb.address_ward  (id, name, district_id, created_at) values (8398, 'Phường Phú Chánh', 527, NOW());
insert into ExampleDb.address_ward  (id, name, district_id, created_at) values (8399, 'Xã Bạch Đằng', 527, NOW());
insert into ExampleDb.address_ward  (id, name, district_id, created_at) values (8400, 'Phường Tân Vĩnh Hiệp', 527, NOW());
insert into ExampleDb.address_ward  (id, name, district_id, created_at) values (8401, 'Phường Thạnh Phước', 527, NOW());
insert into ExampleDb.address_ward  (id, name, district_id, created_at) values (8402, 'Xã Thạnh Hội', 527, NOW());
insert into ExampleDb.address_ward  (id, name, district_id, created_at) values (8403, 'Phường Thái Hòa', 527, NOW());
insert into ExampleDb.address_district  (id, name, province_id, created_at) values (528, 'Thành phố Dĩ An', 47, NOW());
insert into ExampleDb.address_ward  (id, name, district_id, created_at) values (8404, 'Phường Dĩ An', 528, NOW());
insert into ExampleDb.address_ward  (id, name, district_id, created_at) values (8405, 'Phường Tân Bình', 528, NOW());
insert into ExampleDb.address_ward  (id, name, district_id, created_at) values (8406, 'Phường Tân Đông Hiệp', 528, NOW());
insert into ExampleDb.address_ward  (id, name, district_id, created_at) values (8407, 'Phường Bình An', 528, NOW());
insert into ExampleDb.address_ward  (id, name, district_id, created_at) values (8408, 'Phường Bình Thắng', 528, NOW());
insert into ExampleDb.address_ward  (id, name, district_id, created_at) values (8409, 'Phường Đông Hòa', 528, NOW());
insert into ExampleDb.address_ward  (id, name, district_id, created_at) values (8410, 'Phường An Bình', 528, NOW());
insert into ExampleDb.address_district  (id, name, province_id, created_at) values (529, 'Thành phố Thuận An', 47, NOW());
insert into ExampleDb.address_ward  (id, name, district_id, created_at) values (8411, 'Phường An Thạnh', 529, NOW());
insert into ExampleDb.address_ward  (id, name, district_id, created_at) values (8412, 'Phường Lái Thiêu', 529, NOW());
insert into ExampleDb.address_ward  (id, name, district_id, created_at) values (8413, 'Phường Bình Chuẩn', 529, NOW());
insert into ExampleDb.address_ward  (id, name, district_id, created_at) values (8414, 'Phường Thuận Giao', 529, NOW());
insert into ExampleDb.address_ward  (id, name, district_id, created_at) values (8415, 'Phường An Phú', 529, NOW());
insert into ExampleDb.address_ward  (id, name, district_id, created_at) values (8416, 'Phường Hưng Định', 529, NOW());
insert into ExampleDb.address_ward  (id, name, district_id, created_at) values (8417, 'Xã An Sơn', 529, NOW());
insert into ExampleDb.address_ward  (id, name, district_id, created_at) values (8418, 'Phường Bình Nhâm', 529, NOW());
insert into ExampleDb.address_ward  (id, name, district_id, created_at) values (8419, 'Phường Bình Hòa', 529, NOW());
insert into ExampleDb.address_ward  (id, name, district_id, created_at) values (8420, 'Phường Vĩnh Phú', 529, NOW());
insert into ExampleDb.address_district  (id, name, province_id, created_at) values (530, 'Huyện Bắc Tân Uyên', 47, NOW());
insert into ExampleDb.address_ward  (id, name, district_id, created_at) values (8421, 'Xã Tân Định', 530, NOW());
insert into ExampleDb.address_ward  (id, name, district_id, created_at) values (8422, 'Xã Bình Mỹ', 530, NOW());
insert into ExampleDb.address_ward  (id, name, district_id, created_at) values (8423, 'Thị trấn Tân Bình', 530, NOW());
insert into ExampleDb.address_ward  (id, name, district_id, created_at) values (8424, 'Xã Tân Lập', 530, NOW());
insert into ExampleDb.address_ward  (id, name, district_id, created_at) values (8425, 'Thị trấn Tân Thành', 530, NOW());
insert into ExampleDb.address_ward  (id, name, district_id, created_at) values (8426, 'Xã Đất Cuốc', 530, NOW());
insert into ExampleDb.address_ward  (id, name, district_id, created_at) values (8427, 'Xã Hiếu Liêm', 530, NOW());
insert into ExampleDb.address_ward  (id, name, district_id, created_at) values (8428, 'Xã Lạc An', 530, NOW());
insert into ExampleDb.address_ward  (id, name, district_id, created_at) values (8429, 'Xã Tân Mỹ', 530, NOW());
insert into ExampleDb.address_ward  (id, name, district_id, created_at) values (8430, 'Xã Thường Tân', 530, NOW());
insert into ExampleDb.address_province (id, name, created_at) values (48, 'Tỉnh Đồng Nai', NOW());
insert into ExampleDb.address_district  (id, name, province_id, created_at) values (531, 'Thành phố Biên Hòa', 48, NOW());
insert into ExampleDb.address_ward  (id, name, district_id, created_at) values (8431, 'Phường Trảng Dài', 531, NOW());
insert into ExampleDb.address_ward  (id, name, district_id, created_at) values (8432, 'Phường Tân Phong', 531, NOW());
insert into ExampleDb.address_ward  (id, name, district_id, created_at) values (8433, 'Phường Tân Biên', 531, NOW());
insert into ExampleDb.address_ward  (id, name, district_id, created_at) values (8434, 'Phường Hố Nai', 531, NOW());
insert into ExampleDb.address_ward  (id, name, district_id, created_at) values (8435, 'Phường Tân Hòa', 531, NOW());
insert into ExampleDb.address_ward  (id, name, district_id, created_at) values (8436, 'Phường Tân Hiệp', 531, NOW());
insert into ExampleDb.address_ward  (id, name, district_id, created_at) values (8437, 'Phường Bửu Long', 531, NOW());
insert into ExampleDb.address_ward  (id, name, district_id, created_at) values (8438, 'Phường Tân Tiến', 531, NOW());
insert into ExampleDb.address_ward  (id, name, district_id, created_at) values (8439, 'Phường Tam Hiệp', 531, NOW());
insert into ExampleDb.address_ward  (id, name, district_id, created_at) values (8440, 'Phường Long Bình', 531, NOW());
insert into ExampleDb.address_ward  (id, name, district_id, created_at) values (8441, 'Phường Quang Vinh', 531, NOW());
insert into ExampleDb.address_ward  (id, name, district_id, created_at) values (8442, 'Phường Tân Mai', 531, NOW());
insert into ExampleDb.address_ward  (id, name, district_id, created_at) values (8443, 'Phường Thống Nhất', 531, NOW());
insert into ExampleDb.address_ward  (id, name, district_id, created_at) values (8444, 'Phường Trung Dũng', 531, NOW());
insert into ExampleDb.address_ward  (id, name, district_id, created_at) values (8445, 'Phường Tam Hòa', 531, NOW());
insert into ExampleDb.address_ward  (id, name, district_id, created_at) values (8446, 'Phường Hòa Bình', 531, NOW());
insert into ExampleDb.address_ward  (id, name, district_id, created_at) values (8447, 'Phường Quyết Thắng', 531, NOW());
insert into ExampleDb.address_ward  (id, name, district_id, created_at) values (8448, 'Phường Thanh Bình', 531, NOW());
insert into ExampleDb.address_ward  (id, name, district_id, created_at) values (8449, 'Phường Bình Đa', 531, NOW());
insert into ExampleDb.address_ward  (id, name, district_id, created_at) values (8450, 'Phường An Bình', 531, NOW());
insert into ExampleDb.address_ward  (id, name, district_id, created_at) values (8451, 'Phường Bửu Hòa', 531, NOW());
insert into ExampleDb.address_ward  (id, name, district_id, created_at) values (8452, 'Phường Long Bình Tân', 531, NOW());
insert into ExampleDb.address_ward  (id, name, district_id, created_at) values (8453, 'Phường Tân Vạn', 531, NOW());
insert into ExampleDb.address_ward  (id, name, district_id, created_at) values (8454, 'Phường Tân Hạnh', 531, NOW());
insert into ExampleDb.address_ward  (id, name, district_id, created_at) values (8455, 'Phường Hiệp Hòa', 531, NOW());
insert into ExampleDb.address_ward  (id, name, district_id, created_at) values (8456, 'Phường Hóa An', 531, NOW());
insert into ExampleDb.address_ward  (id, name, district_id, created_at) values (8457, 'Phường An Hòa', 531, NOW());
insert into ExampleDb.address_ward  (id, name, district_id, created_at) values (8458, 'Phường Tam Phước', 531, NOW());
insert into ExampleDb.address_ward  (id, name, district_id, created_at) values (8459, 'Phường Phước Tân', 531, NOW());
insert into ExampleDb.address_ward  (id, name, district_id, created_at) values (8460, 'Xã Long Hưng', 531, NOW());
insert into ExampleDb.address_district  (id, name, province_id, created_at) values (532, 'Thành phố Long Khánh', 48, NOW());
insert into ExampleDb.address_ward  (id, name, district_id, created_at) values (8461, 'Phường Xuân Trung', 532, NOW());
insert into ExampleDb.address_ward  (id, name, district_id, created_at) values (8462, 'Phường Xuân Thanh', 532, NOW());
insert into ExampleDb.address_ward  (id, name, district_id, created_at) values (8463, 'Phường Xuân Bình', 532, NOW());
insert into ExampleDb.address_ward  (id, name, district_id, created_at) values (8464, 'Phường Xuân An', 532, NOW());
insert into ExampleDb.address_ward  (id, name, district_id, created_at) values (8465, 'Phường Xuân Hoà', 532, NOW());
insert into ExampleDb.address_ward  (id, name, district_id, created_at) values (8466, 'Phường Phú Bình', 532, NOW());
insert into ExampleDb.address_ward  (id, name, district_id, created_at) values (8467, 'Xã Bình Lộc', 532, NOW());
insert into ExampleDb.address_ward  (id, name, district_id, created_at) values (8468, 'Xã Bảo Quang', 532, NOW());
insert into ExampleDb.address_ward  (id, name, district_id, created_at) values (8469, 'Phường Suối Tre', 532, NOW());
insert into ExampleDb.address_ward  (id, name, district_id, created_at) values (8470, 'Phường Bảo Vinh', 532, NOW());
insert into ExampleDb.address_ward  (id, name, district_id, created_at) values (8471, 'Phường Xuân Lập', 532, NOW());
insert into ExampleDb.address_ward  (id, name, district_id, created_at) values (8472, 'Phường Bàu Sen', 532, NOW());
insert into ExampleDb.address_ward  (id, name, district_id, created_at) values (8473, 'Xã Bàu Trâm', 532, NOW());
insert into ExampleDb.address_ward  (id, name, district_id, created_at) values (8474, 'Phường Xuân Tân', 532, NOW());
insert into ExampleDb.address_ward  (id, name, district_id, created_at) values (8475, 'Xã Hàng Gòn', 532, NOW());
insert into ExampleDb.address_district  (id, name, province_id, created_at) values (533, 'Huyện Tân Phú', 48, NOW());
insert into ExampleDb.address_ward  (id, name, district_id, created_at) values (8476, 'Thị trấn Tân Phú', 533, NOW());
insert into ExampleDb.address_ward  (id, name, district_id, created_at) values (8477, 'Xã Dak Lua', 533, NOW());
insert into ExampleDb.address_ward  (id, name, district_id, created_at) values (8478, 'Xã Nam Cát Tiên', 533, NOW());
insert into ExampleDb.address_ward  (id, name, district_id, created_at) values (8479, 'Xã Phú An', 533, NOW());
insert into ExampleDb.address_ward  (id, name, district_id, created_at) values (8480, 'Xã Núi Tượng', 533, NOW());
insert into ExampleDb.address_ward  (id, name, district_id, created_at) values (8481, 'Xã Tà Lài', 533, NOW());
insert into ExampleDb.address_ward  (id, name, district_id, created_at) values (8482, 'Xã Phú Lập', 533, NOW());
insert into ExampleDb.address_ward  (id, name, district_id, created_at) values (8483, 'Xã Phú Sơn', 533, NOW());
insert into ExampleDb.address_ward  (id, name, district_id, created_at) values (8484, 'Xã Phú Thịnh', 533, NOW());
insert into ExampleDb.address_ward  (id, name, district_id, created_at) values (8485, 'Xã Thanh Sơn', 533, NOW());
insert into ExampleDb.address_ward  (id, name, district_id, created_at) values (8486, 'Xã Phú Trung', 533, NOW());
insert into ExampleDb.address_ward  (id, name, district_id, created_at) values (8487, 'Xã Phú Xuân', 533, NOW());
insert into ExampleDb.address_ward  (id, name, district_id, created_at) values (8488, 'Xã Phú Lộc', 533, NOW());
insert into ExampleDb.address_ward  (id, name, district_id, created_at) values (8489, 'Xã Phú Lâm', 533, NOW());
insert into ExampleDb.address_ward  (id, name, district_id, created_at) values (8490, 'Xã Phú Bình', 533, NOW());
insert into ExampleDb.address_ward  (id, name, district_id, created_at) values (8491, 'Xã Phú Thanh', 533, NOW());
insert into ExampleDb.address_ward  (id, name, district_id, created_at) values (8492, 'Xã Trà Cổ', 533, NOW());
insert into ExampleDb.address_ward  (id, name, district_id, created_at) values (8493, 'Xã Phú Điền', 533, NOW());
insert into ExampleDb.address_district  (id, name, province_id, created_at) values (534, 'Huyện Vĩnh Cửu', 48, NOW());
insert into ExampleDb.address_ward  (id, name, district_id, created_at) values (8494, 'Thị trấn Vĩnh An', 534, NOW());
insert into ExampleDb.address_ward  (id, name, district_id, created_at) values (8495, 'Xã Phú Lý', 534, NOW());
insert into ExampleDb.address_ward  (id, name, district_id, created_at) values (8496, 'Xã Trị An', 534, NOW());
insert into ExampleDb.address_ward  (id, name, district_id, created_at) values (8497, 'Xã Tân An', 534, NOW());
insert into ExampleDb.address_ward  (id, name, district_id, created_at) values (8498, 'Xã Vĩnh Tân', 534, NOW());
insert into ExampleDb.address_ward  (id, name, district_id, created_at) values (8499, 'Xã Bình Lợi', 534, NOW());
insert into ExampleDb.address_ward  (id, name, district_id, created_at) values (8500, 'Xã Thạnh Phú', 534, NOW());
insert into ExampleDb.address_ward  (id, name, district_id, created_at) values (8501, 'Xã Thiện Tân', 534, NOW());
insert into ExampleDb.address_ward  (id, name, district_id, created_at) values (8502, 'Xã Tân Bình', 534, NOW());
insert into ExampleDb.address_ward  (id, name, district_id, created_at) values (8503, 'Xã Bình Hòa', 534, NOW());
insert into ExampleDb.address_ward  (id, name, district_id, created_at) values (8504, 'Xã Mã Đà', 534, NOW());
insert into ExampleDb.address_ward  (id, name, district_id, created_at) values (8505, 'Xã Hiếu Liêm', 534, NOW());
insert into ExampleDb.address_district  (id, name, province_id, created_at) values (535, 'Huyện Định Quán', 48, NOW());
insert into ExampleDb.address_ward  (id, name, district_id, created_at) values (8506, 'Thị trấn Định Quán', 535, NOW());
insert into ExampleDb.address_ward  (id, name, district_id, created_at) values (8507, 'Xã Thanh Sơn', 535, NOW());
insert into ExampleDb.address_ward  (id, name, district_id, created_at) values (8508, 'Xã Phú Tân', 535, NOW());
insert into ExampleDb.address_ward  (id, name, district_id, created_at) values (8509, 'Xã Phú Vinh', 535, NOW());
insert into ExampleDb.address_ward  (id, name, district_id, created_at) values (8510, 'Xã Phú Lợi', 535, NOW());
insert into ExampleDb.address_ward  (id, name, district_id, created_at) values (8511, 'Xã Phú Hòa', 535, NOW());
insert into ExampleDb.address_ward  (id, name, district_id, created_at) values (8512, 'Xã Ngọc Định', 535, NOW());
insert into ExampleDb.address_ward  (id, name, district_id, created_at) values (8513, 'Xã La Ngà', 535, NOW());
insert into ExampleDb.address_ward  (id, name, district_id, created_at) values (8514, 'Xã Gia Canh', 535, NOW());
insert into ExampleDb.address_ward  (id, name, district_id, created_at) values (8515, 'Xã Phú Ngọc', 535, NOW());
insert into ExampleDb.address_ward  (id, name, district_id, created_at) values (8516, 'Xã Phú Cường', 535, NOW());
insert into ExampleDb.address_ward  (id, name, district_id, created_at) values (8517, 'Xã Túc Trưng', 535, NOW());
insert into ExampleDb.address_ward  (id, name, district_id, created_at) values (8518, 'Xã Phú Túc', 535, NOW());
insert into ExampleDb.address_ward  (id, name, district_id, created_at) values (8519, 'Xã Suối Nho', 535, NOW());
insert into ExampleDb.address_district  (id, name, province_id, created_at) values (536, 'Huyện Trảng Bom', 48, NOW());
insert into ExampleDb.address_ward  (id, name, district_id, created_at) values (8520, 'Thị trấn Trảng Bom', 536, NOW());
insert into ExampleDb.address_ward  (id, name, district_id, created_at) values (8521, 'Xã Thanh Bình', 536, NOW());
insert into ExampleDb.address_ward  (id, name, district_id, created_at) values (8522, 'Xã Cây Gáo', 536, NOW());
insert into ExampleDb.address_ward  (id, name, district_id, created_at) values (8523, 'Xã Bàu Hàm', 536, NOW());
insert into ExampleDb.address_ward  (id, name, district_id, created_at) values (8524, 'Xã Sông Thao', 536, NOW());
insert into ExampleDb.address_ward  (id, name, district_id, created_at) values (8525, 'Xã Sông Trầu', 536, NOW());
insert into ExampleDb.address_ward  (id, name, district_id, created_at) values (8526, 'Xã Đông Hoà', 536, NOW());
insert into ExampleDb.address_ward  (id, name, district_id, created_at) values (8527, 'Xã Bắc Sơn', 536, NOW());
insert into ExampleDb.address_ward  (id, name, district_id, created_at) values (8528, 'Xã Hố Nai 3', 536, NOW());
insert into ExampleDb.address_ward  (id, name, district_id, created_at) values (8529, 'Xã Tây Hoà', 536, NOW());
insert into ExampleDb.address_ward  (id, name, district_id, created_at) values (8530, 'Xã Bình Minh', 536, NOW());
insert into ExampleDb.address_ward  (id, name, district_id, created_at) values (8531, 'Xã Trung Hoà', 536, NOW());
insert into ExampleDb.address_ward  (id, name, district_id, created_at) values (8532, 'Xã Đồi 61', 536, NOW());
insert into ExampleDb.address_ward  (id, name, district_id, created_at) values (8533, 'Xã Hưng Thịnh', 536, NOW());
insert into ExampleDb.address_ward  (id, name, district_id, created_at) values (8534, 'Xã Quảng Tiến', 536, NOW());
insert into ExampleDb.address_ward  (id, name, district_id, created_at) values (8535, 'Xã Giang Điền', 536, NOW());
insert into ExampleDb.address_ward  (id, name, district_id, created_at) values (8536, 'Xã An Viễn', 536, NOW());
insert into ExampleDb.address_district  (id, name, province_id, created_at) values (537, 'Huyện Thống Nhất', 48, NOW());
insert into ExampleDb.address_ward  (id, name, district_id, created_at) values (8537, 'Xã Gia Tân 1', 537, NOW());
insert into ExampleDb.address_ward  (id, name, district_id, created_at) values (8538, 'Xã Gia Tân 2', 537, NOW());
insert into ExampleDb.address_ward  (id, name, district_id, created_at) values (8539, 'Xã Gia Tân 3', 537, NOW());
insert into ExampleDb.address_ward  (id, name, district_id, created_at) values (8540, 'Xã Gia Kiệm', 537, NOW());
insert into ExampleDb.address_ward  (id, name, district_id, created_at) values (8541, 'Xã Quang Trung', 537, NOW());
insert into ExampleDb.address_ward  (id, name, district_id, created_at) values (8542, 'Xã Bàu Hàm 2', 537, NOW());
insert into ExampleDb.address_ward  (id, name, district_id, created_at) values (8543, 'Xã Hưng Lộc', 537, NOW());
insert into ExampleDb.address_ward  (id, name, district_id, created_at) values (8544, 'Xã Lộ 25', 537, NOW());
insert into ExampleDb.address_ward  (id, name, district_id, created_at) values (8545, 'Xã Xuân Thiện', 537, NOW());
insert into ExampleDb.address_ward  (id, name, district_id, created_at) values (8546, 'Thị trấn Dầu Giây', 537, NOW());
insert into ExampleDb.address_district  (id, name, province_id, created_at) values (538, 'Huyện Cẩm Mỹ', 48, NOW());
insert into ExampleDb.address_ward  (id, name, district_id, created_at) values (8547, 'Xã Sông Nhạn', 538, NOW());
insert into ExampleDb.address_ward  (id, name, district_id, created_at) values (8548, 'Xã Xuân Quế', 538, NOW());
insert into ExampleDb.address_ward  (id, name, district_id, created_at) values (8549, 'Xã Nhân Nghĩa', 538, NOW());
insert into ExampleDb.address_ward  (id, name, district_id, created_at) values (8550, 'Xã Xuân Đường', 538, NOW());
insert into ExampleDb.address_ward  (id, name, district_id, created_at) values (8551, 'Thị trấn Long Giao', 538, NOW());
insert into ExampleDb.address_ward  (id, name, district_id, created_at) values (8552, 'Xã Xuân Mỹ', 538, NOW());
insert into ExampleDb.address_ward  (id, name, district_id, created_at) values (8553, 'Xã Thừa Đức', 538, NOW());
insert into ExampleDb.address_ward  (id, name, district_id, created_at) values (8554, 'Xã Bảo Bình', 538, NOW());
insert into ExampleDb.address_ward  (id, name, district_id, created_at) values (8555, 'Xã Xuân Bảo', 538, NOW());
insert into ExampleDb.address_ward  (id, name, district_id, created_at) values (8556, 'Xã Xuân Tây', 538, NOW());
insert into ExampleDb.address_ward  (id, name, district_id, created_at) values (8557, 'Xã Xuân Đông', 538, NOW());
insert into ExampleDb.address_ward  (id, name, district_id, created_at) values (8558, 'Xã Sông Ray', 538, NOW());
insert into ExampleDb.address_ward  (id, name, district_id, created_at) values (8559, 'Xã Lâm San', 538, NOW());
insert into ExampleDb.address_district  (id, name, province_id, created_at) values (539, 'Huyện Long Thành', 48, NOW());
insert into ExampleDb.address_ward  (id, name, district_id, created_at) values (8560, 'Thị trấn Long Thành', 539, NOW());
insert into ExampleDb.address_ward  (id, name, district_id, created_at) values (8561, 'Xã An Phước', 539, NOW());
insert into ExampleDb.address_ward  (id, name, district_id, created_at) values (8562, 'Xã Bình An', 539, NOW());
insert into ExampleDb.address_ward  (id, name, district_id, created_at) values (8563, 'Xã Long Đức', 539, NOW());
insert into ExampleDb.address_ward  (id, name, district_id, created_at) values (8564, 'Xã Lộc An', 539, NOW());
insert into ExampleDb.address_ward  (id, name, district_id, created_at) values (8565, 'Xã Bình Sơn', 539, NOW());
insert into ExampleDb.address_ward  (id, name, district_id, created_at) values (8566, 'Xã Tam An', 539, NOW());
insert into ExampleDb.address_ward  (id, name, district_id, created_at) values (8567, 'Xã Cẩm Đường', 539, NOW());
insert into ExampleDb.address_ward  (id, name, district_id, created_at) values (8568, 'Xã Long An', 539, NOW());
insert into ExampleDb.address_ward  (id, name, district_id, created_at) values (8569, 'Xã Bàu Cạn', 539, NOW());
insert into ExampleDb.address_ward  (id, name, district_id, created_at) values (8570, 'Xã Long Phước', 539, NOW());
insert into ExampleDb.address_ward  (id, name, district_id, created_at) values (8571, 'Xã Phước Bình', 539, NOW());
insert into ExampleDb.address_ward  (id, name, district_id, created_at) values (8572, 'Xã Tân Hiệp', 539, NOW());
insert into ExampleDb.address_ward  (id, name, district_id, created_at) values (8573, 'Xã Phước Thái', 539, NOW());
insert into ExampleDb.address_district  (id, name, province_id, created_at) values (540, 'Huyện Xuân Lộc', 48, NOW());
insert into ExampleDb.address_ward  (id, name, district_id, created_at) values (8574, 'Thị trấn Gia Ray', 540, NOW());
insert into ExampleDb.address_ward  (id, name, district_id, created_at) values (8575, 'Xã Xuân Bắc', 540, NOW());
insert into ExampleDb.address_ward  (id, name, district_id, created_at) values (8576, 'Xã Suối Cao', 540, NOW());
insert into ExampleDb.address_ward  (id, name, district_id, created_at) values (8577, 'Xã Xuân Thành', 540, NOW());
insert into ExampleDb.address_ward  (id, name, district_id, created_at) values (8578, 'Xã Xuân Thọ', 540, NOW());
insert into ExampleDb.address_ward  (id, name, district_id, created_at) values (8579, 'Xã Xuân Trường', 540, NOW());
insert into ExampleDb.address_ward  (id, name, district_id, created_at) values (8580, 'Xã Xuân Hòa', 540, NOW());
insert into ExampleDb.address_ward  (id, name, district_id, created_at) values (8581, 'Xã Xuân Hưng', 540, NOW());
insert into ExampleDb.address_ward  (id, name, district_id, created_at) values (8582, 'Xã Xuân Tâm', 540, NOW());
insert into ExampleDb.address_ward  (id, name, district_id, created_at) values (8583, 'Xã Suối Cát', 540, NOW());
insert into ExampleDb.address_ward  (id, name, district_id, created_at) values (8584, 'Xã Xuân Hiệp', 540, NOW());
insert into ExampleDb.address_ward  (id, name, district_id, created_at) values (8585, 'Xã Xuân Phú', 540, NOW());
insert into ExampleDb.address_ward  (id, name, district_id, created_at) values (8586, 'Xã Xuân Định', 540, NOW());
insert into ExampleDb.address_ward  (id, name, district_id, created_at) values (8587, 'Xã Bảo Hoà', 540, NOW());
insert into ExampleDb.address_ward  (id, name, district_id, created_at) values (8588, 'Xã Lang Minh', 540, NOW());
insert into ExampleDb.address_district  (id, name, province_id, created_at) values (541, 'Huyện Nhơn Trạch', 48, NOW());
insert into ExampleDb.address_ward  (id, name, district_id, created_at) values (8589, 'Xã Phước Thiền', 541, NOW());
insert into ExampleDb.address_ward  (id, name, district_id, created_at) values (8590, 'Xã Long Tân', 541, NOW());
insert into ExampleDb.address_ward  (id, name, district_id, created_at) values (8591, 'Xã Đại Phước', 541, NOW());
insert into ExampleDb.address_ward  (id, name, district_id, created_at) values (8592, 'Thị trấn Hiệp Phước', 541, NOW());
insert into ExampleDb.address_ward  (id, name, district_id, created_at) values (8593, 'Xã Phú Hữu', 541, NOW());
insert into ExampleDb.address_ward  (id, name, district_id, created_at) values (8594, 'Xã Phú Hội', 541, NOW());
insert into ExampleDb.address_ward  (id, name, district_id, created_at) values (8595, 'Xã Phú Thạnh', 541, NOW());
insert into ExampleDb.address_ward  (id, name, district_id, created_at) values (8596, 'Xã Phú Đông', 541, NOW());
insert into ExampleDb.address_ward  (id, name, district_id, created_at) values (8597, 'Xã Long Thọ', 541, NOW());
insert into ExampleDb.address_ward  (id, name, district_id, created_at) values (8598, 'Xã Vĩnh Thanh', 541, NOW());
insert into ExampleDb.address_ward  (id, name, district_id, created_at) values (8599, 'Xã Phước Khánh', 541, NOW());
insert into ExampleDb.address_ward  (id, name, district_id, created_at) values (8600, 'Xã Phước An', 541, NOW());
insert into ExampleDb.address_province (id, name, created_at) values (49, 'Tỉnh Bà Rịa - Vũng Tàu', NOW());
insert into ExampleDb.address_district  (id, name, province_id, created_at) values (542, 'Thành phố Vũng Tàu', 49, NOW());
insert into ExampleDb.address_ward  (id, name, district_id, created_at) values (8601, 'Phường 1', 542, NOW());
insert into ExampleDb.address_ward  (id, name, district_id, created_at) values (8602, 'Phường Thắng Tam', 542, NOW());
insert into ExampleDb.address_ward  (id, name, district_id, created_at) values (8603, 'Phường 2', 542, NOW());
insert into ExampleDb.address_ward  (id, name, district_id, created_at) values (8604, 'Phường 3', 542, NOW());
insert into ExampleDb.address_ward  (id, name, district_id, created_at) values (8605, 'Phường 4', 542, NOW());
insert into ExampleDb.address_ward  (id, name, district_id, created_at) values (8606, 'Phường 5', 542, NOW());
insert into ExampleDb.address_ward  (id, name, district_id, created_at) values (8607, 'Phường Thắng Nhì', 542, NOW());
insert into ExampleDb.address_ward  (id, name, district_id, created_at) values (8608, 'Phường 7', 542, NOW());
insert into ExampleDb.address_ward  (id, name, district_id, created_at) values (8609, 'Phường Nguyễn An Ninh', 542, NOW());
insert into ExampleDb.address_ward  (id, name, district_id, created_at) values (8610, 'Phường 8', 542, NOW());
insert into ExampleDb.address_ward  (id, name, district_id, created_at) values (8611, 'Phường 9', 542, NOW());
insert into ExampleDb.address_ward  (id, name, district_id, created_at) values (8612, 'Phường Thắng Nhất', 542, NOW());
insert into ExampleDb.address_ward  (id, name, district_id, created_at) values (8613, 'Phường Rạch Dừa', 542, NOW());
insert into ExampleDb.address_ward  (id, name, district_id, created_at) values (8614, 'Phường 10', 542, NOW());
insert into ExampleDb.address_ward  (id, name, district_id, created_at) values (8615, 'Phường 11', 542, NOW());
insert into ExampleDb.address_ward  (id, name, district_id, created_at) values (8616, 'Phường 12', 542, NOW());
insert into ExampleDb.address_ward  (id, name, district_id, created_at) values (8617, 'Xã Long Sơn', 542, NOW());
insert into ExampleDb.address_district  (id, name, province_id, created_at) values (543, 'Thành phố Bà Rịa', 49, NOW());
insert into ExampleDb.address_ward  (id, name, district_id, created_at) values (8618, 'Phường Phước Hưng', 543, NOW());
insert into ExampleDb.address_ward  (id, name, district_id, created_at) values (8619, 'Phường Phước Hiệp', 543, NOW());
insert into ExampleDb.address_ward  (id, name, district_id, created_at) values (8620, 'Phường Phước Nguyên', 543, NOW());
insert into ExampleDb.address_ward  (id, name, district_id, created_at) values (8621, 'Phường Long Toàn', 543, NOW());
insert into ExampleDb.address_ward  (id, name, district_id, created_at) values (8622, 'Phường Long Tâm', 543, NOW());
insert into ExampleDb.address_ward  (id, name, district_id, created_at) values (8623, 'Phường Phước Trung', 543, NOW());
insert into ExampleDb.address_ward  (id, name, district_id, created_at) values (8624, 'Phường Long Hương', 543, NOW());
insert into ExampleDb.address_ward  (id, name, district_id, created_at) values (8625, 'Phường Kim Dinh', 543, NOW());
insert into ExampleDb.address_ward  (id, name, district_id, created_at) values (8626, 'Xã Tân Hưng', 543, NOW());
insert into ExampleDb.address_ward  (id, name, district_id, created_at) values (8627, 'Xã Long Phước', 543, NOW());
insert into ExampleDb.address_ward  (id, name, district_id, created_at) values (8628, 'Xã Hoà Long', 543, NOW());
insert into ExampleDb.address_district  (id, name, province_id, created_at) values (544, 'Huyện Châu Đức', 49, NOW());
insert into ExampleDb.address_ward  (id, name, district_id, created_at) values (8629, 'Xã Bàu Chinh', 544, NOW());
insert into ExampleDb.address_ward  (id, name, district_id, created_at) values (8630, 'Thị trấn Ngãi Giao', 544, NOW());
insert into ExampleDb.address_ward  (id, name, district_id, created_at) values (8631, 'Xã Bình Ba', 544, NOW());
insert into ExampleDb.address_ward  (id, name, district_id, created_at) values (8632, 'Xã Suối Nghệ', 544, NOW());
insert into ExampleDb.address_ward  (id, name, district_id, created_at) values (8633, 'Xã Xuân Sơn', 544, NOW());
insert into ExampleDb.address_ward  (id, name, district_id, created_at) values (8634, 'Xã Sơn Bình', 544, NOW());
insert into ExampleDb.address_ward  (id, name, district_id, created_at) values (8635, 'Xã Bình Giã', 544, NOW());
insert into ExampleDb.address_ward  (id, name, district_id, created_at) values (8636, 'Xã Bình Trung', 544, NOW());
insert into ExampleDb.address_ward  (id, name, district_id, created_at) values (8637, 'Xã Xà Bang', 544, NOW());
insert into ExampleDb.address_ward  (id, name, district_id, created_at) values (8638, 'Xã Cù Bị', 544, NOW());
insert into ExampleDb.address_ward  (id, name, district_id, created_at) values (8639, 'Xã Láng Lớn', 544, NOW());
insert into ExampleDb.address_ward  (id, name, district_id, created_at) values (8640, 'Xã Quảng Thành', 544, NOW());
insert into ExampleDb.address_ward  (id, name, district_id, created_at) values (8641, 'Xã Kim Long', 544, NOW());
insert into ExampleDb.address_ward  (id, name, district_id, created_at) values (8642, 'Xã Suối Rao', 544, NOW());
insert into ExampleDb.address_ward  (id, name, district_id, created_at) values (8643, 'Xã Đá Bạc', 544, NOW());
insert into ExampleDb.address_ward  (id, name, district_id, created_at) values (8644, 'Xã Nghĩa Thành', 544, NOW());
insert into ExampleDb.address_district  (id, name, province_id, created_at) values (545, 'Huyện Xuyên Mộc', 49, NOW());
insert into ExampleDb.address_ward  (id, name, district_id, created_at) values (8645, 'Thị trấn Phước Bửu', 545, NOW());
insert into ExampleDb.address_ward  (id, name, district_id, created_at) values (8646, 'Xã Phước Thuận', 545, NOW());
insert into ExampleDb.address_ward  (id, name, district_id, created_at) values (8647, 'Xã Phước Tân', 545, NOW());
insert into ExampleDb.address_ward  (id, name, district_id, created_at) values (8648, 'Xã Xuyên Mộc', 545, NOW());
insert into ExampleDb.address_ward  (id, name, district_id, created_at) values (8649, 'Xã Bông Trang', 545, NOW());
insert into ExampleDb.address_ward  (id, name, district_id, created_at) values (8650, 'Xã Tân Lâm', 545, NOW());
insert into ExampleDb.address_ward  (id, name, district_id, created_at) values (8651, 'Xã Bàu Lâm', 545, NOW());
insert into ExampleDb.address_ward  (id, name, district_id, created_at) values (8652, 'Xã Hòa Bình', 545, NOW());
insert into ExampleDb.address_ward  (id, name, district_id, created_at) values (8653, 'Xã Hòa Hưng', 545, NOW());
insert into ExampleDb.address_ward  (id, name, district_id, created_at) values (8654, 'Xã Hòa Hiệp', 545, NOW());
insert into ExampleDb.address_ward  (id, name, district_id, created_at) values (8655, 'Xã Hòa Hội', 545, NOW());
insert into ExampleDb.address_ward  (id, name, district_id, created_at) values (8656, 'Xã Bưng Riềng', 545, NOW());
insert into ExampleDb.address_ward  (id, name, district_id, created_at) values (8657, 'Xã Bình Châu', 545, NOW());
insert into ExampleDb.address_district  (id, name, province_id, created_at) values (546, 'Huyện Long Điền', 49, NOW());
insert into ExampleDb.address_ward  (id, name, district_id, created_at) values (8658, 'Thị trấn Long Điền', 546, NOW());
insert into ExampleDb.address_ward  (id, name, district_id, created_at) values (8659, 'Thị trấn Long Hải', 546, NOW());
insert into ExampleDb.address_ward  (id, name, district_id, created_at) values (8660, 'Xã An Ngãi', 546, NOW());
insert into ExampleDb.address_ward  (id, name, district_id, created_at) values (8661, 'Xã Tam Phước', 546, NOW());
insert into ExampleDb.address_ward  (id, name, district_id, created_at) values (8662, 'Xã An Nhứt', 546, NOW());
insert into ExampleDb.address_ward  (id, name, district_id, created_at) values (8663, 'Xã Phước Tỉnh', 546, NOW());
insert into ExampleDb.address_ward  (id, name, district_id, created_at) values (8664, 'Xã Phước Hưng', 546, NOW());
insert into ExampleDb.address_district  (id, name, province_id, created_at) values (547, 'Huyện Đất Đỏ', 49, NOW());
insert into ExampleDb.address_ward  (id, name, district_id, created_at) values (8665, 'Thị trấn Đất Đỏ', 547, NOW());
insert into ExampleDb.address_ward  (id, name, district_id, created_at) values (8666, 'Xã Phước Long Thọ', 547, NOW());
insert into ExampleDb.address_ward  (id, name, district_id, created_at) values (8667, 'Xã Phước Hội', 547, NOW());
insert into ExampleDb.address_ward  (id, name, district_id, created_at) values (8668, 'Xã Long Mỹ', 547, NOW());
insert into ExampleDb.address_ward  (id, name, district_id, created_at) values (8669, 'Thị trấn Phước Hải', 547, NOW());
insert into ExampleDb.address_ward  (id, name, district_id, created_at) values (8670, 'Xã Long Tân', 547, NOW());
insert into ExampleDb.address_ward  (id, name, district_id, created_at) values (8671, 'Xã Láng Dài', 547, NOW());
insert into ExampleDb.address_ward  (id, name, district_id, created_at) values (8672, 'Xã Lộc An', 547, NOW());
insert into ExampleDb.address_district  (id, name, province_id, created_at) values (548, 'Thị xã Phú Mỹ', 49, NOW());
insert into ExampleDb.address_ward  (id, name, district_id, created_at) values (8673, 'Phường Phú Mỹ', 548, NOW());
insert into ExampleDb.address_ward  (id, name, district_id, created_at) values (8674, 'Xã Tân Hoà', 548, NOW());
insert into ExampleDb.address_ward  (id, name, district_id, created_at) values (8675, 'Xã Tân Hải', 548, NOW());
insert into ExampleDb.address_ward  (id, name, district_id, created_at) values (8676, 'Phường Phước Hoà', 548, NOW());
insert into ExampleDb.address_ward  (id, name, district_id, created_at) values (8677, 'Phường Tân Phước', 548, NOW());
insert into ExampleDb.address_ward  (id, name, district_id, created_at) values (8678, 'Phường Mỹ Xuân', 548, NOW());
insert into ExampleDb.address_ward  (id, name, district_id, created_at) values (8679, 'Xã Sông Xoài', 548, NOW());
insert into ExampleDb.address_ward  (id, name, district_id, created_at) values (8680, 'Phường Hắc Dịch', 548, NOW());
insert into ExampleDb.address_ward  (id, name, district_id, created_at) values (8681, 'Xã Châu Pha', 548, NOW());
insert into ExampleDb.address_ward  (id, name, district_id, created_at) values (8682, 'Xã Tóc Tiên', 548, NOW());
insert into ExampleDb.address_district  (id, name, province_id, created_at) values (549, 'Huyện Côn Đảo', 49, NOW());
insert into ExampleDb.address_province (id, name, created_at) values (50, 'Thành phố Hồ Chí Minh', NOW());
insert into ExampleDb.address_district  (id, name, province_id, created_at) values (550, 'Quận 1', 50, NOW());
insert into ExampleDb.address_ward  (id, name, district_id, created_at) values (8683, 'Phường Tân Định', 550, NOW());
insert into ExampleDb.address_ward  (id, name, district_id, created_at) values (8684, 'Phường Đa Kao', 550, NOW());
insert into ExampleDb.address_ward  (id, name, district_id, created_at) values (8685, 'Phường Bến Nghé', 550, NOW());
insert into ExampleDb.address_ward  (id, name, district_id, created_at) values (8686, 'Phường Bến Thành', 550, NOW());
insert into ExampleDb.address_ward  (id, name, district_id, created_at) values (8687, 'Phường Nguyễn Thái Bình', 550, NOW());
insert into ExampleDb.address_ward  (id, name, district_id, created_at) values (8688, 'Phường Phạm Ngũ Lão', 550, NOW());
insert into ExampleDb.address_ward  (id, name, district_id, created_at) values (8689, 'Phường Cầu Ông Lãnh', 550, NOW());
insert into ExampleDb.address_ward  (id, name, district_id, created_at) values (8690, 'Phường Cô Giang', 550, NOW());
insert into ExampleDb.address_ward  (id, name, district_id, created_at) values (8691, 'Phường Nguyễn Cư Trinh', 550, NOW());
insert into ExampleDb.address_ward  (id, name, district_id, created_at) values (8692, 'Phường Cầu Kho', 550, NOW());
insert into ExampleDb.address_district  (id, name, province_id, created_at) values (551, 'Quận 12', 50, NOW());
insert into ExampleDb.address_ward  (id, name, district_id, created_at) values (8693, 'Phường Thạnh Xuân', 551, NOW());
insert into ExampleDb.address_ward  (id, name, district_id, created_at) values (8694, 'Phường Thạnh Lộc', 551, NOW());
insert into ExampleDb.address_ward  (id, name, district_id, created_at) values (8695, 'Phường Hiệp Thành', 551, NOW());
insert into ExampleDb.address_ward  (id, name, district_id, created_at) values (8696, 'Phường Thới An', 551, NOW());
insert into ExampleDb.address_ward  (id, name, district_id, created_at) values (8697, 'Phường Tân Chánh Hiệp', 551, NOW());
insert into ExampleDb.address_ward  (id, name, district_id, created_at) values (8698, 'Phường An Phú Đông', 551, NOW());
insert into ExampleDb.address_ward  (id, name, district_id, created_at) values (8699, 'Phường Tân Thới Hiệp', 551, NOW());
insert into ExampleDb.address_ward  (id, name, district_id, created_at) values (8700, 'Phường Trung Mỹ Tây', 551, NOW());
insert into ExampleDb.address_ward  (id, name, district_id, created_at) values (8701, 'Phường Tân Hưng Thuận', 551, NOW());
insert into ExampleDb.address_ward  (id, name, district_id, created_at) values (8702, 'Phường Đông Hưng Thuận', 551, NOW());
insert into ExampleDb.address_ward  (id, name, district_id, created_at) values (8703, 'Phường Tân Thới Nhất', 551, NOW());
insert into ExampleDb.address_district  (id, name, province_id, created_at) values (552, 'Quận Gò Vấp', 50, NOW());
insert into ExampleDb.address_ward  (id, name, district_id, created_at) values (8704, 'Phường 15', 552, NOW());
insert into ExampleDb.address_ward  (id, name, district_id, created_at) values (8705, 'Phường 13', 552, NOW());
insert into ExampleDb.address_ward  (id, name, district_id, created_at) values (8706, 'Phường 17', 552, NOW());
insert into ExampleDb.address_ward  (id, name, district_id, created_at) values (8707, 'Phường 6', 552, NOW());
insert into ExampleDb.address_ward  (id, name, district_id, created_at) values (8708, 'Phường 16', 552, NOW());
insert into ExampleDb.address_ward  (id, name, district_id, created_at) values (8709, 'Phường 12', 552, NOW());
insert into ExampleDb.address_ward  (id, name, district_id, created_at) values (8710, 'Phường 14', 552, NOW());
insert into ExampleDb.address_ward  (id, name, district_id, created_at) values (8711, 'Phường 10', 552, NOW());
insert into ExampleDb.address_ward  (id, name, district_id, created_at) values (8712, 'Phường 05', 552, NOW());
insert into ExampleDb.address_ward  (id, name, district_id, created_at) values (8713, 'Phường 07', 552, NOW());
insert into ExampleDb.address_ward  (id, name, district_id, created_at) values (8714, 'Phường 04', 552, NOW());
insert into ExampleDb.address_ward  (id, name, district_id, created_at) values (8715, 'Phường 01', 552, NOW());
insert into ExampleDb.address_ward  (id, name, district_id, created_at) values (8716, 'Phường 9', 552, NOW());
insert into ExampleDb.address_ward  (id, name, district_id, created_at) values (8717, 'Phường 8', 552, NOW());
insert into ExampleDb.address_ward  (id, name, district_id, created_at) values (8718, 'Phường 11', 552, NOW());
insert into ExampleDb.address_ward  (id, name, district_id, created_at) values (8719, 'Phường 03', 552, NOW());
insert into ExampleDb.address_district  (id, name, province_id, created_at) values (553, 'Quận Bình Thạnh', 50, NOW());
insert into ExampleDb.address_ward  (id, name, district_id, created_at) values (8720, 'Phường 13', 553, NOW());
insert into ExampleDb.address_ward  (id, name, district_id, created_at) values (8721, 'Phường 11', 553, NOW());
insert into ExampleDb.address_ward  (id, name, district_id, created_at) values (8722, 'Phường 27', 553, NOW());
insert into ExampleDb.address_ward  (id, name, district_id, created_at) values (8723, 'Phường 26', 553, NOW());
insert into ExampleDb.address_ward  (id, name, district_id, created_at) values (8724, 'Phường 12', 553, NOW());
insert into ExampleDb.address_ward  (id, name, district_id, created_at) values (8725, 'Phường 25', 553, NOW());
insert into ExampleDb.address_ward  (id, name, district_id, created_at) values (8726, 'Phường 05', 553, NOW());
insert into ExampleDb.address_ward  (id, name, district_id, created_at) values (8727, 'Phường 07', 553, NOW());
insert into ExampleDb.address_ward  (id, name, district_id, created_at) values (8728, 'Phường 24', 553, NOW());
insert into ExampleDb.address_ward  (id, name, district_id, created_at) values (8729, 'Phường 06', 553, NOW());
insert into ExampleDb.address_ward  (id, name, district_id, created_at) values (8730, 'Phường 14', 553, NOW());
insert into ExampleDb.address_ward  (id, name, district_id, created_at) values (8731, 'Phường 15', 553, NOW());
insert into ExampleDb.address_ward  (id, name, district_id, created_at) values (8732, 'Phường 02', 553, NOW());
insert into ExampleDb.address_ward  (id, name, district_id, created_at) values (8733, 'Phường 01', 553, NOW());
insert into ExampleDb.address_ward  (id, name, district_id, created_at) values (8734, 'Phường 03', 553, NOW());
insert into ExampleDb.address_ward  (id, name, district_id, created_at) values (8735, 'Phường 17', 553, NOW());
insert into ExampleDb.address_ward  (id, name, district_id, created_at) values (8736, 'Phường 21', 553, NOW());
insert into ExampleDb.address_ward  (id, name, district_id, created_at) values (8737, 'Phường 22', 553, NOW());
insert into ExampleDb.address_ward  (id, name, district_id, created_at) values (8738, 'Phường 19', 553, NOW());
insert into ExampleDb.address_ward  (id, name, district_id, created_at) values (8739, 'Phường 28', 553, NOW());
insert into ExampleDb.address_district  (id, name, province_id, created_at) values (554, 'Quận Tân Bình', 50, NOW());
insert into ExampleDb.address_ward  (id, name, district_id, created_at) values (8740, 'Phường 02', 554, NOW());
insert into ExampleDb.address_ward  (id, name, district_id, created_at) values (8741, 'Phường 04', 554, NOW());
insert into ExampleDb.address_ward  (id, name, district_id, created_at) values (8742, 'Phường 12', 554, NOW());
insert into ExampleDb.address_ward  (id, name, district_id, created_at) values (8743, 'Phường 13', 554, NOW());
insert into ExampleDb.address_ward  (id, name, district_id, created_at) values (8744, 'Phường 01', 554, NOW());
insert into ExampleDb.address_ward  (id, name, district_id, created_at) values (8745, 'Phường 03', 554, NOW());
insert into ExampleDb.address_ward  (id, name, district_id, created_at) values (8746, 'Phường 11', 554, NOW());
insert into ExampleDb.address_ward  (id, name, district_id, created_at) values (8747, 'Phường 07', 554, NOW());
insert into ExampleDb.address_ward  (id, name, district_id, created_at) values (8748, 'Phường 05', 554, NOW());
insert into ExampleDb.address_ward  (id, name, district_id, created_at) values (8749, 'Phường 10', 554, NOW());
insert into ExampleDb.address_ward  (id, name, district_id, created_at) values (8750, 'Phường 06', 554, NOW());
insert into ExampleDb.address_ward  (id, name, district_id, created_at) values (8751, 'Phường 08', 554, NOW());
insert into ExampleDb.address_ward  (id, name, district_id, created_at) values (8752, 'Phường 09', 554, NOW());
insert into ExampleDb.address_ward  (id, name, district_id, created_at) values (8753, 'Phường 14', 554, NOW());
insert into ExampleDb.address_ward  (id, name, district_id, created_at) values (8754, 'Phường 15', 554, NOW());
insert into ExampleDb.address_district  (id, name, province_id, created_at) values (555, 'Quận Tân Phú', 50, NOW());
insert into ExampleDb.address_ward  (id, name, district_id, created_at) values (8755, 'Phường Tân Sơn Nhì', 555, NOW());
insert into ExampleDb.address_ward  (id, name, district_id, created_at) values (8756, 'Phường Tây Thạnh', 555, NOW());
insert into ExampleDb.address_ward  (id, name, district_id, created_at) values (8757, 'Phường Sơn Kỳ', 555, NOW());
insert into ExampleDb.address_ward  (id, name, district_id, created_at) values (8758, 'Phường Tân Quý', 555, NOW());
insert into ExampleDb.address_ward  (id, name, district_id, created_at) values (8759, 'Phường Tân Thành', 555, NOW());
insert into ExampleDb.address_ward  (id, name, district_id, created_at) values (8760, 'Phường Phú Thọ Hòa', 555, NOW());
insert into ExampleDb.address_ward  (id, name, district_id, created_at) values (8761, 'Phường Phú Thạnh', 555, NOW());
insert into ExampleDb.address_ward  (id, name, district_id, created_at) values (8762, 'Phường Phú Trung', 555, NOW());
insert into ExampleDb.address_ward  (id, name, district_id, created_at) values (8763, 'Phường Hòa Thạnh', 555, NOW());
insert into ExampleDb.address_ward  (id, name, district_id, created_at) values (8764, 'Phường Hiệp Tân', 555, NOW());
insert into ExampleDb.address_ward  (id, name, district_id, created_at) values (8765, 'Phường Tân Thới Hòa', 555, NOW());
insert into ExampleDb.address_district  (id, name, province_id, created_at) values (556, 'Quận Phú Nhuận', 50, NOW());
insert into ExampleDb.address_ward  (id, name, district_id, created_at) values (8766, 'Phường 04', 556, NOW());
insert into ExampleDb.address_ward  (id, name, district_id, created_at) values (8767, 'Phường 05', 556, NOW());
insert into ExampleDb.address_ward  (id, name, district_id, created_at) values (8768, 'Phường 09', 556, NOW());
insert into ExampleDb.address_ward  (id, name, district_id, created_at) values (8769, 'Phường 07', 556, NOW());
insert into ExampleDb.address_ward  (id, name, district_id, created_at) values (8770, 'Phường 03', 556, NOW());
insert into ExampleDb.address_ward  (id, name, district_id, created_at) values (8771, 'Phường 01', 556, NOW());
insert into ExampleDb.address_ward  (id, name, district_id, created_at) values (8772, 'Phường 02', 556, NOW());
insert into ExampleDb.address_ward  (id, name, district_id, created_at) values (8773, 'Phường 08', 556, NOW());
insert into ExampleDb.address_ward  (id, name, district_id, created_at) values (8774, 'Phường 15', 556, NOW());
insert into ExampleDb.address_ward  (id, name, district_id, created_at) values (8775, 'Phường 10', 556, NOW());
insert into ExampleDb.address_ward  (id, name, district_id, created_at) values (8776, 'Phường 11', 556, NOW());
insert into ExampleDb.address_ward  (id, name, district_id, created_at) values (8777, 'Phường 17', 556, NOW());
insert into ExampleDb.address_ward  (id, name, district_id, created_at) values (8778, 'Phường 13', 556, NOW());
insert into ExampleDb.address_district  (id, name, province_id, created_at) values (557, 'Thành phố Thủ Đức', 50, NOW());
insert into ExampleDb.address_ward  (id, name, district_id, created_at) values (8779, 'Phường Linh Xuân', 557, NOW());
insert into ExampleDb.address_ward  (id, name, district_id, created_at) values (8780, 'Phường Bình Chiểu', 557, NOW());
insert into ExampleDb.address_ward  (id, name, district_id, created_at) values (8781, 'Phường Linh Trung', 557, NOW());
insert into ExampleDb.address_ward  (id, name, district_id, created_at) values (8782, 'Phường Tam Bình', 557, NOW());
insert into ExampleDb.address_ward  (id, name, district_id, created_at) values (8783, 'Phường Tam Phú', 557, NOW());
insert into ExampleDb.address_ward  (id, name, district_id, created_at) values (8784, 'Phường Hiệp Bình Phước', 557, NOW());
insert into ExampleDb.address_ward  (id, name, district_id, created_at) values (8785, 'Phường Hiệp Bình Chánh', 557, NOW());
insert into ExampleDb.address_ward  (id, name, district_id, created_at) values (8786, 'Phường Linh Chiểu', 557, NOW());
insert into ExampleDb.address_ward  (id, name, district_id, created_at) values (8787, 'Phường Linh Tây', 557, NOW());
insert into ExampleDb.address_ward  (id, name, district_id, created_at) values (8788, 'Phường Linh Đông', 557, NOW());
insert into ExampleDb.address_ward  (id, name, district_id, created_at) values (8789, 'Phường Bình Thọ', 557, NOW());
insert into ExampleDb.address_ward  (id, name, district_id, created_at) values (8790, 'Phường Trường Thọ', 557, NOW());
insert into ExampleDb.address_ward  (id, name, district_id, created_at) values (8791, 'Phường Long Bình', 557, NOW());
insert into ExampleDb.address_ward  (id, name, district_id, created_at) values (8792, 'Phường Long Thạnh Mỹ', 557, NOW());
insert into ExampleDb.address_ward  (id, name, district_id, created_at) values (8793, 'Phường Tân Phú', 557, NOW());
insert into ExampleDb.address_ward  (id, name, district_id, created_at) values (8794, 'Phường Hiệp Phú', 557, NOW());
insert into ExampleDb.address_ward  (id, name, district_id, created_at) values (8795, 'Phường Tăng Nhơn Phú A', 557, NOW());
insert into ExampleDb.address_ward  (id, name, district_id, created_at) values (8796, 'Phường Tăng Nhơn Phú B', 557, NOW());
insert into ExampleDb.address_ward  (id, name, district_id, created_at) values (8797, 'Phường Phước Long B', 557, NOW());
insert into ExampleDb.address_ward  (id, name, district_id, created_at) values (8798, 'Phường Phước Long A', 557, NOW());
insert into ExampleDb.address_ward  (id, name, district_id, created_at) values (8799, 'Phường Trường Thạnh', 557, NOW());
insert into ExampleDb.address_ward  (id, name, district_id, created_at) values (8800, 'Phường Long Phước', 557, NOW());
insert into ExampleDb.address_ward  (id, name, district_id, created_at) values (8801, 'Phường Long Trường', 557, NOW());
insert into ExampleDb.address_ward  (id, name, district_id, created_at) values (8802, 'Phường Phước Bình', 557, NOW());
insert into ExampleDb.address_ward  (id, name, district_id, created_at) values (8803, 'Phường Phú Hữu', 557, NOW());
insert into ExampleDb.address_ward  (id, name, district_id, created_at) values (8804, 'Phường Thảo Điền', 557, NOW());
insert into ExampleDb.address_ward  (id, name, district_id, created_at) values (8805, 'Phường An Phú', 557, NOW());
insert into ExampleDb.address_ward  (id, name, district_id, created_at) values (8806, 'Phường An Khánh', 557, NOW());
insert into ExampleDb.address_ward  (id, name, district_id, created_at) values (8807, 'Phường Bình Trưng Đông', 557, NOW());
insert into ExampleDb.address_ward  (id, name, district_id, created_at) values (8808, 'Phường Bình Trưng Tây', 557, NOW());
insert into ExampleDb.address_ward  (id, name, district_id, created_at) values (8809, 'Phường Cát Lái', 557, NOW());
insert into ExampleDb.address_ward  (id, name, district_id, created_at) values (8810, 'Phường Thạnh Mỹ Lợi', 557, NOW());
insert into ExampleDb.address_ward  (id, name, district_id, created_at) values (8811, 'Phường An Lợi Đông', 557, NOW());
insert into ExampleDb.address_ward  (id, name, district_id, created_at) values (8812, 'Phường Thủ Thiêm', 557, NOW());
insert into ExampleDb.address_district  (id, name, province_id, created_at) values (558, 'Quận 3', 50, NOW());
insert into ExampleDb.address_ward  (id, name, district_id, created_at) values (8813, 'Phường 14', 558, NOW());
insert into ExampleDb.address_ward  (id, name, district_id, created_at) values (8814, 'Phường 12', 558, NOW());
insert into ExampleDb.address_ward  (id, name, district_id, created_at) values (8815, 'Phường 11', 558, NOW());
insert into ExampleDb.address_ward  (id, name, district_id, created_at) values (8816, 'Phường 13', 558, NOW());
insert into ExampleDb.address_ward  (id, name, district_id, created_at) values (8817, 'Phường Võ Thị Sáu', 558, NOW());
insert into ExampleDb.address_ward  (id, name, district_id, created_at) values (8818, 'Phường 09', 558, NOW());
insert into ExampleDb.address_ward  (id, name, district_id, created_at) values (8819, 'Phường 10', 558, NOW());
insert into ExampleDb.address_ward  (id, name, district_id, created_at) values (8820, 'Phường 04', 558, NOW());
insert into ExampleDb.address_ward  (id, name, district_id, created_at) values (8821, 'Phường 05', 558, NOW());
insert into ExampleDb.address_ward  (id, name, district_id, created_at) values (8822, 'Phường 03', 558, NOW());
insert into ExampleDb.address_ward  (id, name, district_id, created_at) values (8823, 'Phường 02', 558, NOW());
insert into ExampleDb.address_ward  (id, name, district_id, created_at) values (8824, 'Phường 01', 558, NOW());
insert into ExampleDb.address_district  (id, name, province_id, created_at) values (559, 'Quận 10', 50, NOW());
insert into ExampleDb.address_ward  (id, name, district_id, created_at) values (8825, 'Phường 15', 559, NOW());
insert into ExampleDb.address_ward  (id, name, district_id, created_at) values (8826, 'Phường 13', 559, NOW());
insert into ExampleDb.address_ward  (id, name, district_id, created_at) values (8827, 'Phường 14', 559, NOW());
insert into ExampleDb.address_ward  (id, name, district_id, created_at) values (8828, 'Phường 12', 559, NOW());
insert into ExampleDb.address_ward  (id, name, district_id, created_at) values (8829, 'Phường 11', 559, NOW());
insert into ExampleDb.address_ward  (id, name, district_id, created_at) values (8830, 'Phường 10', 559, NOW());
insert into ExampleDb.address_ward  (id, name, district_id, created_at) values (8831, 'Phường 09', 559, NOW());
insert into ExampleDb.address_ward  (id, name, district_id, created_at) values (8832, 'Phường 01', 559, NOW());
insert into ExampleDb.address_ward  (id, name, district_id, created_at) values (8833, 'Phường 08', 559, NOW());
insert into ExampleDb.address_ward  (id, name, district_id, created_at) values (8834, 'Phường 02', 559, NOW());
insert into ExampleDb.address_ward  (id, name, district_id, created_at) values (8835, 'Phường 04', 559, NOW());
insert into ExampleDb.address_ward  (id, name, district_id, created_at) values (8836, 'Phường 07', 559, NOW());
insert into ExampleDb.address_ward  (id, name, district_id, created_at) values (8837, 'Phường 05', 559, NOW());
insert into ExampleDb.address_ward  (id, name, district_id, created_at) values (8838, 'Phường 06', 559, NOW());
insert into ExampleDb.address_district  (id, name, province_id, created_at) values (560, 'Quận 11', 50, NOW());
insert into ExampleDb.address_ward  (id, name, district_id, created_at) values (8839, 'Phường 15', 560, NOW());
insert into ExampleDb.address_ward  (id, name, district_id, created_at) values (8840, 'Phường 05', 560, NOW());
insert into ExampleDb.address_ward  (id, name, district_id, created_at) values (8841, 'Phường 14', 560, NOW());
insert into ExampleDb.address_ward  (id, name, district_id, created_at) values (8842, 'Phường 11', 560, NOW());
insert into ExampleDb.address_ward  (id, name, district_id, created_at) values (8843, 'Phường 03', 560, NOW());
insert into ExampleDb.address_ward  (id, name, district_id, created_at) values (8844, 'Phường 10', 560, NOW());
insert into ExampleDb.address_ward  (id, name, district_id, created_at) values (8845, 'Phường 13', 560, NOW());
insert into ExampleDb.address_ward  (id, name, district_id, created_at) values (8846, 'Phường 08', 560, NOW());
insert into ExampleDb.address_ward  (id, name, district_id, created_at) values (8847, 'Phường 09', 560, NOW());
insert into ExampleDb.address_ward  (id, name, district_id, created_at) values (8848, 'Phường 12', 560, NOW());
insert into ExampleDb.address_ward  (id, name, district_id, created_at) values (8849, 'Phường 07', 560, NOW());
insert into ExampleDb.address_ward  (id, name, district_id, created_at) values (8850, 'Phường 06', 560, NOW());
insert into ExampleDb.address_ward  (id, name, district_id, created_at) values (8851, 'Phường 04', 560, NOW());
insert into ExampleDb.address_ward  (id, name, district_id, created_at) values (8852, 'Phường 01', 560, NOW());
insert into ExampleDb.address_ward  (id, name, district_id, created_at) values (8853, 'Phường 02', 560, NOW());
insert into ExampleDb.address_ward  (id, name, district_id, created_at) values (8854, 'Phường 16', 560, NOW());
insert into ExampleDb.address_district  (id, name, province_id, created_at) values (561, 'Quận 4', 50, NOW());
insert into ExampleDb.address_ward  (id, name, district_id, created_at) values (8855, 'Phường 13', 561, NOW());
insert into ExampleDb.address_ward  (id, name, district_id, created_at) values (8856, 'Phường 09', 561, NOW());
insert into ExampleDb.address_ward  (id, name, district_id, created_at) values (8857, 'Phường 06', 561, NOW());
insert into ExampleDb.address_ward  (id, name, district_id, created_at) values (8858, 'Phường 08', 561, NOW());
insert into ExampleDb.address_ward  (id, name, district_id, created_at) values (8859, 'Phường 10', 561, NOW());
insert into ExampleDb.address_ward  (id, name, district_id, created_at) values (8860, 'Phường 18', 561, NOW());
insert into ExampleDb.address_ward  (id, name, district_id, created_at) values (8861, 'Phường 14', 561, NOW());
insert into ExampleDb.address_ward  (id, name, district_id, created_at) values (8862, 'Phường 04', 561, NOW());
insert into ExampleDb.address_ward  (id, name, district_id, created_at) values (8863, 'Phường 03', 561, NOW());
insert into ExampleDb.address_ward  (id, name, district_id, created_at) values (8864, 'Phường 16', 561, NOW());
insert into ExampleDb.address_ward  (id, name, district_id, created_at) values (8865, 'Phường 02', 561, NOW());
insert into ExampleDb.address_ward  (id, name, district_id, created_at) values (8866, 'Phường 15', 561, NOW());
insert into ExampleDb.address_ward  (id, name, district_id, created_at) values (8867, 'Phường 01', 561, NOW());
insert into ExampleDb.address_district  (id, name, province_id, created_at) values (562, 'Quận 5', 50, NOW());
insert into ExampleDb.address_ward  (id, name, district_id, created_at) values (8868, 'Phường 04', 562, NOW());
insert into ExampleDb.address_ward  (id, name, district_id, created_at) values (8869, 'Phường 09', 562, NOW());
insert into ExampleDb.address_ward  (id, name, district_id, created_at) values (8870, 'Phường 03', 562, NOW());
insert into ExampleDb.address_ward  (id, name, district_id, created_at) values (8871, 'Phường 12', 562, NOW());
insert into ExampleDb.address_ward  (id, name, district_id, created_at) values (8872, 'Phường 02', 562, NOW());
insert into ExampleDb.address_ward  (id, name, district_id, created_at) values (8873, 'Phường 08', 562, NOW());
insert into ExampleDb.address_ward  (id, name, district_id, created_at) values (8874, 'Phường 07', 562, NOW());
insert into ExampleDb.address_ward  (id, name, district_id, created_at) values (8875, 'Phường 01', 562, NOW());
insert into ExampleDb.address_ward  (id, name, district_id, created_at) values (8876, 'Phường 11', 562, NOW());
insert into ExampleDb.address_ward  (id, name, district_id, created_at) values (8877, 'Phường 14', 562, NOW());
insert into ExampleDb.address_ward  (id, name, district_id, created_at) values (8878, 'Phường 05', 562, NOW());
insert into ExampleDb.address_ward  (id, name, district_id, created_at) values (8879, 'Phường 06', 562, NOW());
insert into ExampleDb.address_ward  (id, name, district_id, created_at) values (8880, 'Phường 10', 562, NOW());
insert into ExampleDb.address_ward  (id, name, district_id, created_at) values (8881, 'Phường 13', 562, NOW());
insert into ExampleDb.address_district  (id, name, province_id, created_at) values (563, 'Quận 6', 50, NOW());
insert into ExampleDb.address_ward  (id, name, district_id, created_at) values (8882, 'Phường 14', 563, NOW());
insert into ExampleDb.address_ward  (id, name, district_id, created_at) values (8883, 'Phường 13', 563, NOW());
insert into ExampleDb.address_ward  (id, name, district_id, created_at) values (8884, 'Phường 09', 563, NOW());
insert into ExampleDb.address_ward  (id, name, district_id, created_at) values (8885, 'Phường 06', 563, NOW());
insert into ExampleDb.address_ward  (id, name, district_id, created_at) values (8886, 'Phường 12', 563, NOW());
insert into ExampleDb.address_ward  (id, name, district_id, created_at) values (8887, 'Phường 05', 563, NOW());
insert into ExampleDb.address_ward  (id, name, district_id, created_at) values (8888, 'Phường 11', 563, NOW());
insert into ExampleDb.address_ward  (id, name, district_id, created_at) values (8889, 'Phường 02', 563, NOW());
insert into ExampleDb.address_ward  (id, name, district_id, created_at) values (8890, 'Phường 01', 563, NOW());
insert into ExampleDb.address_ward  (id, name, district_id, created_at) values (8891, 'Phường 04', 563, NOW());
insert into ExampleDb.address_ward  (id, name, district_id, created_at) values (8892, 'Phường 08', 563, NOW());
insert into ExampleDb.address_ward  (id, name, district_id, created_at) values (8893, 'Phường 03', 563, NOW());
insert into ExampleDb.address_ward  (id, name, district_id, created_at) values (8894, 'Phường 07', 563, NOW());
insert into ExampleDb.address_ward  (id, name, district_id, created_at) values (8895, 'Phường 10', 563, NOW());
insert into ExampleDb.address_district  (id, name, province_id, created_at) values (564, 'Quận 8', 50, NOW());
insert into ExampleDb.address_ward  (id, name, district_id, created_at) values (8896, 'Phường 08', 564, NOW());
insert into ExampleDb.address_ward  (id, name, district_id, created_at) values (8897, 'Phường 02', 564, NOW());
insert into ExampleDb.address_ward  (id, name, district_id, created_at) values (8898, 'Phường 01', 564, NOW());
insert into ExampleDb.address_ward  (id, name, district_id, created_at) values (8899, 'Phường 03', 564, NOW());
insert into ExampleDb.address_ward  (id, name, district_id, created_at) values (8900, 'Phường 11', 564, NOW());
insert into ExampleDb.address_ward  (id, name, district_id, created_at) values (8901, 'Phường 09', 564, NOW());
insert into ExampleDb.address_ward  (id, name, district_id, created_at) values (8902, 'Phường 10', 564, NOW());
insert into ExampleDb.address_ward  (id, name, district_id, created_at) values (8903, 'Phường 04', 564, NOW());
insert into ExampleDb.address_ward  (id, name, district_id, created_at) values (8904, 'Phường 13', 564, NOW());
insert into ExampleDb.address_ward  (id, name, district_id, created_at) values (8905, 'Phường 12', 564, NOW());
insert into ExampleDb.address_ward  (id, name, district_id, created_at) values (8906, 'Phường 05', 564, NOW());
insert into ExampleDb.address_ward  (id, name, district_id, created_at) values (8907, 'Phường 14', 564, NOW());
insert into ExampleDb.address_ward  (id, name, district_id, created_at) values (8908, 'Phường 06', 564, NOW());
insert into ExampleDb.address_ward  (id, name, district_id, created_at) values (8909, 'Phường 15', 564, NOW());
insert into ExampleDb.address_ward  (id, name, district_id, created_at) values (8910, 'Phường 16', 564, NOW());
insert into ExampleDb.address_ward  (id, name, district_id, created_at) values (8911, 'Phường 07', 564, NOW());
insert into ExampleDb.address_district  (id, name, province_id, created_at) values (565, 'Quận Bình Tân', 50, NOW());
insert into ExampleDb.address_ward  (id, name, district_id, created_at) values (8912, 'Phường Bình Hưng Hòa', 565, NOW());
insert into ExampleDb.address_ward  (id, name, district_id, created_at) values (8913, 'Phường Bình Hưng Hoà A', 565, NOW());
insert into ExampleDb.address_ward  (id, name, district_id, created_at) values (8914, 'Phường Bình Hưng Hoà B', 565, NOW());
insert into ExampleDb.address_ward  (id, name, district_id, created_at) values (8915, 'Phường Bình Trị Đông', 565, NOW());
insert into ExampleDb.address_ward  (id, name, district_id, created_at) values (8916, 'Phường Bình Trị Đông A', 565, NOW());
insert into ExampleDb.address_ward  (id, name, district_id, created_at) values (8917, 'Phường Bình Trị Đông B', 565, NOW());
insert into ExampleDb.address_ward  (id, name, district_id, created_at) values (8918, 'Phường Tân Tạo', 565, NOW());
insert into ExampleDb.address_ward  (id, name, district_id, created_at) values (8919, 'Phường Tân Tạo A', 565, NOW());
insert into ExampleDb.address_ward  (id, name, district_id, created_at) values (8920, 'Phường  An Lạc', 565, NOW());
insert into ExampleDb.address_ward  (id, name, district_id, created_at) values (8921, 'Phường An Lạc A', 565, NOW());
insert into ExampleDb.address_district  (id, name, province_id, created_at) values (566, 'Quận 7', 50, NOW());
insert into ExampleDb.address_ward  (id, name, district_id, created_at) values (8922, 'Phường Tân Thuận Đông', 566, NOW());
insert into ExampleDb.address_ward  (id, name, district_id, created_at) values (8923, 'Phường Tân Thuận Tây', 566, NOW());
insert into ExampleDb.address_ward  (id, name, district_id, created_at) values (8924, 'Phường Tân Kiểng', 566, NOW());
insert into ExampleDb.address_ward  (id, name, district_id, created_at) values (8925, 'Phường Tân Hưng', 566, NOW());
insert into ExampleDb.address_ward  (id, name, district_id, created_at) values (8926, 'Phường Bình Thuận', 566, NOW());
insert into ExampleDb.address_ward  (id, name, district_id, created_at) values (8927, 'Phường Tân Quy', 566, NOW());
insert into ExampleDb.address_ward  (id, name, district_id, created_at) values (8928, 'Phường Phú Thuận', 566, NOW());
insert into ExampleDb.address_ward  (id, name, district_id, created_at) values (8929, 'Phường Tân Phú', 566, NOW());
insert into ExampleDb.address_ward  (id, name, district_id, created_at) values (8930, 'Phường Tân Phong', 566, NOW());
insert into ExampleDb.address_ward  (id, name, district_id, created_at) values (8931, 'Phường Phú Mỹ', 566, NOW());
insert into ExampleDb.address_district  (id, name, province_id, created_at) values (567, 'Huyện Củ Chi', 50, NOW());
insert into ExampleDb.address_ward  (id, name, district_id, created_at) values (8932, 'Thị trấn Củ Chi', 567, NOW());
insert into ExampleDb.address_ward  (id, name, district_id, created_at) values (8933, 'Xã Phú Mỹ Hưng', 567, NOW());
insert into ExampleDb.address_ward  (id, name, district_id, created_at) values (8934, 'Xã An Phú', 567, NOW());
insert into ExampleDb.address_ward  (id, name, district_id, created_at) values (8935, 'Xã Trung Lập Thượng', 567, NOW());
insert into ExampleDb.address_ward  (id, name, district_id, created_at) values (8936, 'Xã An Nhơn Tây', 567, NOW());
insert into ExampleDb.address_ward  (id, name, district_id, created_at) values (8937, 'Xã Nhuận Đức', 567, NOW());
insert into ExampleDb.address_ward  (id, name, district_id, created_at) values (8938, 'Xã Phạm Văn Cội', 567, NOW());
insert into ExampleDb.address_ward  (id, name, district_id, created_at) values (8939, 'Xã Phú Hòa Đông', 567, NOW());
insert into ExampleDb.address_ward  (id, name, district_id, created_at) values (8940, 'Xã Trung Lập Hạ', 567, NOW());
insert into ExampleDb.address_ward  (id, name, district_id, created_at) values (8941, 'Xã Trung An', 567, NOW());
insert into ExampleDb.address_ward  (id, name, district_id, created_at) values (8942, 'Xã Phước Thạnh', 567, NOW());
insert into ExampleDb.address_ward  (id, name, district_id, created_at) values (8943, 'Xã Phước Hiệp', 567, NOW());
insert into ExampleDb.address_ward  (id, name, district_id, created_at) values (8944, 'Xã Tân An Hội', 567, NOW());
insert into ExampleDb.address_ward  (id, name, district_id, created_at) values (8945, 'Xã Phước Vĩnh An', 567, NOW());
insert into ExampleDb.address_ward  (id, name, district_id, created_at) values (8946, 'Xã Thái Mỹ', 567, NOW());
insert into ExampleDb.address_ward  (id, name, district_id, created_at) values (8947, 'Xã Tân Thạnh Tây', 567, NOW());
insert into ExampleDb.address_ward  (id, name, district_id, created_at) values (8948, 'Xã Hòa Phú', 567, NOW());
insert into ExampleDb.address_ward  (id, name, district_id, created_at) values (8949, 'Xã Tân Thạnh Đông', 567, NOW());
insert into ExampleDb.address_ward  (id, name, district_id, created_at) values (8950, 'Xã Bình Mỹ', 567, NOW());
insert into ExampleDb.address_ward  (id, name, district_id, created_at) values (8951, 'Xã Tân Phú Trung', 567, NOW());
insert into ExampleDb.address_ward  (id, name, district_id, created_at) values (8952, 'Xã Tân Thông Hội', 567, NOW());
insert into ExampleDb.address_district  (id, name, province_id, created_at) values (568, 'Huyện Hóc Môn', 50, NOW());
insert into ExampleDb.address_ward  (id, name, district_id, created_at) values (8953, 'Thị trấn Hóc Môn', 568, NOW());
insert into ExampleDb.address_ward  (id, name, district_id, created_at) values (8954, 'Xã Tân Hiệp', 568, NOW());
insert into ExampleDb.address_ward  (id, name, district_id, created_at) values (8955, 'Xã Nhị Bình', 568, NOW());
insert into ExampleDb.address_ward  (id, name, district_id, created_at) values (8956, 'Xã Đông Thạnh', 568, NOW());
insert into ExampleDb.address_ward  (id, name, district_id, created_at) values (8957, 'Xã Tân Thới Nhì', 568, NOW());
insert into ExampleDb.address_ward  (id, name, district_id, created_at) values (8958, 'Xã Thới Tam Thôn', 568, NOW());
insert into ExampleDb.address_ward  (id, name, district_id, created_at) values (8959, 'Xã Xuân Thới Sơn', 568, NOW());
insert into ExampleDb.address_ward  (id, name, district_id, created_at) values (8960, 'Xã Tân Xuân', 568, NOW());
insert into ExampleDb.address_ward  (id, name, district_id, created_at) values (8961, 'Xã Xuân Thới Đông', 568, NOW());
insert into ExampleDb.address_ward  (id, name, district_id, created_at) values (8962, 'Xã Trung Chánh', 568, NOW());
insert into ExampleDb.address_ward  (id, name, district_id, created_at) values (8963, 'Xã Xuân Thới Thượng', 568, NOW());
insert into ExampleDb.address_ward  (id, name, district_id, created_at) values (8964, 'Xã Bà Điểm', 568, NOW());
insert into ExampleDb.address_district  (id, name, province_id, created_at) values (569, 'Huyện Bình Chánh', 50, NOW());
insert into ExampleDb.address_ward  (id, name, district_id, created_at) values (8965, 'Thị trấn Tân Túc', 569, NOW());
insert into ExampleDb.address_ward  (id, name, district_id, created_at) values (8966, 'Xã Phạm Văn Hai', 569, NOW());
insert into ExampleDb.address_ward  (id, name, district_id, created_at) values (8967, 'Xã Vĩnh Lộc A', 569, NOW());
insert into ExampleDb.address_ward  (id, name, district_id, created_at) values (8968, 'Xã Vĩnh Lộc B', 569, NOW());
insert into ExampleDb.address_ward  (id, name, district_id, created_at) values (8969, 'Xã Bình Lợi', 569, NOW());
insert into ExampleDb.address_ward  (id, name, district_id, created_at) values (8970, 'Xã Lê Minh Xuân', 569, NOW());
insert into ExampleDb.address_ward  (id, name, district_id, created_at) values (8971, 'Xã Tân Nhựt', 569, NOW());
insert into ExampleDb.address_ward  (id, name, district_id, created_at) values (8972, 'Xã Tân Kiên', 569, NOW());
insert into ExampleDb.address_ward  (id, name, district_id, created_at) values (8973, 'Xã Bình Hưng', 569, NOW());
insert into ExampleDb.address_ward  (id, name, district_id, created_at) values (8974, 'Xã Phong Phú', 569, NOW());
insert into ExampleDb.address_ward  (id, name, district_id, created_at) values (8975, 'Xã An Phú Tây', 569, NOW());
insert into ExampleDb.address_ward  (id, name, district_id, created_at) values (8976, 'Xã Hưng Long', 569, NOW());
insert into ExampleDb.address_ward  (id, name, district_id, created_at) values (8977, 'Xã Đa Phước', 569, NOW());
insert into ExampleDb.address_ward  (id, name, district_id, created_at) values (8978, 'Xã Tân Quý Tây', 569, NOW());
insert into ExampleDb.address_ward  (id, name, district_id, created_at) values (8979, 'Xã Bình Chánh', 569, NOW());
insert into ExampleDb.address_ward  (id, name, district_id, created_at) values (8980, 'Xã Quy Đức', 569, NOW());
insert into ExampleDb.address_district  (id, name, province_id, created_at) values (570, 'Huyện Nhà Bè', 50, NOW());
insert into ExampleDb.address_ward  (id, name, district_id, created_at) values (8981, 'Thị trấn Nhà Bè', 570, NOW());
insert into ExampleDb.address_ward  (id, name, district_id, created_at) values (8982, 'Xã Phước Kiển', 570, NOW());
insert into ExampleDb.address_ward  (id, name, district_id, created_at) values (8983, 'Xã Phước Lộc', 570, NOW());
insert into ExampleDb.address_ward  (id, name, district_id, created_at) values (8984, 'Xã Nhơn Đức', 570, NOW());
insert into ExampleDb.address_ward  (id, name, district_id, created_at) values (8985, 'Xã Phú Xuân', 570, NOW());
insert into ExampleDb.address_ward  (id, name, district_id, created_at) values (8986, 'Xã Long Thới', 570, NOW());
insert into ExampleDb.address_ward  (id, name, district_id, created_at) values (8987, 'Xã Hiệp Phước', 570, NOW());
insert into ExampleDb.address_district  (id, name, province_id, created_at) values (571, 'Huyện Cần Giờ', 50, NOW());
insert into ExampleDb.address_ward  (id, name, district_id, created_at) values (8988, 'Thị trấn Cần Thạnh', 571, NOW());
insert into ExampleDb.address_ward  (id, name, district_id, created_at) values (8989, 'Xã Bình Khánh', 571, NOW());
insert into ExampleDb.address_ward  (id, name, district_id, created_at) values (8990, 'Xã Tam Thôn Hiệp', 571, NOW());
insert into ExampleDb.address_ward  (id, name, district_id, created_at) values (8991, 'Xã An Thới Đông', 571, NOW());
insert into ExampleDb.address_ward  (id, name, district_id, created_at) values (8992, 'Xã Thạnh An', 571, NOW());
insert into ExampleDb.address_ward  (id, name, district_id, created_at) values (8993, 'Xã Long Hòa', 571, NOW());
insert into ExampleDb.address_ward  (id, name, district_id, created_at) values (8994, 'Xã Lý Nhơn', 571, NOW());
insert into ExampleDb.address_province (id, name, created_at) values (51, 'Tỉnh Long An', NOW());
insert into ExampleDb.address_district  (id, name, province_id, created_at) values (572, 'Thành phố Tân An', 51, NOW());
insert into ExampleDb.address_ward  (id, name, district_id, created_at) values (8995, 'Phường 5', 572, NOW());
insert into ExampleDb.address_ward  (id, name, district_id, created_at) values (8996, 'Phường 2', 572, NOW());
insert into ExampleDb.address_ward  (id, name, district_id, created_at) values (8997, 'Phường 4', 572, NOW());
insert into ExampleDb.address_ward  (id, name, district_id, created_at) values (8998, 'Phường Tân Khánh', 572, NOW());
insert into ExampleDb.address_ward  (id, name, district_id, created_at) values (8999, 'Phường 1', 572, NOW());
insert into ExampleDb.address_ward  (id, name, district_id, created_at) values (9000, 'Phường 3', 572, NOW());
insert into ExampleDb.address_ward  (id, name, district_id, created_at) values (9001, 'Phường 7', 572, NOW());
insert into ExampleDb.address_ward  (id, name, district_id, created_at) values (9002, 'Phường 6', 572, NOW());
insert into ExampleDb.address_ward  (id, name, district_id, created_at) values (9003, 'Xã Hướng Thọ Phú', 572, NOW());
insert into ExampleDb.address_ward  (id, name, district_id, created_at) values (9004, 'Xã Nhơn Thạnh Trung', 572, NOW());
insert into ExampleDb.address_ward  (id, name, district_id, created_at) values (9005, 'Xã Lợi Bình Nhơn', 572, NOW());
insert into ExampleDb.address_ward  (id, name, district_id, created_at) values (9006, 'Xã Bình Tâm', 572, NOW());
insert into ExampleDb.address_ward  (id, name, district_id, created_at) values (9007, 'Phường Khánh Hậu', 572, NOW());
insert into ExampleDb.address_ward  (id, name, district_id, created_at) values (9008, 'Xã An Vĩnh Ngãi', 572, NOW());
insert into ExampleDb.address_district  (id, name, province_id, created_at) values (573, 'Thị xã Kiến Tường', 51, NOW());
insert into ExampleDb.address_ward  (id, name, district_id, created_at) values (9009, 'Phường 1', 573, NOW());
insert into ExampleDb.address_ward  (id, name, district_id, created_at) values (9010, 'Phường 2', 573, NOW());
insert into ExampleDb.address_ward  (id, name, district_id, created_at) values (9011, 'Xã Thạnh Trị', 573, NOW());
insert into ExampleDb.address_ward  (id, name, district_id, created_at) values (9012, 'Xã Bình Hiệp', 573, NOW());
insert into ExampleDb.address_ward  (id, name, district_id, created_at) values (9013, 'Xã Bình Tân', 573, NOW());
insert into ExampleDb.address_ward  (id, name, district_id, created_at) values (9014, 'Xã Tuyên Thạnh', 573, NOW());
insert into ExampleDb.address_ward  (id, name, district_id, created_at) values (9015, 'Phường 3', 573, NOW());
insert into ExampleDb.address_ward  (id, name, district_id, created_at) values (9016, 'Xã Thạnh Hưng', 573, NOW());
insert into ExampleDb.address_district  (id, name, province_id, created_at) values (574, 'Huyện Tân Hưng', 51, NOW());
insert into ExampleDb.address_ward  (id, name, district_id, created_at) values (9017, 'Thị trấn Tân Hưng', 574, NOW());
insert into ExampleDb.address_ward  (id, name, district_id, created_at) values (9018, 'Xã Hưng Hà', 574, NOW());
insert into ExampleDb.address_ward  (id, name, district_id, created_at) values (9019, 'Xã Hưng Điền B', 574, NOW());
insert into ExampleDb.address_ward  (id, name, district_id, created_at) values (9020, 'Xã Hưng Điền', 574, NOW());
insert into ExampleDb.address_ward  (id, name, district_id, created_at) values (9021, 'Xã Thạnh Hưng', 574, NOW());
insert into ExampleDb.address_ward  (id, name, district_id, created_at) values (9022, 'Xã Hưng Thạnh', 574, NOW());
insert into ExampleDb.address_ward  (id, name, district_id, created_at) values (9023, 'Xã Vĩnh Thạnh', 574, NOW());
insert into ExampleDb.address_ward  (id, name, district_id, created_at) values (9024, 'Xã Vĩnh Châu B', 574, NOW());
insert into ExampleDb.address_ward  (id, name, district_id, created_at) values (9025, 'Xã Vĩnh Lợi', 574, NOW());
insert into ExampleDb.address_ward  (id, name, district_id, created_at) values (9026, 'Xã Vĩnh Đại', 574, NOW());
insert into ExampleDb.address_ward  (id, name, district_id, created_at) values (9027, 'Xã Vĩnh Châu A', 574, NOW());
insert into ExampleDb.address_ward  (id, name, district_id, created_at) values (9028, 'Xã Vĩnh Bửu', 574, NOW());
insert into ExampleDb.address_district  (id, name, province_id, created_at) values (575, 'Huyện Vĩnh Hưng', 51, NOW());
insert into ExampleDb.address_ward  (id, name, district_id, created_at) values (9029, 'Thị trấn Vĩnh Hưng', 575, NOW());
insert into ExampleDb.address_ward  (id, name, district_id, created_at) values (9030, 'Xã Hưng Điền A', 575, NOW());
insert into ExampleDb.address_ward  (id, name, district_id, created_at) values (9031, 'Xã Khánh Hưng', 575, NOW());
insert into ExampleDb.address_ward  (id, name, district_id, created_at) values (9032, 'Xã Thái Trị', 575, NOW());
insert into ExampleDb.address_ward  (id, name, district_id, created_at) values (9033, 'Xã Vĩnh Trị', 575, NOW());
insert into ExampleDb.address_ward  (id, name, district_id, created_at) values (9034, 'Xã Thái Bình Trung', 575, NOW());
insert into ExampleDb.address_ward  (id, name, district_id, created_at) values (9035, 'Xã Vĩnh Bình', 575, NOW());
insert into ExampleDb.address_ward  (id, name, district_id, created_at) values (9036, 'Xã Vĩnh Thuận', 575, NOW());
insert into ExampleDb.address_ward  (id, name, district_id, created_at) values (9037, 'Xã Tuyên Bình', 575, NOW());
insert into ExampleDb.address_ward  (id, name, district_id, created_at) values (9038, 'Xã Tuyên Bình Tây', 575, NOW());
insert into ExampleDb.address_district  (id, name, province_id, created_at) values (576, 'Huyện Mộc Hóa', 51, NOW());
insert into ExampleDb.address_ward  (id, name, district_id, created_at) values (9039, 'Xã Bình Hòa Tây', 576, NOW());
insert into ExampleDb.address_ward  (id, name, district_id, created_at) values (9040, 'Xã Bình Thạnh', 576, NOW());
insert into ExampleDb.address_ward  (id, name, district_id, created_at) values (9041, 'Xã Bình Hòa Trung', 576, NOW());
insert into ExampleDb.address_ward  (id, name, district_id, created_at) values (9042, 'Xã Bình Hòa Đông', 576, NOW());
insert into ExampleDb.address_ward  (id, name, district_id, created_at) values (9043, 'Thị trấn Bình Phong Thạnh', 576, NOW());
insert into ExampleDb.address_ward  (id, name, district_id, created_at) values (9044, 'Xã Tân Lập', 576, NOW());
insert into ExampleDb.address_ward  (id, name, district_id, created_at) values (9045, 'Xã Tân Thành', 576, NOW());
insert into ExampleDb.address_district  (id, name, province_id, created_at) values (577, 'Huyện Tân Thạnh', 51, NOW());
insert into ExampleDb.address_ward  (id, name, district_id, created_at) values (9046, 'Thị trấn Tân Thạnh', 577, NOW());
insert into ExampleDb.address_ward  (id, name, district_id, created_at) values (9047, 'Xã Bắc Hòa', 577, NOW());
insert into ExampleDb.address_ward  (id, name, district_id, created_at) values (9048, 'Xã Hậu Thạnh Tây', 577, NOW());
insert into ExampleDb.address_ward  (id, name, district_id, created_at) values (9049, 'Xã Nhơn Hòa Lập', 577, NOW());
insert into ExampleDb.address_ward  (id, name, district_id, created_at) values (9050, 'Xã Tân Lập', 577, NOW());
insert into ExampleDb.address_ward  (id, name, district_id, created_at) values (9051, 'Xã Hậu Thạnh Đông', 577, NOW());
insert into ExampleDb.address_ward  (id, name, district_id, created_at) values (9052, 'Xã Nhơn Hoà', 577, NOW());
insert into ExampleDb.address_ward  (id, name, district_id, created_at) values (9053, 'Xã Kiến Bình', 577, NOW());
insert into ExampleDb.address_ward  (id, name, district_id, created_at) values (9054, 'Xã Tân Thành', 577, NOW());
insert into ExampleDb.address_ward  (id, name, district_id, created_at) values (9055, 'Xã Tân Bình', 577, NOW());
insert into ExampleDb.address_ward  (id, name, district_id, created_at) values (9056, 'Xã Tân Ninh', 577, NOW());
insert into ExampleDb.address_ward  (id, name, district_id, created_at) values (9057, 'Xã Nhơn Ninh', 577, NOW());
insert into ExampleDb.address_ward  (id, name, district_id, created_at) values (9058, 'Xã Tân Hòa', 577, NOW());
insert into ExampleDb.address_district  (id, name, province_id, created_at) values (578, 'Huyện Thạnh Hóa', 51, NOW());
insert into ExampleDb.address_ward  (id, name, district_id, created_at) values (9059, 'Thị trấn Thạnh Hóa', 578, NOW());
insert into ExampleDb.address_ward  (id, name, district_id, created_at) values (9060, 'Xã Tân Hiệp', 578, NOW());
insert into ExampleDb.address_ward  (id, name, district_id, created_at) values (9061, 'Xã Thuận Bình', 578, NOW());
insert into ExampleDb.address_ward  (id, name, district_id, created_at) values (9062, 'Xã Thạnh Phước', 578, NOW());
insert into ExampleDb.address_ward  (id, name, district_id, created_at) values (9063, 'Xã Thạnh Phú', 578, NOW());
insert into ExampleDb.address_ward  (id, name, district_id, created_at) values (9064, 'Xã Thuận Nghĩa Hòa', 578, NOW());
insert into ExampleDb.address_ward  (id, name, district_id, created_at) values (9065, 'Xã Thủy Đông', 578, NOW());
insert into ExampleDb.address_ward  (id, name, district_id, created_at) values (9066, 'Xã Thủy Tây', 578, NOW());
insert into ExampleDb.address_ward  (id, name, district_id, created_at) values (9067, 'Xã Tân Tây', 578, NOW());
insert into ExampleDb.address_ward  (id, name, district_id, created_at) values (9068, 'Xã Tân Đông', 578, NOW());
insert into ExampleDb.address_ward  (id, name, district_id, created_at) values (9069, 'Xã Thạnh An', 578, NOW());
insert into ExampleDb.address_district  (id, name, province_id, created_at) values (579, 'Huyện Đức Huệ', 51, NOW());
insert into ExampleDb.address_ward  (id, name, district_id, created_at) values (9070, 'Thị trấn Đông Thành', 579, NOW());
insert into ExampleDb.address_ward  (id, name, district_id, created_at) values (9071, 'Xã Mỹ Quý Đông', 579, NOW());
insert into ExampleDb.address_ward  (id, name, district_id, created_at) values (9072, 'Xã Mỹ Thạnh Bắc', 579, NOW());
insert into ExampleDb.address_ward  (id, name, district_id, created_at) values (9073, 'Xã Mỹ Quý Tây', 579, NOW());
insert into ExampleDb.address_ward  (id, name, district_id, created_at) values (9074, 'Xã Mỹ Thạnh Tây', 579, NOW());
insert into ExampleDb.address_ward  (id, name, district_id, created_at) values (9075, 'Xã Mỹ Thạnh Đông', 579, NOW());
insert into ExampleDb.address_ward  (id, name, district_id, created_at) values (9076, 'Xã Bình Thành', 579, NOW());
insert into ExampleDb.address_ward  (id, name, district_id, created_at) values (9077, 'Xã Bình Hòa Bắc', 579, NOW());
insert into ExampleDb.address_ward  (id, name, district_id, created_at) values (9078, 'Xã Bình Hòa Hưng', 579, NOW());
insert into ExampleDb.address_ward  (id, name, district_id, created_at) values (9079, 'Xã Bình Hòa Nam', 579, NOW());
insert into ExampleDb.address_ward  (id, name, district_id, created_at) values (9080, 'Xã Mỹ Bình', 579, NOW());
insert into ExampleDb.address_district  (id, name, province_id, created_at) values (580, 'Huyện Đức Hòa', 51, NOW());
insert into ExampleDb.address_ward  (id, name, district_id, created_at) values (9081, 'Thị trấn Hậu Nghĩa', 580, NOW());
insert into ExampleDb.address_ward  (id, name, district_id, created_at) values (9082, 'Thị trấn Hiệp Hòa', 580, NOW());
insert into ExampleDb.address_ward  (id, name, district_id, created_at) values (9083, 'Thị trấn Đức Hòa', 580, NOW());
insert into ExampleDb.address_ward  (id, name, district_id, created_at) values (9084, 'Xã Lộc Giang', 580, NOW());
insert into ExampleDb.address_ward  (id, name, district_id, created_at) values (9085, 'Xã An Ninh Đông', 580, NOW());
insert into ExampleDb.address_ward  (id, name, district_id, created_at) values (9086, 'Xã An Ninh Tây', 580, NOW());
insert into ExampleDb.address_ward  (id, name, district_id, created_at) values (9087, 'Xã Tân Mỹ', 580, NOW());
insert into ExampleDb.address_ward  (id, name, district_id, created_at) values (9088, 'Xã Hiệp Hòa', 580, NOW());
insert into ExampleDb.address_ward  (id, name, district_id, created_at) values (9089, 'Xã Đức Lập Thượng', 580, NOW());
insert into ExampleDb.address_ward  (id, name, district_id, created_at) values (9090, 'Xã Đức Lập Hạ', 580, NOW());
insert into ExampleDb.address_ward  (id, name, district_id, created_at) values (9091, 'Xã Tân Phú', 580, NOW());
insert into ExampleDb.address_ward  (id, name, district_id, created_at) values (9092, 'Xã Mỹ Hạnh Bắc', 580, NOW());
insert into ExampleDb.address_ward  (id, name, district_id, created_at) values (9093, 'Xã Đức Hòa Thượng', 580, NOW());
insert into ExampleDb.address_ward  (id, name, district_id, created_at) values (9094, 'Xã Hòa Khánh Tây', 580, NOW());
insert into ExampleDb.address_ward  (id, name, district_id, created_at) values (9095, 'Xã Hòa Khánh Đông', 580, NOW());
insert into ExampleDb.address_ward  (id, name, district_id, created_at) values (9096, 'Xã Mỹ Hạnh Nam', 580, NOW());
insert into ExampleDb.address_ward  (id, name, district_id, created_at) values (9097, 'Xã Hòa Khánh Nam', 580, NOW());
insert into ExampleDb.address_ward  (id, name, district_id, created_at) values (9098, 'Xã Đức Hòa Đông', 580, NOW());
insert into ExampleDb.address_ward  (id, name, district_id, created_at) values (9099, 'Xã Đức Hòa Hạ', 580, NOW());
insert into ExampleDb.address_ward  (id, name, district_id, created_at) values (9100, 'Xã Hựu Thạnh', 580, NOW());
insert into ExampleDb.address_district  (id, name, province_id, created_at) values (581, 'Huyện Bến Lức', 51, NOW());
insert into ExampleDb.address_ward  (id, name, district_id, created_at) values (9101, 'Thị trấn Bến Lức', 581, NOW());
insert into ExampleDb.address_ward  (id, name, district_id, created_at) values (9102, 'Xã Thạnh Lợi', 581, NOW());
insert into ExampleDb.address_ward  (id, name, district_id, created_at) values (9103, 'Xã Lương Bình', 581, NOW());
insert into ExampleDb.address_ward  (id, name, district_id, created_at) values (9104, 'Xã Thạnh Hòa', 581, NOW());
insert into ExampleDb.address_ward  (id, name, district_id, created_at) values (9105, 'Xã Lương Hòa', 581, NOW());
insert into ExampleDb.address_ward  (id, name, district_id, created_at) values (9106, 'Xã Tân Hòa', 581, NOW());
insert into ExampleDb.address_ward  (id, name, district_id, created_at) values (9107, 'Xã Tân Bửu', 581, NOW());
insert into ExampleDb.address_ward  (id, name, district_id, created_at) values (9108, 'Xã An Thạnh', 581, NOW());
insert into ExampleDb.address_ward  (id, name, district_id, created_at) values (9109, 'Xã Bình Đức', 581, NOW());
insert into ExampleDb.address_ward  (id, name, district_id, created_at) values (9110, 'Xã Mỹ Yên', 581, NOW());
insert into ExampleDb.address_ward  (id, name, district_id, created_at) values (9111, 'Xã Thanh Phú', 581, NOW());
insert into ExampleDb.address_ward  (id, name, district_id, created_at) values (9112, 'Xã Long Hiệp', 581, NOW());
insert into ExampleDb.address_ward  (id, name, district_id, created_at) values (9113, 'Xã Thạnh Đức', 581, NOW());
insert into ExampleDb.address_ward  (id, name, district_id, created_at) values (9114, 'Xã Phước Lợi', 581, NOW());
insert into ExampleDb.address_ward  (id, name, district_id, created_at) values (9115, 'Xã Nhựt Chánh', 581, NOW());
insert into ExampleDb.address_district  (id, name, province_id, created_at) values (582, 'Huyện Thủ Thừa', 51, NOW());
insert into ExampleDb.address_ward  (id, name, district_id, created_at) values (9116, 'Thị trấn Thủ Thừa', 582, NOW());
insert into ExampleDb.address_ward  (id, name, district_id, created_at) values (9117, 'Xã Long Thạnh', 582, NOW());
insert into ExampleDb.address_ward  (id, name, district_id, created_at) values (9118, 'Xã Tân Thành', 582, NOW());
insert into ExampleDb.address_ward  (id, name, district_id, created_at) values (9119, 'Xã Long Thuận', 582, NOW());
insert into ExampleDb.address_ward  (id, name, district_id, created_at) values (9120, 'Xã Mỹ Lạc', 582, NOW());
insert into ExampleDb.address_ward  (id, name, district_id, created_at) values (9121, 'Xã Mỹ Thạnh', 582, NOW());
insert into ExampleDb.address_ward  (id, name, district_id, created_at) values (9122, 'Xã Bình An', 582, NOW());
insert into ExampleDb.address_ward  (id, name, district_id, created_at) values (9123, 'Xã Nhị Thành', 582, NOW());
insert into ExampleDb.address_ward  (id, name, district_id, created_at) values (9124, 'Xã Mỹ An', 582, NOW());
insert into ExampleDb.address_ward  (id, name, district_id, created_at) values (9125, 'Xã Bình Thạnh', 582, NOW());
insert into ExampleDb.address_ward  (id, name, district_id, created_at) values (9126, 'Xã Mỹ Phú', 582, NOW());
insert into ExampleDb.address_ward  (id, name, district_id, created_at) values (9127, 'Xã Tân Long', 582, NOW());
insert into ExampleDb.address_district  (id, name, province_id, created_at) values (583, 'Huyện Tân Trụ', 51, NOW());
insert into ExampleDb.address_ward  (id, name, district_id, created_at) values (9128, 'Thị trấn Tân Trụ', 583, NOW());
insert into ExampleDb.address_ward  (id, name, district_id, created_at) values (9129, 'Xã Tân Bình', 583, NOW());
insert into ExampleDb.address_ward  (id, name, district_id, created_at) values (9130, 'Xã Quê Mỹ Thạnh', 583, NOW());
insert into ExampleDb.address_ward  (id, name, district_id, created_at) values (9131, 'Xã Lạc Tấn', 583, NOW());
insert into ExampleDb.address_ward  (id, name, district_id, created_at) values (9132, 'Xã Bình Trinh Đông', 583, NOW());
insert into ExampleDb.address_ward  (id, name, district_id, created_at) values (9133, 'Xã Tân Phước Tây', 583, NOW());
insert into ExampleDb.address_ward  (id, name, district_id, created_at) values (9134, 'Xã Bình Lãng', 583, NOW());
insert into ExampleDb.address_ward  (id, name, district_id, created_at) values (9135, 'Xã Bình Tịnh', 583, NOW());
insert into ExampleDb.address_ward  (id, name, district_id, created_at) values (9136, 'Xã Đức Tân', 583, NOW());
insert into ExampleDb.address_ward  (id, name, district_id, created_at) values (9137, 'Xã Nhựt Ninh', 583, NOW());
insert into ExampleDb.address_district  (id, name, province_id, created_at) values (584, 'Huyện Cần Đước', 51, NOW());
insert into ExampleDb.address_ward  (id, name, district_id, created_at) values (9138, 'Thị trấn Cần Đước', 584, NOW());
insert into ExampleDb.address_ward  (id, name, district_id, created_at) values (9139, 'Xã Long Trạch', 584, NOW());
insert into ExampleDb.address_ward  (id, name, district_id, created_at) values (9140, 'Xã Long Khê', 584, NOW());
insert into ExampleDb.address_ward  (id, name, district_id, created_at) values (9141, 'Xã Long Định', 584, NOW());
insert into ExampleDb.address_ward  (id, name, district_id, created_at) values (9142, 'Xã Phước Vân', 584, NOW());
insert into ExampleDb.address_ward  (id, name, district_id, created_at) values (9143, 'Xã Long Hòa', 584, NOW());
insert into ExampleDb.address_ward  (id, name, district_id, created_at) values (9144, 'Xã Long Cang', 584, NOW());
insert into ExampleDb.address_ward  (id, name, district_id, created_at) values (9145, 'Xã Long Sơn', 584, NOW());
insert into ExampleDb.address_ward  (id, name, district_id, created_at) values (9146, 'Xã Tân Trạch', 584, NOW());
insert into ExampleDb.address_ward  (id, name, district_id, created_at) values (9147, 'Xã Mỹ Lệ', 584, NOW());
insert into ExampleDb.address_ward  (id, name, district_id, created_at) values (9148, 'Xã Tân Lân', 584, NOW());
insert into ExampleDb.address_ward  (id, name, district_id, created_at) values (9149, 'Xã Phước Tuy', 584, NOW());
insert into ExampleDb.address_ward  (id, name, district_id, created_at) values (9150, 'Xã Long Hựu Đông', 584, NOW());
insert into ExampleDb.address_ward  (id, name, district_id, created_at) values (9151, 'Xã Tân Ân', 584, NOW());
insert into ExampleDb.address_ward  (id, name, district_id, created_at) values (9152, 'Xã Phước Đông', 584, NOW());
insert into ExampleDb.address_ward  (id, name, district_id, created_at) values (9153, 'Xã Long Hựu Tây', 584, NOW());
insert into ExampleDb.address_ward  (id, name, district_id, created_at) values (9154, 'Xã Tân Chánh', 584, NOW());
insert into ExampleDb.address_district  (id, name, province_id, created_at) values (585, 'Huyện Cần Giuộc', 51, NOW());
insert into ExampleDb.address_ward  (id, name, district_id, created_at) values (9155, 'Thị trấn Cần Giuộc', 585, NOW());
insert into ExampleDb.address_ward  (id, name, district_id, created_at) values (9156, 'Xã Phước Lý', 585, NOW());
insert into ExampleDb.address_ward  (id, name, district_id, created_at) values (9157, 'Xã Long Thượng', 585, NOW());
insert into ExampleDb.address_ward  (id, name, district_id, created_at) values (9158, 'Xã Long Hậu', 585, NOW());
insert into ExampleDb.address_ward  (id, name, district_id, created_at) values (9159, 'Xã Phước Hậu', 585, NOW());
insert into ExampleDb.address_ward  (id, name, district_id, created_at) values (9160, 'Xã Mỹ Lộc', 585, NOW());
insert into ExampleDb.address_ward  (id, name, district_id, created_at) values (9161, 'Xã Phước Lại', 585, NOW());
insert into ExampleDb.address_ward  (id, name, district_id, created_at) values (9162, 'Xã Phước Lâm', 585, NOW());
insert into ExampleDb.address_ward  (id, name, district_id, created_at) values (9163, 'Xã Thuận Thành', 585, NOW());
insert into ExampleDb.address_ward  (id, name, district_id, created_at) values (9164, 'Xã Phước Vĩnh Tây', 585, NOW());
insert into ExampleDb.address_ward  (id, name, district_id, created_at) values (9165, 'Xã Phước Vĩnh Đông', 585, NOW());
insert into ExampleDb.address_ward  (id, name, district_id, created_at) values (9166, 'Xã Long An', 585, NOW());
insert into ExampleDb.address_ward  (id, name, district_id, created_at) values (9167, 'Xã Long Phụng', 585, NOW());
insert into ExampleDb.address_ward  (id, name, district_id, created_at) values (9168, 'Xã Đông Thạnh', 585, NOW());
insert into ExampleDb.address_ward  (id, name, district_id, created_at) values (9169, 'Xã Tân Tập', 585, NOW());
insert into ExampleDb.address_district  (id, name, province_id, created_at) values (586, 'Huyện Châu Thành', 51, NOW());
insert into ExampleDb.address_ward  (id, name, district_id, created_at) values (9170, 'Thị trấn Tầm Vu', 586, NOW());
insert into ExampleDb.address_ward  (id, name, district_id, created_at) values (9171, 'Xã Bình Quới', 586, NOW());
insert into ExampleDb.address_ward  (id, name, district_id, created_at) values (9172, 'Xã Hòa Phú', 586, NOW());
insert into ExampleDb.address_ward  (id, name, district_id, created_at) values (9173, 'Xã Phú Ngãi Trị', 586, NOW());
insert into ExampleDb.address_ward  (id, name, district_id, created_at) values (9174, 'Xã Vĩnh Công', 586, NOW());
insert into ExampleDb.address_ward  (id, name, district_id, created_at) values (9175, 'Xã Thuận Mỹ', 586, NOW());
insert into ExampleDb.address_ward  (id, name, district_id, created_at) values (9176, 'Xã Hiệp Thạnh', 586, NOW());
insert into ExampleDb.address_ward  (id, name, district_id, created_at) values (9177, 'Xã Phước Tân Hưng', 586, NOW());
insert into ExampleDb.address_ward  (id, name, district_id, created_at) values (9178, 'Xã Thanh Phú Long', 586, NOW());
insert into ExampleDb.address_ward  (id, name, district_id, created_at) values (9179, 'Xã Dương Xuân Hội', 586, NOW());
insert into ExampleDb.address_ward  (id, name, district_id, created_at) values (9180, 'Xã An Lục Long', 586, NOW());
insert into ExampleDb.address_ward  (id, name, district_id, created_at) values (9181, 'Xã Long Trì', 586, NOW());
insert into ExampleDb.address_ward  (id, name, district_id, created_at) values (9182, 'Xã Thanh Vĩnh Đông', 586, NOW());
insert into ExampleDb.address_province (id, name, created_at) values (52, 'Tỉnh Tiền Giang', NOW());
insert into ExampleDb.address_district  (id, name, province_id, created_at) values (587, 'Thành phố Mỹ Tho', 52, NOW());
insert into ExampleDb.address_ward  (id, name, district_id, created_at) values (9183, 'Phường 5', 587, NOW());
insert into ExampleDb.address_ward  (id, name, district_id, created_at) values (9184, 'Phường 4', 587, NOW());
insert into ExampleDb.address_ward  (id, name, district_id, created_at) values (9185, 'Phường 7', 587, NOW());
insert into ExampleDb.address_ward  (id, name, district_id, created_at) values (9186, 'Phường 3', 587, NOW());
insert into ExampleDb.address_ward  (id, name, district_id, created_at) values (9187, 'Phường 1', 587, NOW());
insert into ExampleDb.address_ward  (id, name, district_id, created_at) values (9188, 'Phường 2', 587, NOW());
insert into ExampleDb.address_ward  (id, name, district_id, created_at) values (9189, 'Phường 8', 587, NOW());
insert into ExampleDb.address_ward  (id, name, district_id, created_at) values (9190, 'Phường 6', 587, NOW());
insert into ExampleDb.address_ward  (id, name, district_id, created_at) values (9191, 'Phường 9', 587, NOW());
insert into ExampleDb.address_ward  (id, name, district_id, created_at) values (9192, 'Phường 10', 587, NOW());
insert into ExampleDb.address_ward  (id, name, district_id, created_at) values (9193, 'Phường Tân Long', 587, NOW());
insert into ExampleDb.address_ward  (id, name, district_id, created_at) values (9194, 'Xã Đạo Thạnh', 587, NOW());
insert into ExampleDb.address_ward  (id, name, district_id, created_at) values (9195, 'Xã Trung An', 587, NOW());
insert into ExampleDb.address_ward  (id, name, district_id, created_at) values (9196, 'Xã Mỹ Phong', 587, NOW());
insert into ExampleDb.address_ward  (id, name, district_id, created_at) values (9197, 'Xã Tân Mỹ Chánh', 587, NOW());
insert into ExampleDb.address_ward  (id, name, district_id, created_at) values (9198, 'Xã Phước Thạnh', 587, NOW());
insert into ExampleDb.address_ward  (id, name, district_id, created_at) values (9199, 'Xã Thới Sơn', 587, NOW());
insert into ExampleDb.address_district  (id, name, province_id, created_at) values (588, 'Thị xã Gò Công', 52, NOW());
insert into ExampleDb.address_ward  (id, name, district_id, created_at) values (9200, 'Phường 3', 588, NOW());
insert into ExampleDb.address_ward  (id, name, district_id, created_at) values (9201, 'Phường 2', 588, NOW());
insert into ExampleDb.address_ward  (id, name, district_id, created_at) values (9202, 'Phường 4', 588, NOW());
insert into ExampleDb.address_ward  (id, name, district_id, created_at) values (9203, 'Phường 1', 588, NOW());
insert into ExampleDb.address_ward  (id, name, district_id, created_at) values (9204, 'Phường 5', 588, NOW());
insert into ExampleDb.address_ward  (id, name, district_id, created_at) values (9205, 'Xã Long Hưng', 588, NOW());
insert into ExampleDb.address_ward  (id, name, district_id, created_at) values (9206, 'Xã Long Thuận', 588, NOW());
insert into ExampleDb.address_ward  (id, name, district_id, created_at) values (9207, 'Xã Long Chánh', 588, NOW());
insert into ExampleDb.address_ward  (id, name, district_id, created_at) values (9208, 'Xã Long Hòa', 588, NOW());
insert into ExampleDb.address_ward  (id, name, district_id, created_at) values (9209, 'Xã Bình Đông', 588, NOW());
insert into ExampleDb.address_ward  (id, name, district_id, created_at) values (9210, 'Xã Bình Xuân', 588, NOW());
insert into ExampleDb.address_ward  (id, name, district_id, created_at) values (9211, 'Xã Tân Trung', 588, NOW());
insert into ExampleDb.address_district  (id, name, province_id, created_at) values (589, 'Thị xã Cai Lậy', 52, NOW());
insert into ExampleDb.address_ward  (id, name, district_id, created_at) values (9212, 'Phường 1', 589, NOW());
insert into ExampleDb.address_ward  (id, name, district_id, created_at) values (9213, 'Phường 2', 589, NOW());
insert into ExampleDb.address_ward  (id, name, district_id, created_at) values (9214, 'Phường 3', 589, NOW());
insert into ExampleDb.address_ward  (id, name, district_id, created_at) values (9215, 'Phường 4', 589, NOW());
insert into ExampleDb.address_ward  (id, name, district_id, created_at) values (9216, 'Phường 5', 589, NOW());
insert into ExampleDb.address_ward  (id, name, district_id, created_at) values (9217, 'Xã Mỹ Phước Tây', 589, NOW());
insert into ExampleDb.address_ward  (id, name, district_id, created_at) values (9218, 'Xã Mỹ Hạnh Đông', 589, NOW());
insert into ExampleDb.address_ward  (id, name, district_id, created_at) values (9219, 'Xã Mỹ Hạnh Trung', 589, NOW());
insert into ExampleDb.address_ward  (id, name, district_id, created_at) values (9220, 'Xã Tân Phú', 589, NOW());
insert into ExampleDb.address_ward  (id, name, district_id, created_at) values (9221, 'Xã Tân Bình', 589, NOW());
insert into ExampleDb.address_ward  (id, name, district_id, created_at) values (9222, 'Xã Tân Hội', 589, NOW());
insert into ExampleDb.address_ward  (id, name, district_id, created_at) values (9223, 'Phường Nhị Mỹ', 589, NOW());
insert into ExampleDb.address_ward  (id, name, district_id, created_at) values (9224, 'Xã Nhị Quý', 589, NOW());
insert into ExampleDb.address_ward  (id, name, district_id, created_at) values (9225, 'Xã Thanh Hòa', 589, NOW());
insert into ExampleDb.address_ward  (id, name, district_id, created_at) values (9226, 'Xã Phú Quý', 589, NOW());
insert into ExampleDb.address_ward  (id, name, district_id, created_at) values (9227, 'Xã Long Khánh', 589, NOW());
insert into ExampleDb.address_district  (id, name, province_id, created_at) values (590, 'Huyện Tân Phước', 52, NOW());
insert into ExampleDb.address_ward  (id, name, district_id, created_at) values (9228, 'Thị trấn Mỹ Phước', 590, NOW());
insert into ExampleDb.address_ward  (id, name, district_id, created_at) values (9229, 'Xã Tân Hòa Đông', 590, NOW());
insert into ExampleDb.address_ward  (id, name, district_id, created_at) values (9230, 'Xã Thạnh Tân', 590, NOW());
insert into ExampleDb.address_ward  (id, name, district_id, created_at) values (9231, 'Xã Thạnh Mỹ', 590, NOW());
insert into ExampleDb.address_ward  (id, name, district_id, created_at) values (9232, 'Xã Thạnh Hoà', 590, NOW());
insert into ExampleDb.address_ward  (id, name, district_id, created_at) values (9233, 'Xã Phú Mỹ', 590, NOW());
insert into ExampleDb.address_ward  (id, name, district_id, created_at) values (9234, 'Xã Tân Hòa Thành', 590, NOW());
insert into ExampleDb.address_ward  (id, name, district_id, created_at) values (9235, 'Xã Hưng Thạnh', 590, NOW());
insert into ExampleDb.address_ward  (id, name, district_id, created_at) values (9236, 'Xã Tân Lập 1', 590, NOW());
insert into ExampleDb.address_ward  (id, name, district_id, created_at) values (9237, 'Xã Tân Hòa Tây', 590, NOW());
insert into ExampleDb.address_ward  (id, name, district_id, created_at) values (9238, 'Xã Tân Lập 2', 590, NOW());
insert into ExampleDb.address_ward  (id, name, district_id, created_at) values (9239, 'Xã Phước Lập', 590, NOW());
insert into ExampleDb.address_district  (id, name, province_id, created_at) values (591, 'Huyện Cái Bè', 52, NOW());
insert into ExampleDb.address_ward  (id, name, district_id, created_at) values (9240, 'Thị trấn Cái Bè', 591, NOW());
insert into ExampleDb.address_ward  (id, name, district_id, created_at) values (9241, 'Xã Hậu Mỹ Bắc B', 591, NOW());
insert into ExampleDb.address_ward  (id, name, district_id, created_at) values (9242, 'Xã Hậu Mỹ Bắc A', 591, NOW());
insert into ExampleDb.address_ward  (id, name, district_id, created_at) values (9243, 'Xã Mỹ Trung', 591, NOW());
insert into ExampleDb.address_ward  (id, name, district_id, created_at) values (9244, 'Xã Hậu Mỹ Trinh', 591, NOW());
insert into ExampleDb.address_ward  (id, name, district_id, created_at) values (9245, 'Xã Hậu Mỹ Phú', 591, NOW());
insert into ExampleDb.address_ward  (id, name, district_id, created_at) values (9246, 'Xã Mỹ Tân', 591, NOW());
insert into ExampleDb.address_ward  (id, name, district_id, created_at) values (9247, 'Xã Mỹ Lợi B', 591, NOW());
insert into ExampleDb.address_ward  (id, name, district_id, created_at) values (9248, 'Xã Thiện Trung', 591, NOW());
insert into ExampleDb.address_ward  (id, name, district_id, created_at) values (9249, 'Xã Mỹ Hội', 591, NOW());
insert into ExampleDb.address_ward  (id, name, district_id, created_at) values (9250, 'Xã An Cư', 591, NOW());
insert into ExampleDb.address_ward  (id, name, district_id, created_at) values (9251, 'Xã Hậu Thành', 591, NOW());
insert into ExampleDb.address_ward  (id, name, district_id, created_at) values (9252, 'Xã Mỹ Lợi A', 591, NOW());
insert into ExampleDb.address_ward  (id, name, district_id, created_at) values (9253, 'Xã Hòa Khánh', 591, NOW());
insert into ExampleDb.address_ward  (id, name, district_id, created_at) values (9254, 'Xã Thiện Trí', 591, NOW());
insert into ExampleDb.address_ward  (id, name, district_id, created_at) values (9255, 'Xã Mỹ Đức Đông', 591, NOW());
insert into ExampleDb.address_ward  (id, name, district_id, created_at) values (9256, 'Xã Mỹ Đức Tây', 591, NOW());
insert into ExampleDb.address_ward  (id, name, district_id, created_at) values (9257, 'Xã Đông Hòa Hiệp', 591, NOW());
insert into ExampleDb.address_ward  (id, name, district_id, created_at) values (9258, 'Xã An Thái Đông', 591, NOW());
insert into ExampleDb.address_ward  (id, name, district_id, created_at) values (9259, 'Xã Tân Hưng', 591, NOW());
insert into ExampleDb.address_ward  (id, name, district_id, created_at) values (9260, 'Xã Mỹ Lương', 591, NOW());
insert into ExampleDb.address_ward  (id, name, district_id, created_at) values (9261, 'Xã Tân Thanh', 591, NOW());
insert into ExampleDb.address_ward  (id, name, district_id, created_at) values (9262, 'Xã An Thái Trung', 591, NOW());
insert into ExampleDb.address_ward  (id, name, district_id, created_at) values (9263, 'Xã An Hữu', 591, NOW());
insert into ExampleDb.address_ward  (id, name, district_id, created_at) values (9264, 'Xã Hòa Hưng', 591, NOW());
insert into ExampleDb.address_district  (id, name, province_id, created_at) values (592, 'Huyện Cai Lậy', 52, NOW());
insert into ExampleDb.address_ward  (id, name, district_id, created_at) values (9265, 'Xã Thạnh Lộc', 592, NOW());
insert into ExampleDb.address_ward  (id, name, district_id, created_at) values (9266, 'Xã Mỹ Thành Bắc', 592, NOW());
insert into ExampleDb.address_ward  (id, name, district_id, created_at) values (9267, 'Xã Phú Cường', 592, NOW());
insert into ExampleDb.address_ward  (id, name, district_id, created_at) values (9268, 'Xã Mỹ Thành Nam', 592, NOW());
insert into ExampleDb.address_ward  (id, name, district_id, created_at) values (9269, 'Xã Phú Nhuận', 592, NOW());
insert into ExampleDb.address_ward  (id, name, district_id, created_at) values (9270, 'Xã Bình Phú', 592, NOW());
insert into ExampleDb.address_ward  (id, name, district_id, created_at) values (9271, 'Xã Cẩm Sơn', 592, NOW());
insert into ExampleDb.address_ward  (id, name, district_id, created_at) values (9272, 'Xã Phú An', 592, NOW());
insert into ExampleDb.address_ward  (id, name, district_id, created_at) values (9273, 'Xã Mỹ Long', 592, NOW());
insert into ExampleDb.address_ward  (id, name, district_id, created_at) values (9274, 'Xã Long Tiên', 592, NOW());
insert into ExampleDb.address_ward  (id, name, district_id, created_at) values (9275, 'Xã Hiệp Đức', 592, NOW());
insert into ExampleDb.address_ward  (id, name, district_id, created_at) values (9276, 'Xã Long Trung', 592, NOW());
insert into ExampleDb.address_ward  (id, name, district_id, created_at) values (9277, 'Xã Hội Xuân', 592, NOW());
insert into ExampleDb.address_ward  (id, name, district_id, created_at) values (9278, 'Xã Tân Phong', 592, NOW());
insert into ExampleDb.address_ward  (id, name, district_id, created_at) values (9279, 'Xã Tam Bình', 592, NOW());
insert into ExampleDb.address_ward  (id, name, district_id, created_at) values (9280, 'Xã Ngũ Hiệp', 592, NOW());
insert into ExampleDb.address_district  (id, name, province_id, created_at) values (593, 'Huyện Châu Thành', 52, NOW());
insert into ExampleDb.address_ward  (id, name, district_id, created_at) values (9281, 'Thị trấn Tân Hiệp', 593, NOW());
insert into ExampleDb.address_ward  (id, name, district_id, created_at) values (9282, 'Xã Tân Hội Đông', 593, NOW());
insert into ExampleDb.address_ward  (id, name, district_id, created_at) values (9283, 'Xã Tân Hương', 593, NOW());
insert into ExampleDb.address_ward  (id, name, district_id, created_at) values (9284, 'Xã Tân Lý Đông', 593, NOW());
insert into ExampleDb.address_ward  (id, name, district_id, created_at) values (9285, 'Xã Tân Lý Tây', 593, NOW());
insert into ExampleDb.address_ward  (id, name, district_id, created_at) values (9286, 'Xã Thân Cửu Nghĩa', 593, NOW());
insert into ExampleDb.address_ward  (id, name, district_id, created_at) values (9287, 'Xã Tam Hiệp', 593, NOW());
insert into ExampleDb.address_ward  (id, name, district_id, created_at) values (9288, 'Xã Điềm Hy', 593, NOW());
insert into ExampleDb.address_ward  (id, name, district_id, created_at) values (9289, 'Xã Nhị Bình', 593, NOW());
insert into ExampleDb.address_ward  (id, name, district_id, created_at) values (9290, 'Xã Dưỡng Điềm', 593, NOW());
insert into ExampleDb.address_ward  (id, name, district_id, created_at) values (9291, 'Xã Đông Hòa', 593, NOW());
insert into ExampleDb.address_ward  (id, name, district_id, created_at) values (9292, 'Xã Long Định', 593, NOW());
insert into ExampleDb.address_ward  (id, name, district_id, created_at) values (9293, 'Xã Hữu Đạo', 593, NOW());
insert into ExampleDb.address_ward  (id, name, district_id, created_at) values (9294, 'Xã Long An', 593, NOW());
insert into ExampleDb.address_ward  (id, name, district_id, created_at) values (9295, 'Xã Long Hưng', 593, NOW());
insert into ExampleDb.address_ward  (id, name, district_id, created_at) values (9296, 'Xã Bình Trưng', 593, NOW());
insert into ExampleDb.address_ward  (id, name, district_id, created_at) values (9297, 'Xã Thạnh Phú', 593, NOW());
insert into ExampleDb.address_ward  (id, name, district_id, created_at) values (9298, 'Xã Bàn Long', 593, NOW());
insert into ExampleDb.address_ward  (id, name, district_id, created_at) values (9299, 'Xã Vĩnh Kim', 593, NOW());
insert into ExampleDb.address_ward  (id, name, district_id, created_at) values (9300, 'Xã Bình Đức', 593, NOW());
insert into ExampleDb.address_ward  (id, name, district_id, created_at) values (9301, 'Xã Song Thuận', 593, NOW());
insert into ExampleDb.address_ward  (id, name, district_id, created_at) values (9302, 'Xã Kim Sơn', 593, NOW());
insert into ExampleDb.address_ward  (id, name, district_id, created_at) values (9303, 'Xã Phú Phong', 593, NOW());
insert into ExampleDb.address_district  (id, name, province_id, created_at) values (594, 'Huyện Chợ Gạo', 52, NOW());
insert into ExampleDb.address_ward  (id, name, district_id, created_at) values (9304, 'Thị trấn Chợ Gạo', 594, NOW());
insert into ExampleDb.address_ward  (id, name, district_id, created_at) values (9305, 'Xã Trung Hòa', 594, NOW());
insert into ExampleDb.address_ward  (id, name, district_id, created_at) values (9306, 'Xã Hòa Tịnh', 594, NOW());
insert into ExampleDb.address_ward  (id, name, district_id, created_at) values (9307, 'Xã Mỹ Tịnh An', 594, NOW());
insert into ExampleDb.address_ward  (id, name, district_id, created_at) values (9308, 'Xã Tân Bình Thạnh', 594, NOW());
insert into ExampleDb.address_ward  (id, name, district_id, created_at) values (9309, 'Xã Phú Kiết', 594, NOW());
insert into ExampleDb.address_ward  (id, name, district_id, created_at) values (9310, 'Xã Lương Hòa Lạc', 594, NOW());
insert into ExampleDb.address_ward  (id, name, district_id, created_at) values (9311, 'Xã Thanh Bình', 594, NOW());
insert into ExampleDb.address_ward  (id, name, district_id, created_at) values (9312, 'Xã Quơn Long', 594, NOW());
insert into ExampleDb.address_ward  (id, name, district_id, created_at) values (9313, 'Xã Bình Phục Nhứt', 594, NOW());
insert into ExampleDb.address_ward  (id, name, district_id, created_at) values (9314, 'Xã Đăng Hưng Phước', 594, NOW());
insert into ExampleDb.address_ward  (id, name, district_id, created_at) values (9315, 'Xã Tân Thuận Bình', 594, NOW());
insert into ExampleDb.address_ward  (id, name, district_id, created_at) values (9316, 'Xã Song Bình', 594, NOW());
insert into ExampleDb.address_ward  (id, name, district_id, created_at) values (9317, 'Xã Bình Phan', 594, NOW());
insert into ExampleDb.address_ward  (id, name, district_id, created_at) values (9318, 'Xã Long Bình Điền', 594, NOW());
insert into ExampleDb.address_ward  (id, name, district_id, created_at) values (9319, 'Xã An Thạnh Thủy', 594, NOW());
insert into ExampleDb.address_ward  (id, name, district_id, created_at) values (9320, 'Xã Xuân Đông', 594, NOW());
insert into ExampleDb.address_ward  (id, name, district_id, created_at) values (9321, 'Xã Hòa Định', 594, NOW());
insert into ExampleDb.address_ward  (id, name, district_id, created_at) values (9322, 'Xã Bình Ninh', 594, NOW());
insert into ExampleDb.address_district  (id, name, province_id, created_at) values (595, 'Huyện Gò Công Tây', 52, NOW());
insert into ExampleDb.address_ward  (id, name, district_id, created_at) values (9323, 'Thị trấn Vĩnh Bình', 595, NOW());
insert into ExampleDb.address_ward  (id, name, district_id, created_at) values (9324, 'Xã Đồng Sơn', 595, NOW());
insert into ExampleDb.address_ward  (id, name, district_id, created_at) values (9325, 'Xã Bình Phú', 595, NOW());
insert into ExampleDb.address_ward  (id, name, district_id, created_at) values (9326, 'Xã Đồng Thạnh', 595, NOW());
insert into ExampleDb.address_ward  (id, name, district_id, created_at) values (9327, 'Xã Thành Công', 595, NOW());
insert into ExampleDb.address_ward  (id, name, district_id, created_at) values (9328, 'Xã Bình Nhì', 595, NOW());
insert into ExampleDb.address_ward  (id, name, district_id, created_at) values (9329, 'Xã Yên Luông', 595, NOW());
insert into ExampleDb.address_ward  (id, name, district_id, created_at) values (9330, 'Xã Thạnh Trị', 595, NOW());
insert into ExampleDb.address_ward  (id, name, district_id, created_at) values (9331, 'Xã Thạnh Nhựt', 595, NOW());
insert into ExampleDb.address_ward  (id, name, district_id, created_at) values (9332, 'Xã Long Vĩnh', 595, NOW());
insert into ExampleDb.address_ward  (id, name, district_id, created_at) values (9333, 'Xã Bình Tân', 595, NOW());
insert into ExampleDb.address_ward  (id, name, district_id, created_at) values (9334, 'Xã Vĩnh Hựu', 595, NOW());
insert into ExampleDb.address_ward  (id, name, district_id, created_at) values (9335, 'Xã Long Bình', 595, NOW());
insert into ExampleDb.address_district  (id, name, province_id, created_at) values (596, 'Huyện Gò Công Đông', 52, NOW());
insert into ExampleDb.address_ward  (id, name, district_id, created_at) values (9336, 'Thị trấn Tân Hòa', 596, NOW());
insert into ExampleDb.address_ward  (id, name, district_id, created_at) values (9337, 'Xã Tăng Hoà', 596, NOW());
insert into ExampleDb.address_ward  (id, name, district_id, created_at) values (9338, 'Xã Tân Phước', 596, NOW());
insert into ExampleDb.address_ward  (id, name, district_id, created_at) values (9339, 'Xã Gia Thuận', 596, NOW());
insert into ExampleDb.address_ward  (id, name, district_id, created_at) values (9340, 'Thị trấn Vàm Láng', 596, NOW());
insert into ExampleDb.address_ward  (id, name, district_id, created_at) values (9341, 'Xã Tân Tây', 596, NOW());
insert into ExampleDb.address_ward  (id, name, district_id, created_at) values (9342, 'Xã Kiểng Phước', 596, NOW());
insert into ExampleDb.address_ward  (id, name, district_id, created_at) values (9343, 'Xã Tân Đông', 596, NOW());
insert into ExampleDb.address_ward  (id, name, district_id, created_at) values (9344, 'Xã Bình Ân', 596, NOW());
insert into ExampleDb.address_ward  (id, name, district_id, created_at) values (9345, 'Xã Tân Điền', 596, NOW());
insert into ExampleDb.address_ward  (id, name, district_id, created_at) values (9346, 'Xã Bình Nghị', 596, NOW());
insert into ExampleDb.address_ward  (id, name, district_id, created_at) values (9347, 'Xã Phước Trung', 596, NOW());
insert into ExampleDb.address_ward  (id, name, district_id, created_at) values (9348, 'Xã Tân Thành', 596, NOW());
insert into ExampleDb.address_district  (id, name, province_id, created_at) values (597, 'Huyện Tân Phú Đông', 52, NOW());
insert into ExampleDb.address_ward  (id, name, district_id, created_at) values (9349, 'Xã Tân Thới', 597, NOW());
insert into ExampleDb.address_ward  (id, name, district_id, created_at) values (9350, 'Xã Tân Phú', 597, NOW());
insert into ExampleDb.address_ward  (id, name, district_id, created_at) values (9351, 'Xã Phú Thạnh', 597, NOW());
insert into ExampleDb.address_ward  (id, name, district_id, created_at) values (9352, 'Xã Tân Thạnh', 597, NOW());
insert into ExampleDb.address_ward  (id, name, district_id, created_at) values (9353, 'Xã Phú Đông', 597, NOW());
insert into ExampleDb.address_ward  (id, name, district_id, created_at) values (9354, 'Xã Phú Tân', 597, NOW());
insert into ExampleDb.address_province (id, name, created_at) values (53, 'Tỉnh Bến Tre', NOW());
insert into ExampleDb.address_district  (id, name, province_id, created_at) values (598, 'Thành phố Bến Tre', 53, NOW());
insert into ExampleDb.address_ward  (id, name, district_id, created_at) values (9355, 'Phường Phú Khương', 598, NOW());
insert into ExampleDb.address_ward  (id, name, district_id, created_at) values (9356, 'Phường Phú Tân', 598, NOW());
insert into ExampleDb.address_ward  (id, name, district_id, created_at) values (9357, 'Phường 8', 598, NOW());
insert into ExampleDb.address_ward  (id, name, district_id, created_at) values (9358, 'Phường 6', 598, NOW());
insert into ExampleDb.address_ward  (id, name, district_id, created_at) values (9359, 'Phường 4', 598, NOW());
insert into ExampleDb.address_ward  (id, name, district_id, created_at) values (9360, 'Phường 5', 598, NOW());
insert into ExampleDb.address_ward  (id, name, district_id, created_at) values (9361, 'Phường An Hội', 598, NOW());
insert into ExampleDb.address_ward  (id, name, district_id, created_at) values (9362, 'Phường 7', 598, NOW());
insert into ExampleDb.address_ward  (id, name, district_id, created_at) values (9363, 'Xã Sơn Đông', 598, NOW());
insert into ExampleDb.address_ward  (id, name, district_id, created_at) values (9364, 'Xã Phú Hưng', 598, NOW());
insert into ExampleDb.address_ward  (id, name, district_id, created_at) values (9365, 'Xã Bình Phú', 598, NOW());
insert into ExampleDb.address_ward  (id, name, district_id, created_at) values (9366, 'Xã Mỹ Thạnh An', 598, NOW());
insert into ExampleDb.address_ward  (id, name, district_id, created_at) values (9367, 'Xã Nhơn Thạnh', 598, NOW());
insert into ExampleDb.address_ward  (id, name, district_id, created_at) values (9368, 'Xã Phú Nhuận', 598, NOW());
insert into ExampleDb.address_district  (id, name, province_id, created_at) values (599, 'Huyện Châu Thành', 53, NOW());
insert into ExampleDb.address_ward  (id, name, district_id, created_at) values (9369, 'Thị trấn Châu Thành', 599, NOW());
insert into ExampleDb.address_ward  (id, name, district_id, created_at) values (9370, 'Xã Tân Thạch', 599, NOW());
insert into ExampleDb.address_ward  (id, name, district_id, created_at) values (9371, 'Xã Qưới Sơn', 599, NOW());
insert into ExampleDb.address_ward  (id, name, district_id, created_at) values (9372, 'Xã An Khánh', 599, NOW());
insert into ExampleDb.address_ward  (id, name, district_id, created_at) values (9373, 'Xã Giao Long', 599, NOW());
insert into ExampleDb.address_ward  (id, name, district_id, created_at) values (9374, 'Xã Phú Túc', 599, NOW());
insert into ExampleDb.address_ward  (id, name, district_id, created_at) values (9375, 'Xã Phú Đức', 599, NOW());
insert into ExampleDb.address_ward  (id, name, district_id, created_at) values (9376, 'Xã Phú An Hòa', 599, NOW());
insert into ExampleDb.address_ward  (id, name, district_id, created_at) values (9377, 'Xã An Phước', 599, NOW());
insert into ExampleDb.address_ward  (id, name, district_id, created_at) values (9378, 'Xã Tam Phước', 599, NOW());
insert into ExampleDb.address_ward  (id, name, district_id, created_at) values (9379, 'Xã Thành Triệu', 599, NOW());
insert into ExampleDb.address_ward  (id, name, district_id, created_at) values (9380, 'Xã Tường Đa', 599, NOW());
insert into ExampleDb.address_ward  (id, name, district_id, created_at) values (9381, 'Xã Tân Phú', 599, NOW());
insert into ExampleDb.address_ward  (id, name, district_id, created_at) values (9382, 'Xã Quới Thành', 599, NOW());
insert into ExampleDb.address_ward  (id, name, district_id, created_at) values (9383, 'Xã Phước Thạnh', 599, NOW());
insert into ExampleDb.address_ward  (id, name, district_id, created_at) values (9384, 'Xã An Hóa', 599, NOW());
insert into ExampleDb.address_ward  (id, name, district_id, created_at) values (9385, 'Xã Tiên Long', 599, NOW());
insert into ExampleDb.address_ward  (id, name, district_id, created_at) values (9386, 'Xã An Hiệp', 599, NOW());
insert into ExampleDb.address_ward  (id, name, district_id, created_at) values (9387, 'Xã Hữu Định', 599, NOW());
insert into ExampleDb.address_ward  (id, name, district_id, created_at) values (9388, 'Xã Tiên Thủy', 599, NOW());
insert into ExampleDb.address_ward  (id, name, district_id, created_at) values (9389, 'Xã Sơn Hòa', 599, NOW());
insert into ExampleDb.address_district  (id, name, province_id, created_at) values (600, 'Huyện Chợ Lách', 53, NOW());
insert into ExampleDb.address_ward  (id, name, district_id, created_at) values (9390, 'Thị trấn Chợ Lách', 600, NOW());
insert into ExampleDb.address_ward  (id, name, district_id, created_at) values (9391, 'Xã Phú Phụng', 600, NOW());
insert into ExampleDb.address_ward  (id, name, district_id, created_at) values (9392, 'Xã Sơn Định', 600, NOW());
insert into ExampleDb.address_ward  (id, name, district_id, created_at) values (9393, 'Xã Vĩnh Bình', 600, NOW());
insert into ExampleDb.address_ward  (id, name, district_id, created_at) values (9394, 'Xã Hòa Nghĩa', 600, NOW());
insert into ExampleDb.address_ward  (id, name, district_id, created_at) values (9395, 'Xã Long Thới', 600, NOW());
insert into ExampleDb.address_ward  (id, name, district_id, created_at) values (9396, 'Xã Phú Sơn', 600, NOW());
insert into ExampleDb.address_ward  (id, name, district_id, created_at) values (9397, 'Xã Tân Thiềng', 600, NOW());
insert into ExampleDb.address_ward  (id, name, district_id, created_at) values (9398, 'Xã Vĩnh Thành', 600, NOW());
insert into ExampleDb.address_ward  (id, name, district_id, created_at) values (9399, 'Xã Vĩnh Hòa', 600, NOW());
insert into ExampleDb.address_ward  (id, name, district_id, created_at) values (9400, 'Xã Hưng Khánh Trung B', 600, NOW());
insert into ExampleDb.address_district  (id, name, province_id, created_at) values (601, 'Huyện Mỏ Cày Nam', 53, NOW());
insert into ExampleDb.address_ward  (id, name, district_id, created_at) values (9401, 'Thị trấn Mỏ Cày', 601, NOW());
insert into ExampleDb.address_ward  (id, name, district_id, created_at) values (9402, 'Xã Định Thủy', 601, NOW());
insert into ExampleDb.address_ward  (id, name, district_id, created_at) values (9403, 'Xã Đa Phước Hội', 601, NOW());
insert into ExampleDb.address_ward  (id, name, district_id, created_at) values (9404, 'Xã Tân Hội', 601, NOW());
insert into ExampleDb.address_ward  (id, name, district_id, created_at) values (9405, 'Xã Phước Hiệp', 601, NOW());
insert into ExampleDb.address_ward  (id, name, district_id, created_at) values (9406, 'Xã Bình Khánh ', 601, NOW());
insert into ExampleDb.address_ward  (id, name, district_id, created_at) values (9407, 'Xã An Thạnh', 601, NOW());
insert into ExampleDb.address_ward  (id, name, district_id, created_at) values (9408, 'Xã An Định', 601, NOW());
insert into ExampleDb.address_ward  (id, name, district_id, created_at) values (9409, 'Xã Thành Thới B', 601, NOW());
insert into ExampleDb.address_ward  (id, name, district_id, created_at) values (9410, 'Xã Tân Trung', 601, NOW());
insert into ExampleDb.address_ward  (id, name, district_id, created_at) values (9411, 'Xã An Thới', 601, NOW());
insert into ExampleDb.address_ward  (id, name, district_id, created_at) values (9412, 'Xã Thành Thới A', 601, NOW());
insert into ExampleDb.address_ward  (id, name, district_id, created_at) values (9413, 'Xã Minh Đức', 601, NOW());
insert into ExampleDb.address_ward  (id, name, district_id, created_at) values (9414, 'Xã Ngãi Đăng', 601, NOW());
insert into ExampleDb.address_ward  (id, name, district_id, created_at) values (9415, 'Xã Cẩm Sơn', 601, NOW());
insert into ExampleDb.address_ward  (id, name, district_id, created_at) values (9416, 'Xã Hương Mỹ', 601, NOW());
insert into ExampleDb.address_district  (id, name, province_id, created_at) values (602, 'Huyện Giồng Trôm', 53, NOW());
insert into ExampleDb.address_ward  (id, name, district_id, created_at) values (9417, 'Thị trấn Giồng Trôm', 602, NOW());
insert into ExampleDb.address_ward  (id, name, district_id, created_at) values (9418, 'Xã Phong Nẫm', 602, NOW());
insert into ExampleDb.address_ward  (id, name, district_id, created_at) values (9419, 'Xã Mỹ Thạnh', 602, NOW());
insert into ExampleDb.address_ward  (id, name, district_id, created_at) values (9420, 'Xã Châu Hòa', 602, NOW());
insert into ExampleDb.address_ward  (id, name, district_id, created_at) values (9421, 'Xã Lương Hòa', 602, NOW());
insert into ExampleDb.address_ward  (id, name, district_id, created_at) values (9422, 'Xã Lương Quới', 602, NOW());
insert into ExampleDb.address_ward  (id, name, district_id, created_at) values (9423, 'Xã Lương Phú', 602, NOW());
insert into ExampleDb.address_ward  (id, name, district_id, created_at) values (9424, 'Xã Châu Bình', 602, NOW());
insert into ExampleDb.address_ward  (id, name, district_id, created_at) values (9425, 'Xã Thuận Điền', 602, NOW());
insert into ExampleDb.address_ward  (id, name, district_id, created_at) values (9426, 'Xã Sơn Phú', 602, NOW());
insert into ExampleDb.address_ward  (id, name, district_id, created_at) values (9427, 'Xã Bình Hoà', 602, NOW());
insert into ExampleDb.address_ward  (id, name, district_id, created_at) values (9428, 'Xã Phước Long', 602, NOW());
insert into ExampleDb.address_ward  (id, name, district_id, created_at) values (9429, 'Xã Hưng Phong', 602, NOW());
insert into ExampleDb.address_ward  (id, name, district_id, created_at) values (9430, 'Xã Long Mỹ', 602, NOW());
insert into ExampleDb.address_ward  (id, name, district_id, created_at) values (9431, 'Xã Tân Hào', 602, NOW());
insert into ExampleDb.address_ward  (id, name, district_id, created_at) values (9432, 'Xã Bình Thành', 602, NOW());
insert into ExampleDb.address_ward  (id, name, district_id, created_at) values (9433, 'Xã Tân Thanh', 602, NOW());
insert into ExampleDb.address_ward  (id, name, district_id, created_at) values (9434, 'Xã Tân Lợi Thạnh', 602, NOW());
insert into ExampleDb.address_ward  (id, name, district_id, created_at) values (9435, 'Xã Thạnh Phú Đông', 602, NOW());
insert into ExampleDb.address_ward  (id, name, district_id, created_at) values (9436, 'Xã Hưng Nhượng', 602, NOW());
insert into ExampleDb.address_ward  (id, name, district_id, created_at) values (9437, 'Xã Hưng Lễ', 602, NOW());
insert into ExampleDb.address_district  (id, name, province_id, created_at) values (603, 'Huyện Bình Đại', 53, NOW());
insert into ExampleDb.address_ward  (id, name, district_id, created_at) values (9438, 'Thị trấn Bình Đại', 603, NOW());
insert into ExampleDb.address_ward  (id, name, district_id, created_at) values (9439, 'Xã Tam Hiệp', 603, NOW());
insert into ExampleDb.address_ward  (id, name, district_id, created_at) values (9440, 'Xã Long Định', 603, NOW());
insert into ExampleDb.address_ward  (id, name, district_id, created_at) values (9441, 'Xã Long Hòa', 603, NOW());
insert into ExampleDb.address_ward  (id, name, district_id, created_at) values (9442, 'Xã Phú Thuận', 603, NOW());
insert into ExampleDb.address_ward  (id, name, district_id, created_at) values (9443, 'Xã Vang Quới Tây', 603, NOW());
insert into ExampleDb.address_ward  (id, name, district_id, created_at) values (9444, 'Xã Vang Quới Đông', 603, NOW());
insert into ExampleDb.address_ward  (id, name, district_id, created_at) values (9445, 'Xã Châu Hưng', 603, NOW());
insert into ExampleDb.address_ward  (id, name, district_id, created_at) values (9446, 'Xã Phú Vang', 603, NOW());
insert into ExampleDb.address_ward  (id, name, district_id, created_at) values (9447, 'Xã Lộc Thuận', 603, NOW());
insert into ExampleDb.address_ward  (id, name, district_id, created_at) values (9448, 'Xã Định Trung', 603, NOW());
insert into ExampleDb.address_ward  (id, name, district_id, created_at) values (9449, 'Xã Thới Lai', 603, NOW());
insert into ExampleDb.address_ward  (id, name, district_id, created_at) values (9450, 'Xã Bình Thới', 603, NOW());
insert into ExampleDb.address_ward  (id, name, district_id, created_at) values (9451, 'Xã Phú Long', 603, NOW());
insert into ExampleDb.address_ward  (id, name, district_id, created_at) values (9452, 'Xã Bình Thắng', 603, NOW());
insert into ExampleDb.address_ward  (id, name, district_id, created_at) values (9453, 'Xã Thạnh Trị', 603, NOW());
insert into ExampleDb.address_ward  (id, name, district_id, created_at) values (9454, 'Xã Đại Hòa Lộc', 603, NOW());
insert into ExampleDb.address_ward  (id, name, district_id, created_at) values (9455, 'Xã Thừa Đức', 603, NOW());
insert into ExampleDb.address_ward  (id, name, district_id, created_at) values (9456, 'Xã Thạnh Phước', 603, NOW());
insert into ExampleDb.address_ward  (id, name, district_id, created_at) values (9457, 'Xã Thới Thuận', 603, NOW());
insert into ExampleDb.address_district  (id, name, province_id, created_at) values (604, 'Huyện Ba Tri', 53, NOW());
insert into ExampleDb.address_ward  (id, name, district_id, created_at) values (9458, 'Thị trấn Ba Tri', 604, NOW());
insert into ExampleDb.address_ward  (id, name, district_id, created_at) values (9459, 'Xã Tân Mỹ', 604, NOW());
insert into ExampleDb.address_ward  (id, name, district_id, created_at) values (9460, 'Xã Mỹ Hòa', 604, NOW());
insert into ExampleDb.address_ward  (id, name, district_id, created_at) values (9461, 'Xã Tân Xuân', 604, NOW());
insert into ExampleDb.address_ward  (id, name, district_id, created_at) values (9462, 'Xã Mỹ Chánh', 604, NOW());
insert into ExampleDb.address_ward  (id, name, district_id, created_at) values (9463, 'Xã Bảo Thạnh', 604, NOW());
insert into ExampleDb.address_ward  (id, name, district_id, created_at) values (9464, 'Xã An Phú Trung', 604, NOW());
insert into ExampleDb.address_ward  (id, name, district_id, created_at) values (9465, 'Xã Mỹ Thạnh', 604, NOW());
insert into ExampleDb.address_ward  (id, name, district_id, created_at) values (9466, 'Xã Mỹ Nhơn', 604, NOW());
insert into ExampleDb.address_ward  (id, name, district_id, created_at) values (9467, 'Xã Phước Ngãi', 604, NOW());
insert into ExampleDb.address_ward  (id, name, district_id, created_at) values (9468, 'Xã An Ngãi Trung', 604, NOW());
insert into ExampleDb.address_ward  (id, name, district_id, created_at) values (9469, 'Xã Phú Lễ', 604, NOW());
insert into ExampleDb.address_ward  (id, name, district_id, created_at) values (9470, 'Xã An Bình Tây', 604, NOW());
insert into ExampleDb.address_ward  (id, name, district_id, created_at) values (9471, 'Xã Bảo Thuận', 604, NOW());
insert into ExampleDb.address_ward  (id, name, district_id, created_at) values (9472, 'Xã Tân Hưng', 604, NOW());
insert into ExampleDb.address_ward  (id, name, district_id, created_at) values (9473, 'Xã An Ngãi Tây', 604, NOW());
insert into ExampleDb.address_ward  (id, name, district_id, created_at) values (9474, 'Xã An Hiệp', 604, NOW());
insert into ExampleDb.address_ward  (id, name, district_id, created_at) values (9475, 'Xã Vĩnh Hòa', 604, NOW());
insert into ExampleDb.address_ward  (id, name, district_id, created_at) values (9476, 'Xã Tân Thủy', 604, NOW());
insert into ExampleDb.address_ward  (id, name, district_id, created_at) values (9477, 'Xã Vĩnh An', 604, NOW());
insert into ExampleDb.address_ward  (id, name, district_id, created_at) values (9478, 'Xã An Đức', 604, NOW());
insert into ExampleDb.address_ward  (id, name, district_id, created_at) values (9479, 'Xã An Hòa Tây', 604, NOW());
insert into ExampleDb.address_ward  (id, name, district_id, created_at) values (9480, 'Xã An Thủy', 604, NOW());
insert into ExampleDb.address_district  (id, name, province_id, created_at) values (605, 'Huyện Thạnh Phú', 53, NOW());
insert into ExampleDb.address_ward  (id, name, district_id, created_at) values (9481, 'Thị trấn Thạnh Phú', 605, NOW());
insert into ExampleDb.address_ward  (id, name, district_id, created_at) values (9482, 'Xã Phú Khánh', 605, NOW());
insert into ExampleDb.address_ward  (id, name, district_id, created_at) values (9483, 'Xã Đại Điền', 605, NOW());
insert into ExampleDb.address_ward  (id, name, district_id, created_at) values (9484, 'Xã Quới Điền', 605, NOW());
insert into ExampleDb.address_ward  (id, name, district_id, created_at) values (9485, 'Xã Tân Phong', 605, NOW());
insert into ExampleDb.address_ward  (id, name, district_id, created_at) values (9486, 'Xã Mỹ Hưng', 605, NOW());
insert into ExampleDb.address_ward  (id, name, district_id, created_at) values (9487, 'Xã An Thạnh', 605, NOW());
insert into ExampleDb.address_ward  (id, name, district_id, created_at) values (9488, 'Xã Thới Thạnh', 605, NOW());
insert into ExampleDb.address_ward  (id, name, district_id, created_at) values (9489, 'Xã Hòa Lợi', 605, NOW());
insert into ExampleDb.address_ward  (id, name, district_id, created_at) values (9490, 'Xã An Điền', 605, NOW());
insert into ExampleDb.address_ward  (id, name, district_id, created_at) values (9491, 'Xã Bình Thạnh', 605, NOW());
insert into ExampleDb.address_ward  (id, name, district_id, created_at) values (9492, 'Xã An Thuận', 605, NOW());
insert into ExampleDb.address_ward  (id, name, district_id, created_at) values (9493, 'Xã An Quy', 605, NOW());
insert into ExampleDb.address_ward  (id, name, district_id, created_at) values (9494, 'Xã Thạnh Hải', 605, NOW());
insert into ExampleDb.address_ward  (id, name, district_id, created_at) values (9495, 'Xã An Nhơn', 605, NOW());
insert into ExampleDb.address_ward  (id, name, district_id, created_at) values (9496, 'Xã Giao Thạnh', 605, NOW());
insert into ExampleDb.address_ward  (id, name, district_id, created_at) values (9497, 'Xã Thạnh Phong', 605, NOW());
insert into ExampleDb.address_ward  (id, name, district_id, created_at) values (9498, 'Xã Mỹ An', 605, NOW());
insert into ExampleDb.address_district  (id, name, province_id, created_at) values (606, 'Huyện Mỏ Cày Bắc', 53, NOW());
insert into ExampleDb.address_ward  (id, name, district_id, created_at) values (9499, 'Xã Phú Mỹ', 606, NOW());
insert into ExampleDb.address_ward  (id, name, district_id, created_at) values (9500, 'Xã Hưng Khánh Trung A', 606, NOW());
insert into ExampleDb.address_ward  (id, name, district_id, created_at) values (9501, 'Xã Thanh Tân', 606, NOW());
insert into ExampleDb.address_ward  (id, name, district_id, created_at) values (9502, 'Xã Thạnh Ngãi', 606, NOW());
insert into ExampleDb.address_ward  (id, name, district_id, created_at) values (9503, 'Xã Tân Phú Tây', 606, NOW());
insert into ExampleDb.address_ward  (id, name, district_id, created_at) values (9504, 'Xã Phước Mỹ Trung', 606, NOW());
insert into ExampleDb.address_ward  (id, name, district_id, created_at) values (9505, 'Xã Tân Thành Bình', 606, NOW());
insert into ExampleDb.address_ward  (id, name, district_id, created_at) values (9506, 'Xã Thành An', 606, NOW());
insert into ExampleDb.address_ward  (id, name, district_id, created_at) values (9507, 'Xã Hòa Lộc', 606, NOW());
insert into ExampleDb.address_ward  (id, name, district_id, created_at) values (9508, 'Xã Tân Thanh Tây', 606, NOW());
insert into ExampleDb.address_ward  (id, name, district_id, created_at) values (9509, 'Xã Tân Bình', 606, NOW());
insert into ExampleDb.address_ward  (id, name, district_id, created_at) values (9510, 'Xã Nhuận Phú Tân', 606, NOW());
insert into ExampleDb.address_ward  (id, name, district_id, created_at) values (9511, 'Xã Khánh Thạnh Tân', 606, NOW());
insert into ExampleDb.address_province (id, name, created_at) values (54, 'Tỉnh Trà Vinh', NOW());
insert into ExampleDb.address_district  (id, name, province_id, created_at) values (607, 'Thành phố Trà Vinh', 54, NOW());
insert into ExampleDb.address_ward  (id, name, district_id, created_at) values (9512, 'Phường 4', 607, NOW());
insert into ExampleDb.address_ward  (id, name, district_id, created_at) values (9513, 'Phường 1', 607, NOW());
insert into ExampleDb.address_ward  (id, name, district_id, created_at) values (9514, 'Phường 3', 607, NOW());
insert into ExampleDb.address_ward  (id, name, district_id, created_at) values (9515, 'Phường 2', 607, NOW());
insert into ExampleDb.address_ward  (id, name, district_id, created_at) values (9516, 'Phường 5', 607, NOW());
insert into ExampleDb.address_ward  (id, name, district_id, created_at) values (9517, 'Phường 6', 607, NOW());
insert into ExampleDb.address_ward  (id, name, district_id, created_at) values (9518, 'Phường 7', 607, NOW());
insert into ExampleDb.address_ward  (id, name, district_id, created_at) values (9519, 'Phường 8', 607, NOW());
insert into ExampleDb.address_ward  (id, name, district_id, created_at) values (9520, 'Phường 9', 607, NOW());
insert into ExampleDb.address_ward  (id, name, district_id, created_at) values (9521, 'Xã Long Đức', 607, NOW());
insert into ExampleDb.address_district  (id, name, province_id, created_at) values (608, 'Huyện Càng Long', 54, NOW());
insert into ExampleDb.address_ward  (id, name, district_id, created_at) values (9522, 'Thị trấn Càng Long', 608, NOW());
insert into ExampleDb.address_ward  (id, name, district_id, created_at) values (9523, 'Xã Mỹ Cẩm', 608, NOW());
insert into ExampleDb.address_ward  (id, name, district_id, created_at) values (9524, 'Xã An Trường A', 608, NOW());
insert into ExampleDb.address_ward  (id, name, district_id, created_at) values (9525, 'Xã An Trường', 608, NOW());
insert into ExampleDb.address_ward  (id, name, district_id, created_at) values (9526, 'Xã Huyền Hội', 608, NOW());
insert into ExampleDb.address_ward  (id, name, district_id, created_at) values (9527, 'Xã Tân An', 608, NOW());
insert into ExampleDb.address_ward  (id, name, district_id, created_at) values (9528, 'Xã Tân Bình', 608, NOW());
insert into ExampleDb.address_ward  (id, name, district_id, created_at) values (9529, 'Xã Bình Phú', 608, NOW());
insert into ExampleDb.address_ward  (id, name, district_id, created_at) values (9530, 'Xã Phương Thạnh', 608, NOW());
insert into ExampleDb.address_ward  (id, name, district_id, created_at) values (9531, 'Xã Đại Phúc', 608, NOW());
insert into ExampleDb.address_ward  (id, name, district_id, created_at) values (9532, 'Xã Đại Phước', 608, NOW());
insert into ExampleDb.address_ward  (id, name, district_id, created_at) values (9533, 'Xã Nhị Long Phú', 608, NOW());
insert into ExampleDb.address_ward  (id, name, district_id, created_at) values (9534, 'Xã Nhị Long', 608, NOW());
insert into ExampleDb.address_ward  (id, name, district_id, created_at) values (9535, 'Xã Đức Mỹ', 608, NOW());
insert into ExampleDb.address_district  (id, name, province_id, created_at) values (609, 'Huyện Cầu Kè', 54, NOW());
insert into ExampleDb.address_ward  (id, name, district_id, created_at) values (9536, 'Thị trấn Cầu Kè', 609, NOW());
insert into ExampleDb.address_ward  (id, name, district_id, created_at) values (9537, 'Xã Hòa Ân', 609, NOW());
insert into ExampleDb.address_ward  (id, name, district_id, created_at) values (9538, 'Xã Châu Điền', 609, NOW());
insert into ExampleDb.address_ward  (id, name, district_id, created_at) values (9539, 'Xã An Phú Tân', 609, NOW());
insert into ExampleDb.address_ward  (id, name, district_id, created_at) values (9540, 'Xã Hoà Tân', 609, NOW());
insert into ExampleDb.address_ward  (id, name, district_id, created_at) values (9541, 'Xã Ninh Thới', 609, NOW());
insert into ExampleDb.address_ward  (id, name, district_id, created_at) values (9542, 'Xã Phong Phú', 609, NOW());
insert into ExampleDb.address_ward  (id, name, district_id, created_at) values (9543, 'Xã Phong Thạnh', 609, NOW());
insert into ExampleDb.address_ward  (id, name, district_id, created_at) values (9544, 'Xã Tam Ngãi', 609, NOW());
insert into ExampleDb.address_ward  (id, name, district_id, created_at) values (9545, 'Xã Thông Hòa', 609, NOW());
insert into ExampleDb.address_ward  (id, name, district_id, created_at) values (9546, 'Xã Thạnh Phú', 609, NOW());
insert into ExampleDb.address_district  (id, name, province_id, created_at) values (610, 'Huyện Tiểu Cần', 54, NOW());
insert into ExampleDb.address_ward  (id, name, district_id, created_at) values (9547, 'Thị trấn Tiểu Cần', 610, NOW());
insert into ExampleDb.address_ward  (id, name, district_id, created_at) values (9548, 'Thị trấn Cầu Quan', 610, NOW());
insert into ExampleDb.address_ward  (id, name, district_id, created_at) values (9549, 'Xã Phú Cần', 610, NOW());
insert into ExampleDb.address_ward  (id, name, district_id, created_at) values (9550, 'Xã Hiếu Tử', 610, NOW());
insert into ExampleDb.address_ward  (id, name, district_id, created_at) values (9551, 'Xã Hiếu Trung', 610, NOW());
insert into ExampleDb.address_ward  (id, name, district_id, created_at) values (9552, 'Xã Long Thới', 610, NOW());
insert into ExampleDb.address_ward  (id, name, district_id, created_at) values (9553, 'Xã Hùng Hòa', 610, NOW());
insert into ExampleDb.address_ward  (id, name, district_id, created_at) values (9554, 'Xã Tân Hùng', 610, NOW());
insert into ExampleDb.address_ward  (id, name, district_id, created_at) values (9555, 'Xã Tập Ngãi', 610, NOW());
insert into ExampleDb.address_ward  (id, name, district_id, created_at) values (9556, 'Xã Ngãi Hùng', 610, NOW());
insert into ExampleDb.address_ward  (id, name, district_id, created_at) values (9557, 'Xã Tân Hòa', 610, NOW());
insert into ExampleDb.address_district  (id, name, province_id, created_at) values (611, 'Huyện Châu Thành', 54, NOW());
insert into ExampleDb.address_ward  (id, name, district_id, created_at) values (9558, 'Thị trấn Châu Thành', 611, NOW());
insert into ExampleDb.address_ward  (id, name, district_id, created_at) values (9559, 'Xã Đa Lộc', 611, NOW());
insert into ExampleDb.address_ward  (id, name, district_id, created_at) values (9560, 'Xã Mỹ Chánh', 611, NOW());
insert into ExampleDb.address_ward  (id, name, district_id, created_at) values (9561, 'Xã Thanh Mỹ', 611, NOW());
insert into ExampleDb.address_ward  (id, name, district_id, created_at) values (9562, 'Xã Lương Hoà A', 611, NOW());
insert into ExampleDb.address_ward  (id, name, district_id, created_at) values (9563, 'Xã Lương Hòa', 611, NOW());
insert into ExampleDb.address_ward  (id, name, district_id, created_at) values (9564, 'Xã Song Lộc', 611, NOW());
insert into ExampleDb.address_ward  (id, name, district_id, created_at) values (9565, 'Xã Nguyệt Hóa', 611, NOW());
insert into ExampleDb.address_ward  (id, name, district_id, created_at) values (9566, 'Xã Hòa Thuận', 611, NOW());
insert into ExampleDb.address_ward  (id, name, district_id, created_at) values (9567, 'Xã Hòa Lợi', 611, NOW());
insert into ExampleDb.address_ward  (id, name, district_id, created_at) values (9568, 'Xã Phước Hảo', 611, NOW());
insert into ExampleDb.address_ward  (id, name, district_id, created_at) values (9569, 'Xã Hưng Mỹ', 611, NOW());
insert into ExampleDb.address_ward  (id, name, district_id, created_at) values (9570, 'Xã Hòa Minh', 611, NOW());
insert into ExampleDb.address_ward  (id, name, district_id, created_at) values (9571, 'Xã Long Hòa', 611, NOW());
insert into ExampleDb.address_district  (id, name, province_id, created_at) values (612, 'Huyện Cầu Ngang', 54, NOW());
insert into ExampleDb.address_ward  (id, name, district_id, created_at) values (9572, 'Thị trấn Cầu Ngang', 612, NOW());
insert into ExampleDb.address_ward  (id, name, district_id, created_at) values (9573, 'Thị trấn Mỹ Long', 612, NOW());
insert into ExampleDb.address_ward  (id, name, district_id, created_at) values (9574, 'Xã Mỹ Long Bắc', 612, NOW());
insert into ExampleDb.address_ward  (id, name, district_id, created_at) values (9575, 'Xã Mỹ Long Nam', 612, NOW());
insert into ExampleDb.address_ward  (id, name, district_id, created_at) values (9576, 'Xã Mỹ Hòa', 612, NOW());
insert into ExampleDb.address_ward  (id, name, district_id, created_at) values (9577, 'Xã Vĩnh Kim', 612, NOW());
insert into ExampleDb.address_ward  (id, name, district_id, created_at) values (9578, 'Xã Kim Hòa', 612, NOW());
insert into ExampleDb.address_ward  (id, name, district_id, created_at) values (9579, 'Xã Hiệp Hòa', 612, NOW());
insert into ExampleDb.address_ward  (id, name, district_id, created_at) values (9580, 'Xã Thuận Hòa', 612, NOW());
insert into ExampleDb.address_ward  (id, name, district_id, created_at) values (9581, 'Xã Long Sơn', 612, NOW());
insert into ExampleDb.address_ward  (id, name, district_id, created_at) values (9582, 'Xã Nhị Trường', 612, NOW());
insert into ExampleDb.address_ward  (id, name, district_id, created_at) values (9583, 'Xã Trường Thọ', 612, NOW());
insert into ExampleDb.address_ward  (id, name, district_id, created_at) values (9584, 'Xã Hiệp Mỹ Đông', 612, NOW());
insert into ExampleDb.address_ward  (id, name, district_id, created_at) values (9585, 'Xã Hiệp Mỹ Tây', 612, NOW());
insert into ExampleDb.address_ward  (id, name, district_id, created_at) values (9586, 'Xã Thạnh Hòa Sơn', 612, NOW());
insert into ExampleDb.address_district  (id, name, province_id, created_at) values (613, 'Huyện Trà Cú', 54, NOW());
insert into ExampleDb.address_ward  (id, name, district_id, created_at) values (9587, 'Thị trấn Trà Cú', 613, NOW());
insert into ExampleDb.address_ward  (id, name, district_id, created_at) values (9588, 'Thị trấn Định An', 613, NOW());
insert into ExampleDb.address_ward  (id, name, district_id, created_at) values (9589, 'Xã Phước Hưng', 613, NOW());
insert into ExampleDb.address_ward  (id, name, district_id, created_at) values (9590, 'Xã Tập Sơn', 613, NOW());
insert into ExampleDb.address_ward  (id, name, district_id, created_at) values (9591, 'Xã Tân Sơn', 613, NOW());
insert into ExampleDb.address_ward  (id, name, district_id, created_at) values (9592, 'Xã An Quảng Hữu', 613, NOW());
insert into ExampleDb.address_ward  (id, name, district_id, created_at) values (9593, 'Xã Lưu Nghiệp Anh', 613, NOW());
insert into ExampleDb.address_ward  (id, name, district_id, created_at) values (9594, 'Xã Ngãi Xuyên', 613, NOW());
insert into ExampleDb.address_ward  (id, name, district_id, created_at) values (9595, 'Xã Kim Sơn', 613, NOW());
insert into ExampleDb.address_ward  (id, name, district_id, created_at) values (9596, 'Xã Thanh Sơn', 613, NOW());
insert into ExampleDb.address_ward  (id, name, district_id, created_at) values (9597, 'Xã Hàm Giang', 613, NOW());
insert into ExampleDb.address_ward  (id, name, district_id, created_at) values (9598, 'Xã Hàm Tân', 613, NOW());
insert into ExampleDb.address_ward  (id, name, district_id, created_at) values (9599, 'Xã Đại An', 613, NOW());
insert into ExampleDb.address_ward  (id, name, district_id, created_at) values (9600, 'Xã Định An', 613, NOW());
insert into ExampleDb.address_ward  (id, name, district_id, created_at) values (9601, 'Xã Ngọc Biên', 613, NOW());
insert into ExampleDb.address_ward  (id, name, district_id, created_at) values (9602, 'Xã Long Hiệp', 613, NOW());
insert into ExampleDb.address_ward  (id, name, district_id, created_at) values (9603, 'Xã Tân Hiệp', 613, NOW());
insert into ExampleDb.address_district  (id, name, province_id, created_at) values (614, 'Huyện Duyên Hải', 54, NOW());
insert into ExampleDb.address_ward  (id, name, district_id, created_at) values (9604, 'Xã Đôn Xuân', 614, NOW());
insert into ExampleDb.address_ward  (id, name, district_id, created_at) values (9605, 'Xã Đôn Châu', 614, NOW());
insert into ExampleDb.address_ward  (id, name, district_id, created_at) values (9606, 'Thị trấn Long Thành', 614, NOW());
insert into ExampleDb.address_ward  (id, name, district_id, created_at) values (9607, 'Xã Long Khánh', 614, NOW());
insert into ExampleDb.address_ward  (id, name, district_id, created_at) values (9608, 'Xã Ngũ Lạc', 614, NOW());
insert into ExampleDb.address_ward  (id, name, district_id, created_at) values (9609, 'Xã Long Vĩnh', 614, NOW());
insert into ExampleDb.address_ward  (id, name, district_id, created_at) values (9610, 'Xã Đông Hải', 614, NOW());
insert into ExampleDb.address_district  (id, name, province_id, created_at) values (615, 'Thị xã Duyên Hải', 54, NOW());
insert into ExampleDb.address_ward  (id, name, district_id, created_at) values (9611, 'Phường 1', 615, NOW());
insert into ExampleDb.address_ward  (id, name, district_id, created_at) values (9612, 'Xã Long Toàn', 615, NOW());
insert into ExampleDb.address_ward  (id, name, district_id, created_at) values (9613, 'Phường 2', 615, NOW());
insert into ExampleDb.address_ward  (id, name, district_id, created_at) values (9614, 'Xã Long Hữu', 615, NOW());
insert into ExampleDb.address_ward  (id, name, district_id, created_at) values (9615, 'Xã Dân Thành', 615, NOW());
insert into ExampleDb.address_ward  (id, name, district_id, created_at) values (9616, 'Xã Trường Long Hòa', 615, NOW());
insert into ExampleDb.address_ward  (id, name, district_id, created_at) values (9617, 'Xã Hiệp Thạnh', 615, NOW());
insert into ExampleDb.address_province (id, name, created_at) values (55, 'Tỉnh Vĩnh Long', NOW());
insert into ExampleDb.address_district  (id, name, province_id, created_at) values (616, 'Thành phố Vĩnh Long', 55, NOW());
insert into ExampleDb.address_ward  (id, name, district_id, created_at) values (9618, 'Phường 9', 616, NOW());
insert into ExampleDb.address_ward  (id, name, district_id, created_at) values (9619, 'Phường 5', 616, NOW());
insert into ExampleDb.address_ward  (id, name, district_id, created_at) values (9620, 'Phường 1', 616, NOW());
insert into ExampleDb.address_ward  (id, name, district_id, created_at) values (9621, 'Phường 2', 616, NOW());
insert into ExampleDb.address_ward  (id, name, district_id, created_at) values (9622, 'Phường 4', 616, NOW());
insert into ExampleDb.address_ward  (id, name, district_id, created_at) values (9623, 'Phường 3', 616, NOW());
insert into ExampleDb.address_ward  (id, name, district_id, created_at) values (9624, 'Phường 8', 616, NOW());
insert into ExampleDb.address_ward  (id, name, district_id, created_at) values (9625, 'Phường Tân Ngãi', 616, NOW());
insert into ExampleDb.address_ward  (id, name, district_id, created_at) values (9626, 'Phường Tân Hòa', 616, NOW());
insert into ExampleDb.address_ward  (id, name, district_id, created_at) values (9627, 'Phường Tân Hội', 616, NOW());
insert into ExampleDb.address_ward  (id, name, district_id, created_at) values (9628, 'Phường Trường An', 616, NOW());
insert into ExampleDb.address_district  (id, name, province_id, created_at) values (617, 'Huyện Long Hồ', 55, NOW());
insert into ExampleDb.address_ward  (id, name, district_id, created_at) values (9629, 'Thị trấn Long Hồ', 617, NOW());
insert into ExampleDb.address_ward  (id, name, district_id, created_at) values (9630, 'Xã Đồng Phú', 617, NOW());
insert into ExampleDb.address_ward  (id, name, district_id, created_at) values (9631, 'Xã Bình Hòa Phước', 617, NOW());
insert into ExampleDb.address_ward  (id, name, district_id, created_at) values (9632, 'Xã Hòa Ninh', 617, NOW());
insert into ExampleDb.address_ward  (id, name, district_id, created_at) values (9633, 'Xã An Bình', 617, NOW());
insert into ExampleDb.address_ward  (id, name, district_id, created_at) values (9634, 'Xã Thanh Đức', 617, NOW());
insert into ExampleDb.address_ward  (id, name, district_id, created_at) values (9635, 'Xã Tân Hạnh', 617, NOW());
insert into ExampleDb.address_ward  (id, name, district_id, created_at) values (9636, 'Xã Phước Hậu', 617, NOW());
insert into ExampleDb.address_ward  (id, name, district_id, created_at) values (9637, 'Xã Long Phước', 617, NOW());
insert into ExampleDb.address_ward  (id, name, district_id, created_at) values (9638, 'Xã Phú Đức', 617, NOW());
insert into ExampleDb.address_ward  (id, name, district_id, created_at) values (9639, 'Xã Lộc Hòa', 617, NOW());
insert into ExampleDb.address_ward  (id, name, district_id, created_at) values (9640, 'Xã Long An', 617, NOW());
insert into ExampleDb.address_ward  (id, name, district_id, created_at) values (9641, 'Xã Phú Quới', 617, NOW());
insert into ExampleDb.address_ward  (id, name, district_id, created_at) values (9642, 'Xã Thạnh Quới', 617, NOW());
insert into ExampleDb.address_ward  (id, name, district_id, created_at) values (9643, 'Xã Hòa Phú', 617, NOW());
insert into ExampleDb.address_district  (id, name, province_id, created_at) values (618, 'Huyện Mang Thít', 55, NOW());
insert into ExampleDb.address_ward  (id, name, district_id, created_at) values (9644, 'Xã Mỹ An', 618, NOW());
insert into ExampleDb.address_ward  (id, name, district_id, created_at) values (9645, 'Xã Mỹ Phước', 618, NOW());
insert into ExampleDb.address_ward  (id, name, district_id, created_at) values (9646, 'Xã An Phước', 618, NOW());
insert into ExampleDb.address_ward  (id, name, district_id, created_at) values (9647, 'Xã Nhơn Phú', 618, NOW());
insert into ExampleDb.address_ward  (id, name, district_id, created_at) values (9648, 'Xã Long Mỹ', 618, NOW());
insert into ExampleDb.address_ward  (id, name, district_id, created_at) values (9649, 'Xã Hòa Tịnh', 618, NOW());
insert into ExampleDb.address_ward  (id, name, district_id, created_at) values (9650, 'Thị trấn Cái Nhum', 618, NOW());
insert into ExampleDb.address_ward  (id, name, district_id, created_at) values (9651, 'Xã Bình Phước', 618, NOW());
insert into ExampleDb.address_ward  (id, name, district_id, created_at) values (9652, 'Xã Chánh An', 618, NOW());
insert into ExampleDb.address_ward  (id, name, district_id, created_at) values (9653, 'Xã Tân An Hội', 618, NOW());
insert into ExampleDb.address_ward  (id, name, district_id, created_at) values (9654, 'Xã Tân Long', 618, NOW());
insert into ExampleDb.address_ward  (id, name, district_id, created_at) values (9655, 'Xã Tân Long Hội', 618, NOW());
insert into ExampleDb.address_district  (id, name, province_id, created_at) values (619, 'Huyện  Vũng Liêm', 55, NOW());
insert into ExampleDb.address_ward  (id, name, district_id, created_at) values (9656, 'Thị trấn Vũng Liêm', 619, NOW());
insert into ExampleDb.address_ward  (id, name, district_id, created_at) values (9657, 'Xã Tân Quới Trung', 619, NOW());
insert into ExampleDb.address_ward  (id, name, district_id, created_at) values (9658, 'Xã Quới Thiện', 619, NOW());
insert into ExampleDb.address_ward  (id, name, district_id, created_at) values (9659, 'Xã Quới An', 619, NOW());
insert into ExampleDb.address_ward  (id, name, district_id, created_at) values (9660, 'Xã Trung Chánh', 619, NOW());
insert into ExampleDb.address_ward  (id, name, district_id, created_at) values (9661, 'Xã Tân An Luông', 619, NOW());
insert into ExampleDb.address_ward  (id, name, district_id, created_at) values (9662, 'Xã Thanh Bình', 619, NOW());
insert into ExampleDb.address_ward  (id, name, district_id, created_at) values (9663, 'Xã Trung Thành Tây', 619, NOW());
insert into ExampleDb.address_ward  (id, name, district_id, created_at) values (9664, 'Xã Trung Hiệp', 619, NOW());
insert into ExampleDb.address_ward  (id, name, district_id, created_at) values (9665, 'Xã Hiếu Phụng', 619, NOW());
insert into ExampleDb.address_ward  (id, name, district_id, created_at) values (9666, 'Xã Trung Thành Đông', 619, NOW());
insert into ExampleDb.address_ward  (id, name, district_id, created_at) values (9667, 'Xã Trung Thành', 619, NOW());
insert into ExampleDb.address_ward  (id, name, district_id, created_at) values (9668, 'Xã Trung Hiếu', 619, NOW());
insert into ExampleDb.address_ward  (id, name, district_id, created_at) values (9669, 'Xã Trung Ngãi', 619, NOW());
insert into ExampleDb.address_ward  (id, name, district_id, created_at) values (9670, 'Xã Hiếu Thuận', 619, NOW());
insert into ExampleDb.address_ward  (id, name, district_id, created_at) values (9671, 'Xã Trung Nghĩa', 619, NOW());
insert into ExampleDb.address_ward  (id, name, district_id, created_at) values (9672, 'Xã Trung An', 619, NOW());
insert into ExampleDb.address_ward  (id, name, district_id, created_at) values (9673, 'Xã Hiếu Nhơn', 619, NOW());
insert into ExampleDb.address_ward  (id, name, district_id, created_at) values (9674, 'Xã Hiếu Thành', 619, NOW());
insert into ExampleDb.address_ward  (id, name, district_id, created_at) values (9675, 'Xã Hiếu Nghĩa', 619, NOW());
insert into ExampleDb.address_district  (id, name, province_id, created_at) values (620, 'Huyện Tam Bình', 55, NOW());
insert into ExampleDb.address_ward  (id, name, district_id, created_at) values (9676, 'Thị trấn Tam Bình', 620, NOW());
insert into ExampleDb.address_ward  (id, name, district_id, created_at) values (9677, 'Xã Tân Lộc', 620, NOW());
insert into ExampleDb.address_ward  (id, name, district_id, created_at) values (9678, 'Xã Phú Thịnh', 620, NOW());
insert into ExampleDb.address_ward  (id, name, district_id, created_at) values (9679, 'Xã Hậu Lộc', 620, NOW());
insert into ExampleDb.address_ward  (id, name, district_id, created_at) values (9680, 'Xã Hòa Thạnh', 620, NOW());
insert into ExampleDb.address_ward  (id, name, district_id, created_at) values (9681, 'Xã Hoà Lộc', 620, NOW());
insert into ExampleDb.address_ward  (id, name, district_id, created_at) values (9682, 'Xã Phú Lộc', 620, NOW());
insert into ExampleDb.address_ward  (id, name, district_id, created_at) values (9683, 'Xã Song Phú', 620, NOW());
insert into ExampleDb.address_ward  (id, name, district_id, created_at) values (9684, 'Xã Hòa Hiệp', 620, NOW());
insert into ExampleDb.address_ward  (id, name, district_id, created_at) values (9685, 'Xã Mỹ Lộc', 620, NOW());
insert into ExampleDb.address_ward  (id, name, district_id, created_at) values (9686, 'Xã Tân Phú', 620, NOW());
insert into ExampleDb.address_ward  (id, name, district_id, created_at) values (9687, 'Xã Long Phú', 620, NOW());
insert into ExampleDb.address_ward  (id, name, district_id, created_at) values (9688, 'Xã Mỹ Thạnh Trung', 620, NOW());
insert into ExampleDb.address_ward  (id, name, district_id, created_at) values (9689, 'Xã Tường Lộc', 620, NOW());
insert into ExampleDb.address_ward  (id, name, district_id, created_at) values (9690, 'Xã Loan Mỹ', 620, NOW());
insert into ExampleDb.address_ward  (id, name, district_id, created_at) values (9691, 'Xã Ngãi Tứ', 620, NOW());
insert into ExampleDb.address_ward  (id, name, district_id, created_at) values (9692, 'Xã Bình Ninh', 620, NOW());
insert into ExampleDb.address_district  (id, name, province_id, created_at) values (621, 'Thị xã Bình Minh', 55, NOW());
insert into ExampleDb.address_ward  (id, name, district_id, created_at) values (9693, 'Phường Cái Vồn', 621, NOW());
insert into ExampleDb.address_ward  (id, name, district_id, created_at) values (9694, 'Phường Thành Phước', 621, NOW());
insert into ExampleDb.address_ward  (id, name, district_id, created_at) values (9695, 'Xã Thuận An', 621, NOW());
insert into ExampleDb.address_ward  (id, name, district_id, created_at) values (9696, 'Xã Đông Thạnh', 621, NOW());
insert into ExampleDb.address_ward  (id, name, district_id, created_at) values (9697, 'Xã Đông Bình', 621, NOW());
insert into ExampleDb.address_ward  (id, name, district_id, created_at) values (9698, 'Phường Đông Thuận', 621, NOW());
insert into ExampleDb.address_ward  (id, name, district_id, created_at) values (9699, 'Xã Mỹ Hòa', 621, NOW());
insert into ExampleDb.address_ward  (id, name, district_id, created_at) values (9700, 'Xã Đông Thành', 621, NOW());
insert into ExampleDb.address_district  (id, name, province_id, created_at) values (622, 'Huyện Trà Ôn', 55, NOW());
insert into ExampleDb.address_ward  (id, name, district_id, created_at) values (9701, 'Thị trấn Trà Ôn', 622, NOW());
insert into ExampleDb.address_ward  (id, name, district_id, created_at) values (9702, 'Xã Xuân Hiệp', 622, NOW());
insert into ExampleDb.address_ward  (id, name, district_id, created_at) values (9703, 'Xã Nhơn Bình', 622, NOW());
insert into ExampleDb.address_ward  (id, name, district_id, created_at) values (9704, 'Xã Hòa Bình', 622, NOW());
insert into ExampleDb.address_ward  (id, name, district_id, created_at) values (9705, 'Xã Thới Hòa', 622, NOW());
insert into ExampleDb.address_ward  (id, name, district_id, created_at) values (9706, 'Xã Trà Côn', 622, NOW());
insert into ExampleDb.address_ward  (id, name, district_id, created_at) values (9707, 'Xã Tân Mỹ', 622, NOW());
insert into ExampleDb.address_ward  (id, name, district_id, created_at) values (9708, 'Xã Hựu Thành', 622, NOW());
insert into ExampleDb.address_ward  (id, name, district_id, created_at) values (9709, 'Xã Vĩnh Xuân', 622, NOW());
insert into ExampleDb.address_ward  (id, name, district_id, created_at) values (9710, 'Xã Thuận Thới', 622, NOW());
insert into ExampleDb.address_ward  (id, name, district_id, created_at) values (9711, 'Xã Phú Thành', 622, NOW());
insert into ExampleDb.address_ward  (id, name, district_id, created_at) values (9712, 'Xã Thiện Mỹ', 622, NOW());
insert into ExampleDb.address_ward  (id, name, district_id, created_at) values (9713, 'Xã Lục Sỹ Thành', 622, NOW());
insert into ExampleDb.address_ward  (id, name, district_id, created_at) values (9714, 'Xã Tích Thiện', 622, NOW());
insert into ExampleDb.address_district  (id, name, province_id, created_at) values (623, 'Huyện Bình Tân', 55, NOW());
insert into ExampleDb.address_ward  (id, name, district_id, created_at) values (9715, 'Xã Tân Hưng', 623, NOW());
insert into ExampleDb.address_ward  (id, name, district_id, created_at) values (9716, 'Xã Tân Thành', 623, NOW());
insert into ExampleDb.address_ward  (id, name, district_id, created_at) values (9717, 'Xã Thành Trung', 623, NOW());
insert into ExampleDb.address_ward  (id, name, district_id, created_at) values (9718, 'Xã Tân An Thạnh', 623, NOW());
insert into ExampleDb.address_ward  (id, name, district_id, created_at) values (9719, 'Xã Tân Lược', 623, NOW());
insert into ExampleDb.address_ward  (id, name, district_id, created_at) values (9720, 'Xã Nguyễn Văn Thảnh', 623, NOW());
insert into ExampleDb.address_ward  (id, name, district_id, created_at) values (9721, 'Xã Thành Lợi', 623, NOW());
insert into ExampleDb.address_ward  (id, name, district_id, created_at) values (9722, 'Xã Mỹ Thuận', 623, NOW());
insert into ExampleDb.address_ward  (id, name, district_id, created_at) values (9723, 'Xã Tân Bình', 623, NOW());
insert into ExampleDb.address_ward  (id, name, district_id, created_at) values (9724, 'Thị trấn Tân Quới', 623, NOW());
insert into ExampleDb.address_province (id, name, created_at) values (56, 'Tỉnh Đồng Tháp', NOW());
insert into ExampleDb.address_district  (id, name, province_id, created_at) values (624, 'Thành phố Cao Lãnh', 56, NOW());
insert into ExampleDb.address_ward  (id, name, district_id, created_at) values (9725, 'Phường 11', 624, NOW());
insert into ExampleDb.address_ward  (id, name, district_id, created_at) values (9726, 'Phường 1', 624, NOW());
insert into ExampleDb.address_ward  (id, name, district_id, created_at) values (9727, 'Phường 2', 624, NOW());
insert into ExampleDb.address_ward  (id, name, district_id, created_at) values (9728, 'Phường 4', 624, NOW());
insert into ExampleDb.address_ward  (id, name, district_id, created_at) values (9729, 'Phường 3', 624, NOW());
insert into ExampleDb.address_ward  (id, name, district_id, created_at) values (9730, 'Phường 6', 624, NOW());
insert into ExampleDb.address_ward  (id, name, district_id, created_at) values (9731, 'Xã Mỹ Ngãi', 624, NOW());
insert into ExampleDb.address_ward  (id, name, district_id, created_at) values (9732, 'Xã Mỹ Tân', 624, NOW());
insert into ExampleDb.address_ward  (id, name, district_id, created_at) values (9733, 'Xã Mỹ Trà', 624, NOW());
insert into ExampleDb.address_ward  (id, name, district_id, created_at) values (9734, 'Phường Mỹ Phú', 624, NOW());
insert into ExampleDb.address_ward  (id, name, district_id, created_at) values (9735, 'Xã Tân Thuận Tây', 624, NOW());
insert into ExampleDb.address_ward  (id, name, district_id, created_at) values (9736, 'Phường Hoà Thuận', 624, NOW());
insert into ExampleDb.address_ward  (id, name, district_id, created_at) values (9737, 'Xã Hòa An', 624, NOW());
insert into ExampleDb.address_ward  (id, name, district_id, created_at) values (9738, 'Xã Tân Thuận Đông', 624, NOW());
insert into ExampleDb.address_ward  (id, name, district_id, created_at) values (9739, 'Xã Tịnh Thới', 624, NOW());
insert into ExampleDb.address_district  (id, name, province_id, created_at) values (625, 'Thành phố Sa Đéc', 56, NOW());
insert into ExampleDb.address_ward  (id, name, district_id, created_at) values (9740, 'Phường 3', 625, NOW());
insert into ExampleDb.address_ward  (id, name, district_id, created_at) values (9741, 'Phường 1', 625, NOW());
insert into ExampleDb.address_ward  (id, name, district_id, created_at) values (9742, 'Phường 4', 625, NOW());
insert into ExampleDb.address_ward  (id, name, district_id, created_at) values (9743, 'Phường 2', 625, NOW());
insert into ExampleDb.address_ward  (id, name, district_id, created_at) values (9744, 'Xã Tân Khánh Đông', 625, NOW());
insert into ExampleDb.address_ward  (id, name, district_id, created_at) values (9745, 'Phường Tân Quy Đông', 625, NOW());
insert into ExampleDb.address_ward  (id, name, district_id, created_at) values (9746, 'Phường An Hoà', 625, NOW());
insert into ExampleDb.address_ward  (id, name, district_id, created_at) values (9747, 'Xã Tân Quy Tây', 625, NOW());
insert into ExampleDb.address_ward  (id, name, district_id, created_at) values (9748, 'Xã Tân Phú Đông', 625, NOW());
insert into ExampleDb.address_district  (id, name, province_id, created_at) values (626, 'Thành phố Hồng Ngự', 56, NOW());
insert into ExampleDb.address_ward  (id, name, district_id, created_at) values (9749, 'Phường An Lộc', 626, NOW());
insert into ExampleDb.address_ward  (id, name, district_id, created_at) values (9750, 'Phường An Thạnh', 626, NOW());
insert into ExampleDb.address_ward  (id, name, district_id, created_at) values (9751, 'Xã Bình Thạnh', 626, NOW());
insert into ExampleDb.address_ward  (id, name, district_id, created_at) values (9752, 'Xã Tân Hội', 626, NOW());
insert into ExampleDb.address_ward  (id, name, district_id, created_at) values (9753, 'Phường An Lạc', 626, NOW());
insert into ExampleDb.address_ward  (id, name, district_id, created_at) values (9754, 'Phường An Bình B', 626, NOW());
insert into ExampleDb.address_ward  (id, name, district_id, created_at) values (9755, 'Phường An Bình A', 626, NOW());
insert into ExampleDb.address_district  (id, name, province_id, created_at) values (627, 'Huyện Tân Hồng', 56, NOW());
insert into ExampleDb.address_ward  (id, name, district_id, created_at) values (9756, 'Thị trấn Sa Rài', 627, NOW());
insert into ExampleDb.address_ward  (id, name, district_id, created_at) values (9757, 'Xã Tân Hộ Cơ', 627, NOW());
insert into ExampleDb.address_ward  (id, name, district_id, created_at) values (9758, 'Xã Thông Bình', 627, NOW());
insert into ExampleDb.address_ward  (id, name, district_id, created_at) values (9759, 'Xã Bình Phú', 627, NOW());
insert into ExampleDb.address_ward  (id, name, district_id, created_at) values (9760, 'Xã Tân Thành A', 627, NOW());
insert into ExampleDb.address_ward  (id, name, district_id, created_at) values (9761, 'Xã Tân Thành B', 627, NOW());
insert into ExampleDb.address_ward  (id, name, district_id, created_at) values (9762, 'Xã Tân Phước', 627, NOW());
insert into ExampleDb.address_ward  (id, name, district_id, created_at) values (9763, 'Xã Tân Công Chí', 627, NOW());
insert into ExampleDb.address_ward  (id, name, district_id, created_at) values (9764, 'Xã An Phước', 627, NOW());
insert into ExampleDb.address_district  (id, name, province_id, created_at) values (628, 'Huyện Hồng Ngự', 56, NOW());
insert into ExampleDb.address_ward  (id, name, district_id, created_at) values (9765, 'Xã Thường Phước 1', 628, NOW());
insert into ExampleDb.address_ward  (id, name, district_id, created_at) values (9766, 'Xã Thường Thới Hậu A', 628, NOW());
insert into ExampleDb.address_ward  (id, name, district_id, created_at) values (9767, 'Thị trấn Thường Thới Tiền', 628, NOW());
insert into ExampleDb.address_ward  (id, name, district_id, created_at) values (9768, 'Xã Thường Phước 2', 628, NOW());
insert into ExampleDb.address_ward  (id, name, district_id, created_at) values (9769, 'Xã Thường Lạc', 628, NOW());
insert into ExampleDb.address_ward  (id, name, district_id, created_at) values (9770, 'Xã Long Khánh A', 628, NOW());
insert into ExampleDb.address_ward  (id, name, district_id, created_at) values (9771, 'Xã Long Khánh B', 628, NOW());
insert into ExampleDb.address_ward  (id, name, district_id, created_at) values (9772, 'Xã Long Thuận', 628, NOW());
insert into ExampleDb.address_ward  (id, name, district_id, created_at) values (9773, 'Xã Phú Thuận B', 628, NOW());
insert into ExampleDb.address_ward  (id, name, district_id, created_at) values (9774, 'Xã Phú Thuận A', 628, NOW());
insert into ExampleDb.address_district  (id, name, province_id, created_at) values (629, 'Huyện Tam Nông', 56, NOW());
insert into ExampleDb.address_ward  (id, name, district_id, created_at) values (9775, 'Thị trấn Tràm Chim', 629, NOW());
insert into ExampleDb.address_ward  (id, name, district_id, created_at) values (9776, 'Xã Hoà Bình', 629, NOW());
insert into ExampleDb.address_ward  (id, name, district_id, created_at) values (9777, 'Xã Tân Công Sính', 629, NOW());
insert into ExampleDb.address_ward  (id, name, district_id, created_at) values (9778, 'Xã Phú Hiệp', 629, NOW());
insert into ExampleDb.address_ward  (id, name, district_id, created_at) values (9779, 'Xã Phú Đức', 629, NOW());
insert into ExampleDb.address_ward  (id, name, district_id, created_at) values (9780, 'Xã Phú Thành B', 629, NOW());
insert into ExampleDb.address_ward  (id, name, district_id, created_at) values (9781, 'Xã An Hòa', 629, NOW());
insert into ExampleDb.address_ward  (id, name, district_id, created_at) values (9782, 'Xã An Long', 629, NOW());
insert into ExampleDb.address_ward  (id, name, district_id, created_at) values (9783, 'Xã Phú Cường', 629, NOW());
insert into ExampleDb.address_ward  (id, name, district_id, created_at) values (9784, 'Xã Phú Ninh', 629, NOW());
insert into ExampleDb.address_ward  (id, name, district_id, created_at) values (9785, 'Xã Phú Thọ', 629, NOW());
insert into ExampleDb.address_ward  (id, name, district_id, created_at) values (9786, 'Xã Phú Thành A', 629, NOW());
insert into ExampleDb.address_district  (id, name, province_id, created_at) values (630, 'Huyện Tháp Mười', 56, NOW());
insert into ExampleDb.address_ward  (id, name, district_id, created_at) values (9787, 'Thị trấn Mỹ An', 630, NOW());
insert into ExampleDb.address_ward  (id, name, district_id, created_at) values (9788, 'Xã Thạnh Lợi', 630, NOW());
insert into ExampleDb.address_ward  (id, name, district_id, created_at) values (9789, 'Xã Hưng Thạnh', 630, NOW());
insert into ExampleDb.address_ward  (id, name, district_id, created_at) values (9790, 'Xã Trường Xuân', 630, NOW());
insert into ExampleDb.address_ward  (id, name, district_id, created_at) values (9791, 'Xã Tân Kiều', 630, NOW());
insert into ExampleDb.address_ward  (id, name, district_id, created_at) values (9792, 'Xã Mỹ Hòa', 630, NOW());
insert into ExampleDb.address_ward  (id, name, district_id, created_at) values (9793, 'Xã Mỹ Quý', 630, NOW());
insert into ExampleDb.address_ward  (id, name, district_id, created_at) values (9794, 'Xã Mỹ Đông', 630, NOW());
insert into ExampleDb.address_ward  (id, name, district_id, created_at) values (9795, 'Xã Đốc Binh Kiều', 630, NOW());
insert into ExampleDb.address_ward  (id, name, district_id, created_at) values (9796, 'Xã Mỹ An', 630, NOW());
insert into ExampleDb.address_ward  (id, name, district_id, created_at) values (9797, 'Xã Phú Điền', 630, NOW());
insert into ExampleDb.address_ward  (id, name, district_id, created_at) values (9798, 'Xã Láng Biển', 630, NOW());
insert into ExampleDb.address_ward  (id, name, district_id, created_at) values (9799, 'Xã Thanh Mỹ', 630, NOW());
insert into ExampleDb.address_district  (id, name, province_id, created_at) values (631, 'Huyện Cao Lãnh', 56, NOW());
insert into ExampleDb.address_ward  (id, name, district_id, created_at) values (9800, 'Thị trấn Mỹ Thọ', 631, NOW());
insert into ExampleDb.address_ward  (id, name, district_id, created_at) values (9801, 'Xã Gáo Giồng', 631, NOW());
insert into ExampleDb.address_ward  (id, name, district_id, created_at) values (9802, 'Xã Phương Thịnh', 631, NOW());
insert into ExampleDb.address_ward  (id, name, district_id, created_at) values (9803, 'Xã Ba Sao', 631, NOW());
insert into ExampleDb.address_ward  (id, name, district_id, created_at) values (9804, 'Xã Phong Mỹ', 631, NOW());
insert into ExampleDb.address_ward  (id, name, district_id, created_at) values (9805, 'Xã Tân Nghĩa', 631, NOW());
insert into ExampleDb.address_ward  (id, name, district_id, created_at) values (9806, 'Xã Phương Trà', 631, NOW());
insert into ExampleDb.address_ward  (id, name, district_id, created_at) values (9807, 'Xã Nhị Mỹ', 631, NOW());
insert into ExampleDb.address_ward  (id, name, district_id, created_at) values (9808, 'Xã Mỹ Thọ', 631, NOW());
insert into ExampleDb.address_ward  (id, name, district_id, created_at) values (9809, 'Xã Tân Hội Trung', 631, NOW());
insert into ExampleDb.address_ward  (id, name, district_id, created_at) values (9810, 'Xã An Bình', 631, NOW());
insert into ExampleDb.address_ward  (id, name, district_id, created_at) values (9811, 'Xã Mỹ Hội', 631, NOW());
insert into ExampleDb.address_ward  (id, name, district_id, created_at) values (9812, 'Xã Mỹ Hiệp', 631, NOW());
insert into ExampleDb.address_ward  (id, name, district_id, created_at) values (9813, 'Xã Mỹ Long', 631, NOW());
insert into ExampleDb.address_ward  (id, name, district_id, created_at) values (9814, 'Xã Bình Hàng Trung', 631, NOW());
insert into ExampleDb.address_ward  (id, name, district_id, created_at) values (9815, 'Xã Mỹ Xương', 631, NOW());
insert into ExampleDb.address_ward  (id, name, district_id, created_at) values (9816, 'Xã Bình Hàng Tây', 631, NOW());
insert into ExampleDb.address_ward  (id, name, district_id, created_at) values (9817, 'Xã Bình Thạnh', 631, NOW());
insert into ExampleDb.address_district  (id, name, province_id, created_at) values (632, 'Huyện Thanh Bình', 56, NOW());
insert into ExampleDb.address_ward  (id, name, district_id, created_at) values (9818, 'Thị trấn Thanh Bình', 632, NOW());
insert into ExampleDb.address_ward  (id, name, district_id, created_at) values (9819, 'Xã Tân Quới', 632, NOW());
insert into ExampleDb.address_ward  (id, name, district_id, created_at) values (9820, 'Xã Tân Hòa', 632, NOW());
insert into ExampleDb.address_ward  (id, name, district_id, created_at) values (9821, 'Xã An Phong', 632, NOW());
insert into ExampleDb.address_ward  (id, name, district_id, created_at) values (9822, 'Xã Phú Lợi', 632, NOW());
insert into ExampleDb.address_ward  (id, name, district_id, created_at) values (9823, 'Xã Tân Mỹ', 632, NOW());
insert into ExampleDb.address_ward  (id, name, district_id, created_at) values (9824, 'Xã Bình Tấn', 632, NOW());
insert into ExampleDb.address_ward  (id, name, district_id, created_at) values (9825, 'Xã Tân Huề', 632, NOW());
insert into ExampleDb.address_ward  (id, name, district_id, created_at) values (9826, 'Xã Tân Bình', 632, NOW());
insert into ExampleDb.address_ward  (id, name, district_id, created_at) values (9827, 'Xã Tân Thạnh', 632, NOW());
insert into ExampleDb.address_ward  (id, name, district_id, created_at) values (9828, 'Xã Tân Phú', 632, NOW());
insert into ExampleDb.address_ward  (id, name, district_id, created_at) values (9829, 'Xã Bình Thành', 632, NOW());
insert into ExampleDb.address_ward  (id, name, district_id, created_at) values (9830, 'Xã Tân Long', 632, NOW());
insert into ExampleDb.address_district  (id, name, province_id, created_at) values (633, 'Huyện Lấp Vò', 56, NOW());
insert into ExampleDb.address_ward  (id, name, district_id, created_at) values (9831, 'Thị trấn Lấp Vò', 633, NOW());
insert into ExampleDb.address_ward  (id, name, district_id, created_at) values (9832, 'Xã Mỹ An Hưng A', 633, NOW());
insert into ExampleDb.address_ward  (id, name, district_id, created_at) values (9833, 'Xã Tân Mỹ', 633, NOW());
insert into ExampleDb.address_ward  (id, name, district_id, created_at) values (9834, 'Xã Mỹ An Hưng B', 633, NOW());
insert into ExampleDb.address_ward  (id, name, district_id, created_at) values (9835, 'Xã Tân  Khánh Trung', 633, NOW());
insert into ExampleDb.address_ward  (id, name, district_id, created_at) values (9836, 'Xã Long Hưng A', 633, NOW());
insert into ExampleDb.address_ward  (id, name, district_id, created_at) values (9837, 'Xã Vĩnh Thạnh', 633, NOW());
insert into ExampleDb.address_ward  (id, name, district_id, created_at) values (9838, 'Xã Long Hưng B', 633, NOW());
insert into ExampleDb.address_ward  (id, name, district_id, created_at) values (9839, 'Xã Bình Thành', 633, NOW());
insert into ExampleDb.address_ward  (id, name, district_id, created_at) values (9840, 'Xã Định An', 633, NOW());
insert into ExampleDb.address_ward  (id, name, district_id, created_at) values (9841, 'Xã Định Yên', 633, NOW());
insert into ExampleDb.address_ward  (id, name, district_id, created_at) values (9842, 'Xã Hội An Đông', 633, NOW());
insert into ExampleDb.address_ward  (id, name, district_id, created_at) values (9843, 'Xã Bình Thạnh Trung', 633, NOW());
insert into ExampleDb.address_district  (id, name, province_id, created_at) values (634, 'Huyện Lai Vung', 56, NOW());
insert into ExampleDb.address_ward  (id, name, district_id, created_at) values (9844, 'Thị trấn Lai Vung', 634, NOW());
insert into ExampleDb.address_ward  (id, name, district_id, created_at) values (9845, 'Xã Tân Dương', 634, NOW());
insert into ExampleDb.address_ward  (id, name, district_id, created_at) values (9846, 'Xã Hòa Thành', 634, NOW());
insert into ExampleDb.address_ward  (id, name, district_id, created_at) values (9847, 'Xã Long Hậu', 634, NOW());
insert into ExampleDb.address_ward  (id, name, district_id, created_at) values (9848, 'Xã Tân Phước', 634, NOW());
insert into ExampleDb.address_ward  (id, name, district_id, created_at) values (9849, 'Xã Hòa Long', 634, NOW());
insert into ExampleDb.address_ward  (id, name, district_id, created_at) values (9850, 'Xã Tân Thành', 634, NOW());
insert into ExampleDb.address_ward  (id, name, district_id, created_at) values (9851, 'Xã Long Thắng', 634, NOW());
insert into ExampleDb.address_ward  (id, name, district_id, created_at) values (9852, 'Xã Vĩnh Thới', 634, NOW());
insert into ExampleDb.address_ward  (id, name, district_id, created_at) values (9853, 'Xã Tân Hòa', 634, NOW());
insert into ExampleDb.address_ward  (id, name, district_id, created_at) values (9854, 'Xã Định Hòa', 634, NOW());
insert into ExampleDb.address_ward  (id, name, district_id, created_at) values (9855, 'Xã Phong Hòa', 634, NOW());
insert into ExampleDb.address_district  (id, name, province_id, created_at) values (635, 'Huyện Châu Thành', 56, NOW());
insert into ExampleDb.address_ward  (id, name, district_id, created_at) values (9856, 'Thị trấn Cái Tàu Hạ', 635, NOW());
insert into ExampleDb.address_ward  (id, name, district_id, created_at) values (9857, 'Xã An Hiệp', 635, NOW());
insert into ExampleDb.address_ward  (id, name, district_id, created_at) values (9858, 'Xã An Nhơn', 635, NOW());
insert into ExampleDb.address_ward  (id, name, district_id, created_at) values (9859, 'Xã Tân Nhuận Đông', 635, NOW());
insert into ExampleDb.address_ward  (id, name, district_id, created_at) values (9860, 'Xã Tân Bình', 635, NOW());
insert into ExampleDb.address_ward  (id, name, district_id, created_at) values (9861, 'Xã Tân Phú Trung', 635, NOW());
insert into ExampleDb.address_ward  (id, name, district_id, created_at) values (9862, 'Xã Phú Long', 635, NOW());
insert into ExampleDb.address_ward  (id, name, district_id, created_at) values (9863, 'Xã An Phú Thuận', 635, NOW());
insert into ExampleDb.address_ward  (id, name, district_id, created_at) values (9864, 'Xã Phú Hựu', 635, NOW());
insert into ExampleDb.address_ward  (id, name, district_id, created_at) values (9865, 'Xã An Khánh', 635, NOW());
insert into ExampleDb.address_ward  (id, name, district_id, created_at) values (9866, 'Xã Tân Phú', 635, NOW());
insert into ExampleDb.address_ward  (id, name, district_id, created_at) values (9867, 'Xã Hòa Tân', 635, NOW());
insert into ExampleDb.address_province (id, name, created_at) values (57, 'Tỉnh An Giang', NOW());
insert into ExampleDb.address_district  (id, name, province_id, created_at) values (636, 'Thành phố Long Xuyên', 57, NOW());
insert into ExampleDb.address_ward  (id, name, district_id, created_at) values (9868, 'Phường Mỹ Bình', 636, NOW());
insert into ExampleDb.address_ward  (id, name, district_id, created_at) values (9869, 'Phường Mỹ Long', 636, NOW());
insert into ExampleDb.address_ward  (id, name, district_id, created_at) values (9870, 'Phường Đông Xuyên', 636, NOW());
insert into ExampleDb.address_ward  (id, name, district_id, created_at) values (9871, 'Phường Mỹ Xuyên', 636, NOW());
insert into ExampleDb.address_ward  (id, name, district_id, created_at) values (9872, 'Phường Bình Đức', 636, NOW());
insert into ExampleDb.address_ward  (id, name, district_id, created_at) values (9873, 'Phường Bình Khánh', 636, NOW());
insert into ExampleDb.address_ward  (id, name, district_id, created_at) values (9874, 'Phường Mỹ Phước', 636, NOW());
insert into ExampleDb.address_ward  (id, name, district_id, created_at) values (9875, 'Phường Mỹ Quý', 636, NOW());
insert into ExampleDb.address_ward  (id, name, district_id, created_at) values (9876, 'Phường Mỹ Thới', 636, NOW());
insert into ExampleDb.address_ward  (id, name, district_id, created_at) values (9877, 'Phường Mỹ Thạnh', 636, NOW());
insert into ExampleDb.address_ward  (id, name, district_id, created_at) values (9878, 'Phường Mỹ Hòa', 636, NOW());
insert into ExampleDb.address_ward  (id, name, district_id, created_at) values (9879, 'Xã Mỹ Khánh', 636, NOW());
insert into ExampleDb.address_ward  (id, name, district_id, created_at) values (9880, 'Xã Mỹ Hoà Hưng', 636, NOW());
insert into ExampleDb.address_district  (id, name, province_id, created_at) values (637, 'Thành phố Châu Đốc', 57, NOW());
insert into ExampleDb.address_ward  (id, name, district_id, created_at) values (9881, 'Phường Châu Phú B', 637, NOW());
insert into ExampleDb.address_ward  (id, name, district_id, created_at) values (9882, 'Phường Châu Phú A', 637, NOW());
insert into ExampleDb.address_ward  (id, name, district_id, created_at) values (9883, 'Phường Vĩnh Mỹ', 637, NOW());
insert into ExampleDb.address_ward  (id, name, district_id, created_at) values (9884, 'Phường Núi Sam', 637, NOW());
insert into ExampleDb.address_ward  (id, name, district_id, created_at) values (9885, 'Phường Vĩnh Ngươn', 637, NOW());
insert into ExampleDb.address_ward  (id, name, district_id, created_at) values (9886, 'Xã Vĩnh Tế', 637, NOW());
insert into ExampleDb.address_ward  (id, name, district_id, created_at) values (9887, 'Xã Vĩnh Châu', 637, NOW());
insert into ExampleDb.address_district  (id, name, province_id, created_at) values (638, 'Huyện An Phú', 57, NOW());
insert into ExampleDb.address_ward  (id, name, district_id, created_at) values (9888, 'Thị trấn An Phú', 638, NOW());
insert into ExampleDb.address_ward  (id, name, district_id, created_at) values (9889, 'Xã Khánh An', 638, NOW());
insert into ExampleDb.address_ward  (id, name, district_id, created_at) values (9890, 'Thị Trấn Long Bình', 638, NOW());
insert into ExampleDb.address_ward  (id, name, district_id, created_at) values (9891, 'Xã Khánh Bình', 638, NOW());
insert into ExampleDb.address_ward  (id, name, district_id, created_at) values (9892, 'Xã Quốc Thái', 638, NOW());
insert into ExampleDb.address_ward  (id, name, district_id, created_at) values (9893, 'Xã Nhơn Hội', 638, NOW());
insert into ExampleDb.address_ward  (id, name, district_id, created_at) values (9894, 'Xã Phú Hữu', 638, NOW());
insert into ExampleDb.address_ward  (id, name, district_id, created_at) values (9895, 'Xã Phú Hội', 638, NOW());
insert into ExampleDb.address_ward  (id, name, district_id, created_at) values (9896, 'Xã Phước Hưng', 638, NOW());
insert into ExampleDb.address_ward  (id, name, district_id, created_at) values (9897, 'Xã Vĩnh Lộc', 638, NOW());
insert into ExampleDb.address_ward  (id, name, district_id, created_at) values (9898, 'Xã Vĩnh Hậu', 638, NOW());
insert into ExampleDb.address_ward  (id, name, district_id, created_at) values (9899, 'Xã Vĩnh Trường', 638, NOW());
insert into ExampleDb.address_ward  (id, name, district_id, created_at) values (9900, 'Xã Vĩnh Hội Đông', 638, NOW());
insert into ExampleDb.address_ward  (id, name, district_id, created_at) values (9901, 'Xã Đa Phước', 638, NOW());
insert into ExampleDb.address_district  (id, name, province_id, created_at) values (639, 'Thị xã Tân Châu', 57, NOW());
insert into ExampleDb.address_ward  (id, name, district_id, created_at) values (9902, 'Phường Long Thạnh', 639, NOW());
insert into ExampleDb.address_ward  (id, name, district_id, created_at) values (9903, 'Phường Long Hưng', 639, NOW());
insert into ExampleDb.address_ward  (id, name, district_id, created_at) values (9904, 'Phường Long Châu', 639, NOW());
insert into ExampleDb.address_ward  (id, name, district_id, created_at) values (9905, 'Xã Phú Lộc', 639, NOW());
insert into ExampleDb.address_ward  (id, name, district_id, created_at) values (9906, 'Xã Vĩnh Xương', 639, NOW());
insert into ExampleDb.address_ward  (id, name, district_id, created_at) values (9907, 'Xã Vĩnh Hòa', 639, NOW());
insert into ExampleDb.address_ward  (id, name, district_id, created_at) values (9908, 'Xã Tân Thạnh', 639, NOW());
insert into ExampleDb.address_ward  (id, name, district_id, created_at) values (9909, 'Xã Tân An', 639, NOW());
insert into ExampleDb.address_ward  (id, name, district_id, created_at) values (9910, 'Xã Long An', 639, NOW());
insert into ExampleDb.address_ward  (id, name, district_id, created_at) values (9911, 'Phường Long Phú', 639, NOW());
insert into ExampleDb.address_ward  (id, name, district_id, created_at) values (9912, 'Xã Châu Phong', 639, NOW());
insert into ExampleDb.address_ward  (id, name, district_id, created_at) values (9913, 'Xã Phú Vĩnh', 639, NOW());
insert into ExampleDb.address_ward  (id, name, district_id, created_at) values (9914, 'Xã Lê Chánh', 639, NOW());
insert into ExampleDb.address_ward  (id, name, district_id, created_at) values (9915, 'Phường Long Sơn', 639, NOW());
insert into ExampleDb.address_district  (id, name, province_id, created_at) values (640, 'Huyện Phú Tân', 57, NOW());
insert into ExampleDb.address_ward  (id, name, district_id, created_at) values (9916, 'Thị trấn Phú Mỹ', 640, NOW());
insert into ExampleDb.address_ward  (id, name, district_id, created_at) values (9917, 'Thị trấn Chợ Vàm', 640, NOW());
insert into ExampleDb.address_ward  (id, name, district_id, created_at) values (9918, 'Xã Long Hoà', 640, NOW());
insert into ExampleDb.address_ward  (id, name, district_id, created_at) values (9919, 'Xã Phú Long', 640, NOW());
insert into ExampleDb.address_ward  (id, name, district_id, created_at) values (9920, 'Xã Phú Lâm', 640, NOW());
insert into ExampleDb.address_ward  (id, name, district_id, created_at) values (9921, 'Xã Phú Hiệp', 640, NOW());
insert into ExampleDb.address_ward  (id, name, district_id, created_at) values (9922, 'Xã Phú Thạnh', 640, NOW());
insert into ExampleDb.address_ward  (id, name, district_id, created_at) values (9923, 'Xã Hoà Lạc', 640, NOW());
insert into ExampleDb.address_ward  (id, name, district_id, created_at) values (9924, 'Xã Phú Thành', 640, NOW());
insert into ExampleDb.address_ward  (id, name, district_id, created_at) values (9925, 'Xã Phú An', 640, NOW());
insert into ExampleDb.address_ward  (id, name, district_id, created_at) values (9926, 'Xã Phú Xuân', 640, NOW());
insert into ExampleDb.address_ward  (id, name, district_id, created_at) values (9927, 'Xã Hiệp Xương', 640, NOW());
insert into ExampleDb.address_ward  (id, name, district_id, created_at) values (9928, 'Xã Phú Bình', 640, NOW());
insert into ExampleDb.address_ward  (id, name, district_id, created_at) values (9929, 'Xã Phú Thọ', 640, NOW());
insert into ExampleDb.address_ward  (id, name, district_id, created_at) values (9930, 'Xã Phú Hưng', 640, NOW());
insert into ExampleDb.address_ward  (id, name, district_id, created_at) values (9931, 'Xã Bình Thạnh Đông', 640, NOW());
insert into ExampleDb.address_ward  (id, name, district_id, created_at) values (9932, 'Xã Tân Hòa', 640, NOW());
insert into ExampleDb.address_ward  (id, name, district_id, created_at) values (9933, 'Xã Tân Trung', 640, NOW());
insert into ExampleDb.address_district  (id, name, province_id, created_at) values (641, 'Huyện Châu Phú', 57, NOW());
insert into ExampleDb.address_ward  (id, name, district_id, created_at) values (9934, 'Thị trấn Cái Dầu', 641, NOW());
insert into ExampleDb.address_ward  (id, name, district_id, created_at) values (9935, 'Xã Khánh Hòa', 641, NOW());
insert into ExampleDb.address_ward  (id, name, district_id, created_at) values (9936, 'Xã Mỹ Đức', 641, NOW());
insert into ExampleDb.address_ward  (id, name, district_id, created_at) values (9937, 'Xã Mỹ Phú', 641, NOW());
insert into ExampleDb.address_ward  (id, name, district_id, created_at) values (9938, 'Xã Ô Long Vỹ', 641, NOW());
insert into ExampleDb.address_ward  (id, name, district_id, created_at) values (9939, 'Thị trấn Vĩnh Thạnh Trung', 641, NOW());
insert into ExampleDb.address_ward  (id, name, district_id, created_at) values (9940, 'Xã Thạnh Mỹ Tây', 641, NOW());
insert into ExampleDb.address_ward  (id, name, district_id, created_at) values (9941, 'Xã Bình Long', 641, NOW());
insert into ExampleDb.address_ward  (id, name, district_id, created_at) values (9942, 'Xã Bình Mỹ', 641, NOW());
insert into ExampleDb.address_ward  (id, name, district_id, created_at) values (9943, 'Xã Bình Thủy', 641, NOW());
insert into ExampleDb.address_ward  (id, name, district_id, created_at) values (9944, 'Xã Đào Hữu Cảnh', 641, NOW());
insert into ExampleDb.address_ward  (id, name, district_id, created_at) values (9945, 'Xã Bình Phú', 641, NOW());
insert into ExampleDb.address_ward  (id, name, district_id, created_at) values (9946, 'Xã Bình Chánh', 641, NOW());
insert into ExampleDb.address_district  (id, name, province_id, created_at) values (642, 'Huyện Tịnh Biên', 57, NOW());
insert into ExampleDb.address_ward  (id, name, district_id, created_at) values (9947, 'Thị trấn Nhà Bàng', 642, NOW());
insert into ExampleDb.address_ward  (id, name, district_id, created_at) values (9948, 'Thị trấn Chi Lăng', 642, NOW());
insert into ExampleDb.address_ward  (id, name, district_id, created_at) values (9949, 'Xã Núi Voi', 642, NOW());
insert into ExampleDb.address_ward  (id, name, district_id, created_at) values (9950, 'Xã Nhơn Hưng', 642, NOW());
insert into ExampleDb.address_ward  (id, name, district_id, created_at) values (9951, 'Xã An Phú', 642, NOW());
insert into ExampleDb.address_ward  (id, name, district_id, created_at) values (9952, 'Xã Thới Sơn', 642, NOW());
insert into ExampleDb.address_ward  (id, name, district_id, created_at) values (9953, 'Thị trấn Tịnh Biên', 642, NOW());
insert into ExampleDb.address_ward  (id, name, district_id, created_at) values (9954, 'Xã Văn Giáo', 642, NOW());
insert into ExampleDb.address_ward  (id, name, district_id, created_at) values (9955, 'Xã An Cư', 642, NOW());
insert into ExampleDb.address_ward  (id, name, district_id, created_at) values (9956, 'Xã An Nông', 642, NOW());
insert into ExampleDb.address_ward  (id, name, district_id, created_at) values (9957, 'Xã Vĩnh Trung', 642, NOW());
insert into ExampleDb.address_ward  (id, name, district_id, created_at) values (9958, 'Xã Tân Lợi', 642, NOW());
insert into ExampleDb.address_ward  (id, name, district_id, created_at) values (9959, 'Xã An Hảo', 642, NOW());
insert into ExampleDb.address_ward  (id, name, district_id, created_at) values (9960, 'Xã Tân Lập', 642, NOW());
insert into ExampleDb.address_district  (id, name, province_id, created_at) values (643, 'Huyện Tri Tôn', 57, NOW());
insert into ExampleDb.address_ward  (id, name, district_id, created_at) values (9961, 'Thị trấn Tri Tôn', 643, NOW());
insert into ExampleDb.address_ward  (id, name, district_id, created_at) values (9962, 'Thị trấn Ba Chúc', 643, NOW());
insert into ExampleDb.address_ward  (id, name, district_id, created_at) values (9963, 'Xã Lạc Quới', 643, NOW());
insert into ExampleDb.address_ward  (id, name, district_id, created_at) values (9964, 'Xã Lê Trì', 643, NOW());
insert into ExampleDb.address_ward  (id, name, district_id, created_at) values (9965, 'Xã Vĩnh Gia', 643, NOW());
insert into ExampleDb.address_ward  (id, name, district_id, created_at) values (9966, 'Xã Vĩnh Phước', 643, NOW());
insert into ExampleDb.address_ward  (id, name, district_id, created_at) values (9967, 'Xã Châu Lăng', 643, NOW());
insert into ExampleDb.address_ward  (id, name, district_id, created_at) values (9968, 'Xã Lương Phi', 643, NOW());
insert into ExampleDb.address_ward  (id, name, district_id, created_at) values (9969, 'Xã Lương An Trà', 643, NOW());
insert into ExampleDb.address_ward  (id, name, district_id, created_at) values (9970, 'Xã Tà Đảnh', 643, NOW());
insert into ExampleDb.address_ward  (id, name, district_id, created_at) values (9971, 'Xã Núi Tô', 643, NOW());
insert into ExampleDb.address_ward  (id, name, district_id, created_at) values (9972, 'Xã An Tức', 643, NOW());
insert into ExampleDb.address_ward  (id, name, district_id, created_at) values (9973, 'Thị trấn Cô Tô', 643, NOW());
insert into ExampleDb.address_ward  (id, name, district_id, created_at) values (9974, 'Xã Tân Tuyến', 643, NOW());
insert into ExampleDb.address_ward  (id, name, district_id, created_at) values (9975, 'Xã Ô Lâm', 643, NOW());
insert into ExampleDb.address_district  (id, name, province_id, created_at) values (644, 'Huyện Châu Thành', 57, NOW());
insert into ExampleDb.address_ward  (id, name, district_id, created_at) values (9976, 'Thị trấn An Châu', 644, NOW());
insert into ExampleDb.address_ward  (id, name, district_id, created_at) values (9977, 'Xã An Hòa', 644, NOW());
insert into ExampleDb.address_ward  (id, name, district_id, created_at) values (9978, 'Xã Cần Đăng', 644, NOW());
insert into ExampleDb.address_ward  (id, name, district_id, created_at) values (9979, 'Xã Vĩnh Hanh', 644, NOW());
insert into ExampleDb.address_ward  (id, name, district_id, created_at) values (9980, 'Xã Bình Thạnh', 644, NOW());
insert into ExampleDb.address_ward  (id, name, district_id, created_at) values (9981, 'Thị trấn Vĩnh Bình', 644, NOW());
insert into ExampleDb.address_ward  (id, name, district_id, created_at) values (9982, 'Xã Bình Hòa', 644, NOW());
insert into ExampleDb.address_ward  (id, name, district_id, created_at) values (9983, 'Xã Vĩnh An', 644, NOW());
insert into ExampleDb.address_ward  (id, name, district_id, created_at) values (9984, 'Xã Hòa Bình Thạnh', 644, NOW());
insert into ExampleDb.address_ward  (id, name, district_id, created_at) values (9985, 'Xã Vĩnh Lợi', 644, NOW());
insert into ExampleDb.address_ward  (id, name, district_id, created_at) values (9986, 'Xã Vĩnh Nhuận', 644, NOW());
insert into ExampleDb.address_ward  (id, name, district_id, created_at) values (9987, 'Xã Tân Phú', 644, NOW());
insert into ExampleDb.address_ward  (id, name, district_id, created_at) values (9988, 'Xã Vĩnh Thành', 644, NOW());
insert into ExampleDb.address_district  (id, name, province_id, created_at) values (645, 'Huyện Chợ Mới', 57, NOW());
insert into ExampleDb.address_ward  (id, name, district_id, created_at) values (9989, 'Thị trấn Chợ Mới', 645, NOW());
insert into ExampleDb.address_ward  (id, name, district_id, created_at) values (9990, 'Thị trấn Mỹ Luông', 645, NOW());
insert into ExampleDb.address_ward  (id, name, district_id, created_at) values (9991, 'Xã Kiến An', 645, NOW());
insert into ExampleDb.address_ward  (id, name, district_id, created_at) values (9992, 'Xã Mỹ Hội Đông', 645, NOW());
insert into ExampleDb.address_ward  (id, name, district_id, created_at) values (9993, 'Xã Long Điền A', 645, NOW());
insert into ExampleDb.address_ward  (id, name, district_id, created_at) values (9994, 'Xã Tấn Mỹ', 645, NOW());
insert into ExampleDb.address_ward  (id, name, district_id, created_at) values (9995, 'Xã Long Điền B', 645, NOW());
insert into ExampleDb.address_ward  (id, name, district_id, created_at) values (9996, 'Xã Kiến Thành', 645, NOW());
insert into ExampleDb.address_ward  (id, name, district_id, created_at) values (9997, 'Xã Mỹ Hiệp', 645, NOW());
insert into ExampleDb.address_ward  (id, name, district_id, created_at) values (9998, 'Xã Mỹ An', 645, NOW());
insert into ExampleDb.address_ward  (id, name, district_id, created_at) values (9999, 'Xã Nhơn Mỹ', 645, NOW());
insert into ExampleDb.address_ward  (id, name, district_id, created_at) values (10000, 'Xã Long Giang', 645, NOW());
insert into ExampleDb.address_ward  (id, name, district_id, created_at) values (10001, 'Xã Long Kiến', 645, NOW());
insert into ExampleDb.address_ward  (id, name, district_id, created_at) values (10002, 'Xã Bình Phước Xuân', 645, NOW());
insert into ExampleDb.address_ward  (id, name, district_id, created_at) values (10003, 'Xã An Thạnh Trung', 645, NOW());
insert into ExampleDb.address_ward  (id, name, district_id, created_at) values (10004, 'Xã Hội An', 645, NOW());
insert into ExampleDb.address_ward  (id, name, district_id, created_at) values (10005, 'Xã Hòa Bình', 645, NOW());
insert into ExampleDb.address_ward  (id, name, district_id, created_at) values (10006, 'Xã Hòa An', 645, NOW());
insert into ExampleDb.address_district  (id, name, province_id, created_at) values (646, 'Huyện Thoại Sơn', 57, NOW());
insert into ExampleDb.address_ward  (id, name, district_id, created_at) values (10007, 'Thị trấn Núi Sập', 646, NOW());
insert into ExampleDb.address_ward  (id, name, district_id, created_at) values (10008, 'Thị trấn Phú Hoà', 646, NOW());
insert into ExampleDb.address_ward  (id, name, district_id, created_at) values (10009, 'Thị Trấn Óc Eo', 646, NOW());
insert into ExampleDb.address_ward  (id, name, district_id, created_at) values (10010, 'Xã Tây Phú', 646, NOW());
insert into ExampleDb.address_ward  (id, name, district_id, created_at) values (10011, 'Xã An Bình', 646, NOW());
insert into ExampleDb.address_ward  (id, name, district_id, created_at) values (10012, 'Xã Vĩnh Phú', 646, NOW());
insert into ExampleDb.address_ward  (id, name, district_id, created_at) values (10013, 'Xã Vĩnh Trạch', 646, NOW());
insert into ExampleDb.address_ward  (id, name, district_id, created_at) values (10014, 'Xã Phú Thuận', 646, NOW());
insert into ExampleDb.address_ward  (id, name, district_id, created_at) values (10015, 'Xã Vĩnh Chánh', 646, NOW());
insert into ExampleDb.address_ward  (id, name, district_id, created_at) values (10016, 'Xã Định Mỹ', 646, NOW());
insert into ExampleDb.address_ward  (id, name, district_id, created_at) values (10017, 'Xã Định Thành', 646, NOW());
insert into ExampleDb.address_ward  (id, name, district_id, created_at) values (10018, 'Xã Mỹ Phú Đông', 646, NOW());
insert into ExampleDb.address_ward  (id, name, district_id, created_at) values (10019, 'Xã Vọng Đông', 646, NOW());
insert into ExampleDb.address_ward  (id, name, district_id, created_at) values (10020, 'Xã Vĩnh Khánh', 646, NOW());
insert into ExampleDb.address_ward  (id, name, district_id, created_at) values (10021, 'Xã Thoại Giang', 646, NOW());
insert into ExampleDb.address_ward  (id, name, district_id, created_at) values (10022, 'Xã Bình Thành', 646, NOW());
insert into ExampleDb.address_ward  (id, name, district_id, created_at) values (10023, 'Xã Vọng Thê', 646, NOW());
insert into ExampleDb.address_province (id, name, created_at) values (58, 'Tỉnh Kiên Giang', NOW());
insert into ExampleDb.address_district  (id, name, province_id, created_at) values (647, 'Thành phố Rạch Giá', 58, NOW());
insert into ExampleDb.address_ward  (id, name, district_id, created_at) values (10024, 'Phường Vĩnh Thanh Vân', 647, NOW());
insert into ExampleDb.address_ward  (id, name, district_id, created_at) values (10025, 'Phường Vĩnh Thanh', 647, NOW());
insert into ExampleDb.address_ward  (id, name, district_id, created_at) values (10026, 'Phường Vĩnh Quang', 647, NOW());
insert into ExampleDb.address_ward  (id, name, district_id, created_at) values (10027, 'Phường Vĩnh Hiệp', 647, NOW());
insert into ExampleDb.address_ward  (id, name, district_id, created_at) values (10028, 'Phường Vĩnh Bảo', 647, NOW());
insert into ExampleDb.address_ward  (id, name, district_id, created_at) values (10029, 'Phường Vĩnh Lạc', 647, NOW());
insert into ExampleDb.address_ward  (id, name, district_id, created_at) values (10030, 'Phường An Hòa', 647, NOW());
insert into ExampleDb.address_ward  (id, name, district_id, created_at) values (10031, 'Phường An Bình', 647, NOW());
insert into ExampleDb.address_ward  (id, name, district_id, created_at) values (10032, 'Phường Rạch Sỏi', 647, NOW());
insert into ExampleDb.address_ward  (id, name, district_id, created_at) values (10033, 'Phường Vĩnh Lợi', 647, NOW());
insert into ExampleDb.address_ward  (id, name, district_id, created_at) values (10034, 'Phường Vĩnh Thông', 647, NOW());
insert into ExampleDb.address_ward  (id, name, district_id, created_at) values (10035, 'Xã Phi Thông', 647, NOW());
insert into ExampleDb.address_district  (id, name, province_id, created_at) values (648, 'Thành phố Hà Tiên', 58, NOW());
insert into ExampleDb.address_ward  (id, name, district_id, created_at) values (10036, 'Phường Tô Châu', 648, NOW());
insert into ExampleDb.address_ward  (id, name, district_id, created_at) values (10037, 'Phường Đông Hồ', 648, NOW());
insert into ExampleDb.address_ward  (id, name, district_id, created_at) values (10038, 'Phường Bình San', 648, NOW());
insert into ExampleDb.address_ward  (id, name, district_id, created_at) values (10039, 'Phường Pháo Đài', 648, NOW());
insert into ExampleDb.address_ward  (id, name, district_id, created_at) values (10040, 'Phường Mỹ Đức', 648, NOW());
insert into ExampleDb.address_ward  (id, name, district_id, created_at) values (10041, 'Xã Tiên Hải', 648, NOW());
insert into ExampleDb.address_ward  (id, name, district_id, created_at) values (10042, 'Xã Thuận Yên', 648, NOW());
insert into ExampleDb.address_district  (id, name, province_id, created_at) values (649, 'Huyện Kiên Lương', 58, NOW());
insert into ExampleDb.address_ward  (id, name, district_id, created_at) values (10043, 'Thị trấn Kiên Lương', 649, NOW());
insert into ExampleDb.address_ward  (id, name, district_id, created_at) values (10044, 'Xã Kiên Bình', 649, NOW());
insert into ExampleDb.address_ward  (id, name, district_id, created_at) values (10045, 'Xã Hòa Điền', 649, NOW());
insert into ExampleDb.address_ward  (id, name, district_id, created_at) values (10046, 'Xã Dương Hòa', 649, NOW());
insert into ExampleDb.address_ward  (id, name, district_id, created_at) values (10047, 'Xã Bình An', 649, NOW());
insert into ExampleDb.address_ward  (id, name, district_id, created_at) values (10048, 'Xã Bình Trị', 649, NOW());
insert into ExampleDb.address_ward  (id, name, district_id, created_at) values (10049, 'Xã Sơn Hải', 649, NOW());
insert into ExampleDb.address_ward  (id, name, district_id, created_at) values (10050, 'Xã Hòn Nghệ', 649, NOW());
insert into ExampleDb.address_district  (id, name, province_id, created_at) values (650, 'Huyện Hòn Đất', 58, NOW());
insert into ExampleDb.address_ward  (id, name, district_id, created_at) values (10051, 'Thị trấn Hòn Đất', 650, NOW());
insert into ExampleDb.address_ward  (id, name, district_id, created_at) values (10052, 'Thị trấn Sóc Sơn', 650, NOW());
insert into ExampleDb.address_ward  (id, name, district_id, created_at) values (10053, 'Xã Bình Sơn', 650, NOW());
insert into ExampleDb.address_ward  (id, name, district_id, created_at) values (10054, 'Xã Bình Giang', 650, NOW());
insert into ExampleDb.address_ward  (id, name, district_id, created_at) values (10055, 'Xã Mỹ Thái', 650, NOW());
insert into ExampleDb.address_ward  (id, name, district_id, created_at) values (10056, 'Xã Nam Thái Sơn', 650, NOW());
insert into ExampleDb.address_ward  (id, name, district_id, created_at) values (10057, 'Xã Mỹ Hiệp Sơn', 650, NOW());
insert into ExampleDb.address_ward  (id, name, district_id, created_at) values (10058, 'Xã Sơn Kiên', 650, NOW());
insert into ExampleDb.address_ward  (id, name, district_id, created_at) values (10059, 'Xã Sơn Bình', 650, NOW());
insert into ExampleDb.address_ward  (id, name, district_id, created_at) values (10060, 'Xã Mỹ Thuận', 650, NOW());
insert into ExampleDb.address_ward  (id, name, district_id, created_at) values (10061, 'Xã Lình Huỳnh', 650, NOW());
insert into ExampleDb.address_ward  (id, name, district_id, created_at) values (10062, 'Xã Thổ Sơn', 650, NOW());
insert into ExampleDb.address_ward  (id, name, district_id, created_at) values (10063, 'Xã Mỹ Lâm', 650, NOW());
insert into ExampleDb.address_ward  (id, name, district_id, created_at) values (10064, 'Xã Mỹ Phước', 650, NOW());
insert into ExampleDb.address_district  (id, name, province_id, created_at) values (651, 'Huyện Tân Hiệp', 58, NOW());
insert into ExampleDb.address_ward  (id, name, district_id, created_at) values (10065, 'Thị trấn Tân Hiệp', 651, NOW());
insert into ExampleDb.address_ward  (id, name, district_id, created_at) values (10066, 'Xã Tân Hội', 651, NOW());
insert into ExampleDb.address_ward  (id, name, district_id, created_at) values (10067, 'Xã Tân Thành', 651, NOW());
insert into ExampleDb.address_ward  (id, name, district_id, created_at) values (10068, 'Xã Tân Hiệp B', 651, NOW());
insert into ExampleDb.address_ward  (id, name, district_id, created_at) values (10069, 'Xã Tân Hoà', 651, NOW());
insert into ExampleDb.address_ward  (id, name, district_id, created_at) values (10070, 'Xã Thạnh Đông B', 651, NOW());
insert into ExampleDb.address_ward  (id, name, district_id, created_at) values (10071, 'Xã Thạnh Đông', 651, NOW());
insert into ExampleDb.address_ward  (id, name, district_id, created_at) values (10072, 'Xã Tân Hiệp A', 651, NOW());
insert into ExampleDb.address_ward  (id, name, district_id, created_at) values (10073, 'Xã Tân An', 651, NOW());
insert into ExampleDb.address_ward  (id, name, district_id, created_at) values (10074, 'Xã Thạnh Đông A', 651, NOW());
insert into ExampleDb.address_ward  (id, name, district_id, created_at) values (10075, 'Xã Thạnh Trị', 651, NOW());
insert into ExampleDb.address_district  (id, name, province_id, created_at) values (652, 'Huyện Châu Thành', 58, NOW());
insert into ExampleDb.address_ward  (id, name, district_id, created_at) values (10076, 'Thị trấn Minh Lương', 652, NOW());
insert into ExampleDb.address_ward  (id, name, district_id, created_at) values (10077, 'Xã Mong Thọ A', 652, NOW());
insert into ExampleDb.address_ward  (id, name, district_id, created_at) values (10078, 'Xã Mong Thọ B', 652, NOW());
insert into ExampleDb.address_ward  (id, name, district_id, created_at) values (10079, 'Xã Mong Thọ', 652, NOW());
insert into ExampleDb.address_ward  (id, name, district_id, created_at) values (10080, 'Xã Giục Tượng', 652, NOW());
insert into ExampleDb.address_ward  (id, name, district_id, created_at) values (10081, 'Xã Vĩnh Hòa Hiệp', 652, NOW());
insert into ExampleDb.address_ward  (id, name, district_id, created_at) values (10082, 'Xã Vĩnh Hoà Phú', 652, NOW());
insert into ExampleDb.address_ward  (id, name, district_id, created_at) values (10083, 'Xã Minh Hòa', 652, NOW());
insert into ExampleDb.address_ward  (id, name, district_id, created_at) values (10084, 'Xã Bình An', 652, NOW());
insert into ExampleDb.address_ward  (id, name, district_id, created_at) values (10085, 'Xã Thạnh Lộc', 652, NOW());
insert into ExampleDb.address_district  (id, name, province_id, created_at) values (653, 'Huyện Giồng Riềng', 58, NOW());
insert into ExampleDb.address_ward  (id, name, district_id, created_at) values (10086, 'Thị Trấn Giồng Riềng', 653, NOW());
insert into ExampleDb.address_ward  (id, name, district_id, created_at) values (10087, 'Xã Thạnh Hưng', 653, NOW());
insert into ExampleDb.address_ward  (id, name, district_id, created_at) values (10088, 'Xã Thạnh Phước', 653, NOW());
insert into ExampleDb.address_ward  (id, name, district_id, created_at) values (10089, 'Xã Thạnh Lộc', 653, NOW());
insert into ExampleDb.address_ward  (id, name, district_id, created_at) values (10090, 'Xã Thạnh Hòa', 653, NOW());
insert into ExampleDb.address_ward  (id, name, district_id, created_at) values (10091, 'Xã Thạnh Bình', 653, NOW());
insert into ExampleDb.address_ward  (id, name, district_id, created_at) values (10092, 'Xã Bàn Thạch', 653, NOW());
insert into ExampleDb.address_ward  (id, name, district_id, created_at) values (10093, 'Xã Bàn Tân Định', 653, NOW());
insert into ExampleDb.address_ward  (id, name, district_id, created_at) values (10094, 'Xã Ngọc Thành', 653, NOW());
insert into ExampleDb.address_ward  (id, name, district_id, created_at) values (10095, 'Xã Ngọc Chúc', 653, NOW());
insert into ExampleDb.address_ward  (id, name, district_id, created_at) values (10096, 'Xã Ngọc Thuận', 653, NOW());
insert into ExampleDb.address_ward  (id, name, district_id, created_at) values (10097, 'Xã Hòa Hưng', 653, NOW());
insert into ExampleDb.address_ward  (id, name, district_id, created_at) values (10098, 'Xã Hoà Lợi', 653, NOW());
insert into ExampleDb.address_ward  (id, name, district_id, created_at) values (10099, 'Xã Hoà An', 653, NOW());
insert into ExampleDb.address_ward  (id, name, district_id, created_at) values (10100, 'Xã Long Thạnh', 653, NOW());
insert into ExampleDb.address_ward  (id, name, district_id, created_at) values (10101, 'Xã Vĩnh Thạnh', 653, NOW());
insert into ExampleDb.address_ward  (id, name, district_id, created_at) values (10102, 'Xã Vĩnh Phú', 653, NOW());
insert into ExampleDb.address_ward  (id, name, district_id, created_at) values (10103, 'Xã  Hòa Thuận', 653, NOW());
insert into ExampleDb.address_ward  (id, name, district_id, created_at) values (10104, 'Xã Ngọc Hoà', 653, NOW());
insert into ExampleDb.address_district  (id, name, province_id, created_at) values (654, 'Huyện Gò Quao', 58, NOW());
insert into ExampleDb.address_ward  (id, name, district_id, created_at) values (10105, 'Thị trấn Gò Quao', 654, NOW());
insert into ExampleDb.address_ward  (id, name, district_id, created_at) values (10106, 'Xã Vĩnh Hòa Hưng Bắc', 654, NOW());
insert into ExampleDb.address_ward  (id, name, district_id, created_at) values (10107, 'Xã Định Hòa', 654, NOW());
insert into ExampleDb.address_ward  (id, name, district_id, created_at) values (10108, 'Xã Thới Quản', 654, NOW());
insert into ExampleDb.address_ward  (id, name, district_id, created_at) values (10109, 'Xã Định An', 654, NOW());
insert into ExampleDb.address_ward  (id, name, district_id, created_at) values (10110, 'Xã Thủy Liễu', 654, NOW());
insert into ExampleDb.address_ward  (id, name, district_id, created_at) values (10111, 'Xã Vĩnh Hòa Hưng Nam', 654, NOW());
insert into ExampleDb.address_ward  (id, name, district_id, created_at) values (10112, 'Xã Vĩnh Phước A', 654, NOW());
insert into ExampleDb.address_ward  (id, name, district_id, created_at) values (10113, 'Xã Vĩnh Phước B', 654, NOW());
insert into ExampleDb.address_ward  (id, name, district_id, created_at) values (10114, 'Xã Vĩnh Tuy', 654, NOW());
insert into ExampleDb.address_ward  (id, name, district_id, created_at) values (10115, 'Xã Vĩnh Thắng', 654, NOW());
insert into ExampleDb.address_district  (id, name, province_id, created_at) values (655, 'Huyện An Biên', 58, NOW());
insert into ExampleDb.address_ward  (id, name, district_id, created_at) values (10116, 'Thị trấn Thứ Ba', 655, NOW());
insert into ExampleDb.address_ward  (id, name, district_id, created_at) values (10117, 'Xã Tây Yên', 655, NOW());
insert into ExampleDb.address_ward  (id, name, district_id, created_at) values (10118, 'Xã Tây Yên A', 655, NOW());
insert into ExampleDb.address_ward  (id, name, district_id, created_at) values (10119, 'Xã Nam Yên', 655, NOW());
insert into ExampleDb.address_ward  (id, name, district_id, created_at) values (10120, 'Xã Hưng Yên', 655, NOW());
insert into ExampleDb.address_ward  (id, name, district_id, created_at) values (10121, 'Xã Nam Thái', 655, NOW());
insert into ExampleDb.address_ward  (id, name, district_id, created_at) values (10122, 'Xã Nam Thái A', 655, NOW());
insert into ExampleDb.address_ward  (id, name, district_id, created_at) values (10123, 'Xã Đông Thái', 655, NOW());
insert into ExampleDb.address_ward  (id, name, district_id, created_at) values (10124, 'Xã Đông Yên', 655, NOW());
insert into ExampleDb.address_district  (id, name, province_id, created_at) values (656, 'Huyện An Minh', 58, NOW());
insert into ExampleDb.address_ward  (id, name, district_id, created_at) values (10125, 'Thị trấn Thứ Mười Một', 656, NOW());
insert into ExampleDb.address_ward  (id, name, district_id, created_at) values (10126, 'Xã Thuận Hoà', 656, NOW());
insert into ExampleDb.address_ward  (id, name, district_id, created_at) values (10127, 'Xã Đông Hòa', 656, NOW());
insert into ExampleDb.address_ward  (id, name, district_id, created_at) values (10128, 'Xã Đông Thạnh', 656, NOW());
insert into ExampleDb.address_ward  (id, name, district_id, created_at) values (10129, 'Xã Tân Thạnh', 656, NOW());
insert into ExampleDb.address_ward  (id, name, district_id, created_at) values (10130, 'Xã Đông Hưng', 656, NOW());
insert into ExampleDb.address_ward  (id, name, district_id, created_at) values (10131, 'Xã Đông Hưng A', 656, NOW());
insert into ExampleDb.address_ward  (id, name, district_id, created_at) values (10132, 'Xã Đông Hưng B', 656, NOW());
insert into ExampleDb.address_ward  (id, name, district_id, created_at) values (10133, 'Xã Vân Khánh', 656, NOW());
insert into ExampleDb.address_ward  (id, name, district_id, created_at) values (10134, 'Xã Vân Khánh Đông', 656, NOW());
insert into ExampleDb.address_ward  (id, name, district_id, created_at) values (10135, 'Xã Vân Khánh Tây', 656, NOW());
insert into ExampleDb.address_district  (id, name, province_id, created_at) values (657, 'Huyện Vĩnh Thuận', 58, NOW());
insert into ExampleDb.address_ward  (id, name, district_id, created_at) values (10136, 'Thị trấn Vĩnh Thuận', 657, NOW());
insert into ExampleDb.address_ward  (id, name, district_id, created_at) values (10137, 'Xã Vĩnh Bình Bắc', 657, NOW());
insert into ExampleDb.address_ward  (id, name, district_id, created_at) values (10138, 'Xã Vĩnh Bình Nam', 657, NOW());
insert into ExampleDb.address_ward  (id, name, district_id, created_at) values (10139, 'Xã Bình Minh', 657, NOW());
insert into ExampleDb.address_ward  (id, name, district_id, created_at) values (10140, 'Xã Vĩnh Thuận', 657, NOW());
insert into ExampleDb.address_ward  (id, name, district_id, created_at) values (10141, 'Xã Tân Thuận', 657, NOW());
insert into ExampleDb.address_ward  (id, name, district_id, created_at) values (10142, 'Xã Phong Đông', 657, NOW());
insert into ExampleDb.address_ward  (id, name, district_id, created_at) values (10143, 'Xã Vĩnh Phong', 657, NOW());
insert into ExampleDb.address_district  (id, name, province_id, created_at) values (658, 'Thành phố Phú Quốc', 58, NOW());
insert into ExampleDb.address_ward  (id, name, district_id, created_at) values (10144, 'Phường Dương Đông', 658, NOW());
insert into ExampleDb.address_ward  (id, name, district_id, created_at) values (10145, 'Phường An Thới', 658, NOW());
insert into ExampleDb.address_ward  (id, name, district_id, created_at) values (10146, 'Xã Cửa Cạn', 658, NOW());
insert into ExampleDb.address_ward  (id, name, district_id, created_at) values (10147, 'Xã Gành Dầu', 658, NOW());
insert into ExampleDb.address_ward  (id, name, district_id, created_at) values (10148, 'Xã Cửa Dương', 658, NOW());
insert into ExampleDb.address_ward  (id, name, district_id, created_at) values (10149, 'Xã Hàm Ninh', 658, NOW());
insert into ExampleDb.address_ward  (id, name, district_id, created_at) values (10150, 'Xã Dương Tơ', 658, NOW());
insert into ExampleDb.address_ward  (id, name, district_id, created_at) values (10151, 'Xã Bãi Thơm', 658, NOW());
insert into ExampleDb.address_ward  (id, name, district_id, created_at) values (10152, 'Xã Thổ Châu', 658, NOW());
insert into ExampleDb.address_district  (id, name, province_id, created_at) values (659, 'Huyện Kiên Hải', 58, NOW());
insert into ExampleDb.address_ward  (id, name, district_id, created_at) values (10153, 'Xã Hòn Tre', 659, NOW());
insert into ExampleDb.address_ward  (id, name, district_id, created_at) values (10154, 'Xã Lại Sơn', 659, NOW());
insert into ExampleDb.address_ward  (id, name, district_id, created_at) values (10155, 'Xã An Sơn', 659, NOW());
insert into ExampleDb.address_ward  (id, name, district_id, created_at) values (10156, 'Xã Nam Du', 659, NOW());
insert into ExampleDb.address_district  (id, name, province_id, created_at) values (660, 'Huyện U Minh Thượng', 58, NOW());
insert into ExampleDb.address_ward  (id, name, district_id, created_at) values (10157, 'Xã Thạnh Yên', 660, NOW());
insert into ExampleDb.address_ward  (id, name, district_id, created_at) values (10158, 'Xã Thạnh Yên A', 660, NOW());
insert into ExampleDb.address_ward  (id, name, district_id, created_at) values (10159, 'Xã An Minh Bắc', 660, NOW());
insert into ExampleDb.address_ward  (id, name, district_id, created_at) values (10160, 'Xã Vĩnh Hòa', 660, NOW());
insert into ExampleDb.address_ward  (id, name, district_id, created_at) values (10161, 'Xã Hoà Chánh', 660, NOW());
insert into ExampleDb.address_ward  (id, name, district_id, created_at) values (10162, 'Xã Minh Thuận', 660, NOW());
insert into ExampleDb.address_district  (id, name, province_id, created_at) values (661, 'Huyện Giang Thành', 58, NOW());
insert into ExampleDb.address_ward  (id, name, district_id, created_at) values (10163, 'Xã Vĩnh Phú', 661, NOW());
insert into ExampleDb.address_ward  (id, name, district_id, created_at) values (10164, 'Xã Vĩnh Điều', 661, NOW());
insert into ExampleDb.address_ward  (id, name, district_id, created_at) values (10165, 'Xã Tân Khánh Hòa', 661, NOW());
insert into ExampleDb.address_ward  (id, name, district_id, created_at) values (10166, 'Xã Phú Lợi', 661, NOW());
insert into ExampleDb.address_ward  (id, name, district_id, created_at) values (10167, 'Xã Phú Mỹ', 661, NOW());
insert into ExampleDb.address_province (id, name, created_at) values (59, 'Thành phố Cần Thơ', NOW());
insert into ExampleDb.address_district  (id, name, province_id, created_at) values (662, 'Quận Ninh Kiều', 59, NOW());
insert into ExampleDb.address_ward  (id, name, district_id, created_at) values (10168, 'Phường Cái Khế', 662, NOW());
insert into ExampleDb.address_ward  (id, name, district_id, created_at) values (10169, 'Phường An Hòa', 662, NOW());
insert into ExampleDb.address_ward  (id, name, district_id, created_at) values (10170, 'Phường Thới Bình', 662, NOW());
insert into ExampleDb.address_ward  (id, name, district_id, created_at) values (10171, 'Phường An Nghiệp', 662, NOW());
insert into ExampleDb.address_ward  (id, name, district_id, created_at) values (10172, 'Phường An Cư', 662, NOW());
insert into ExampleDb.address_ward  (id, name, district_id, created_at) values (10173, 'Phường Tân An', 662, NOW());
insert into ExampleDb.address_ward  (id, name, district_id, created_at) values (10174, 'Phường An Phú', 662, NOW());
insert into ExampleDb.address_ward  (id, name, district_id, created_at) values (10175, 'Phường Xuân Khánh', 662, NOW());
insert into ExampleDb.address_ward  (id, name, district_id, created_at) values (10176, 'Phường Hưng Lợi', 662, NOW());
insert into ExampleDb.address_ward  (id, name, district_id, created_at) values (10177, 'Phường An Khánh', 662, NOW());
insert into ExampleDb.address_ward  (id, name, district_id, created_at) values (10178, 'Phường An Bình', 662, NOW());
insert into ExampleDb.address_district  (id, name, province_id, created_at) values (663, 'Quận Ô Môn', 59, NOW());
insert into ExampleDb.address_ward  (id, name, district_id, created_at) values (10179, 'Phường Châu Văn Liêm', 663, NOW());
insert into ExampleDb.address_ward  (id, name, district_id, created_at) values (10180, 'Phường Thới Hòa', 663, NOW());
insert into ExampleDb.address_ward  (id, name, district_id, created_at) values (10181, 'Phường Thới Long', 663, NOW());
insert into ExampleDb.address_ward  (id, name, district_id, created_at) values (10182, 'Phường Long Hưng', 663, NOW());
insert into ExampleDb.address_ward  (id, name, district_id, created_at) values (10183, 'Phường Thới An', 663, NOW());
insert into ExampleDb.address_ward  (id, name, district_id, created_at) values (10184, 'Phường Phước Thới', 663, NOW());
insert into ExampleDb.address_ward  (id, name, district_id, created_at) values (10185, 'Phường Trường Lạc', 663, NOW());
insert into ExampleDb.address_district  (id, name, province_id, created_at) values (664, 'Quận Bình Thuỷ', 59, NOW());
insert into ExampleDb.address_ward  (id, name, district_id, created_at) values (10186, 'Phường Bình Thủy', 664, NOW());
insert into ExampleDb.address_ward  (id, name, district_id, created_at) values (10187, 'Phường Trà An', 664, NOW());
insert into ExampleDb.address_ward  (id, name, district_id, created_at) values (10188, 'Phường Trà Nóc', 664, NOW());
insert into ExampleDb.address_ward  (id, name, district_id, created_at) values (10189, 'Phường Thới An Đông', 664, NOW());
insert into ExampleDb.address_ward  (id, name, district_id, created_at) values (10190, 'Phường An Thới', 664, NOW());
insert into ExampleDb.address_ward  (id, name, district_id, created_at) values (10191, 'Phường Bùi Hữu Nghĩa', 664, NOW());
insert into ExampleDb.address_ward  (id, name, district_id, created_at) values (10192, 'Phường Long Hòa', 664, NOW());
insert into ExampleDb.address_ward  (id, name, district_id, created_at) values (10193, 'Phường Long Tuyền', 664, NOW());
insert into ExampleDb.address_district  (id, name, province_id, created_at) values (665, 'Quận Cái Răng', 59, NOW());
insert into ExampleDb.address_ward  (id, name, district_id, created_at) values (10194, 'Phường Lê Bình', 665, NOW());
insert into ExampleDb.address_ward  (id, name, district_id, created_at) values (10195, 'Phường Hưng Phú', 665, NOW());
insert into ExampleDb.address_ward  (id, name, district_id, created_at) values (10196, 'Phường Hưng Thạnh', 665, NOW());
insert into ExampleDb.address_ward  (id, name, district_id, created_at) values (10197, 'Phường Ba Láng', 665, NOW());
insert into ExampleDb.address_ward  (id, name, district_id, created_at) values (10198, 'Phường Thường Thạnh', 665, NOW());
insert into ExampleDb.address_ward  (id, name, district_id, created_at) values (10199, 'Phường Phú Thứ', 665, NOW());
insert into ExampleDb.address_ward  (id, name, district_id, created_at) values (10200, 'Phường Tân Phú', 665, NOW());
insert into ExampleDb.address_district  (id, name, province_id, created_at) values (666, 'Quận Thốt Nốt', 59, NOW());
insert into ExampleDb.address_ward  (id, name, district_id, created_at) values (10201, 'Phường Thốt Nốt', 666, NOW());
insert into ExampleDb.address_ward  (id, name, district_id, created_at) values (10202, 'Phường Thới Thuận', 666, NOW());
insert into ExampleDb.address_ward  (id, name, district_id, created_at) values (10203, 'Phường Thuận An', 666, NOW());
insert into ExampleDb.address_ward  (id, name, district_id, created_at) values (10204, 'Phường Tân Lộc', 666, NOW());
insert into ExampleDb.address_ward  (id, name, district_id, created_at) values (10205, 'Phường Trung Nhứt', 666, NOW());
insert into ExampleDb.address_ward  (id, name, district_id, created_at) values (10206, 'Phường Thạnh Hoà', 666, NOW());
insert into ExampleDb.address_ward  (id, name, district_id, created_at) values (10207, 'Phường Trung Kiên', 666, NOW());
insert into ExampleDb.address_ward  (id, name, district_id, created_at) values (10208, 'Phường Tân Hưng', 666, NOW());
insert into ExampleDb.address_ward  (id, name, district_id, created_at) values (10209, 'Phường Thuận Hưng', 666, NOW());
insert into ExampleDb.address_district  (id, name, province_id, created_at) values (667, 'Huyện Vĩnh Thạnh', 59, NOW());
insert into ExampleDb.address_ward  (id, name, district_id, created_at) values (10210, 'Xã Vĩnh Bình', 667, NOW());
insert into ExampleDb.address_ward  (id, name, district_id, created_at) values (10211, 'Thị trấn Thanh An', 667, NOW());
insert into ExampleDb.address_ward  (id, name, district_id, created_at) values (10212, 'Thị trấn Vĩnh Thạnh', 667, NOW());
insert into ExampleDb.address_ward  (id, name, district_id, created_at) values (10213, 'Xã Thạnh Mỹ', 667, NOW());
insert into ExampleDb.address_ward  (id, name, district_id, created_at) values (10214, 'Xã Vĩnh Trinh', 667, NOW());
insert into ExampleDb.address_ward  (id, name, district_id, created_at) values (10215, 'Xã Thạnh An', 667, NOW());
insert into ExampleDb.address_ward  (id, name, district_id, created_at) values (10216, 'Xã Thạnh Tiến', 667, NOW());
insert into ExampleDb.address_ward  (id, name, district_id, created_at) values (10217, 'Xã Thạnh Thắng', 667, NOW());
insert into ExampleDb.address_ward  (id, name, district_id, created_at) values (10218, 'Xã Thạnh Lợi', 667, NOW());
insert into ExampleDb.address_ward  (id, name, district_id, created_at) values (10219, 'Xã Thạnh Qưới', 667, NOW());
insert into ExampleDb.address_ward  (id, name, district_id, created_at) values (10220, 'Xã Thạnh Lộc', 667, NOW());
insert into ExampleDb.address_district  (id, name, province_id, created_at) values (668, 'Huyện Cờ Đỏ', 59, NOW());
insert into ExampleDb.address_ward  (id, name, district_id, created_at) values (10221, 'Xã Trung An', 668, NOW());
insert into ExampleDb.address_ward  (id, name, district_id, created_at) values (10222, 'Xã Trung Thạnh', 668, NOW());
insert into ExampleDb.address_ward  (id, name, district_id, created_at) values (10223, 'Xã Thạnh Phú', 668, NOW());
insert into ExampleDb.address_ward  (id, name, district_id, created_at) values (10224, 'Xã Trung Hưng', 668, NOW());
insert into ExampleDb.address_ward  (id, name, district_id, created_at) values (10225, 'Thị trấn Cờ Đỏ', 668, NOW());
insert into ExampleDb.address_ward  (id, name, district_id, created_at) values (10226, 'Xã Thới Hưng', 668, NOW());
insert into ExampleDb.address_ward  (id, name, district_id, created_at) values (10227, 'Xã Đông Hiệp', 668, NOW());
insert into ExampleDb.address_ward  (id, name, district_id, created_at) values (10228, 'Xã Đông Thắng', 668, NOW());
insert into ExampleDb.address_ward  (id, name, district_id, created_at) values (10229, 'Xã Thới Đông', 668, NOW());
insert into ExampleDb.address_ward  (id, name, district_id, created_at) values (10230, 'Xã Thới Xuân', 668, NOW());
insert into ExampleDb.address_district  (id, name, province_id, created_at) values (669, 'Huyện Phong Điền', 59, NOW());
insert into ExampleDb.address_ward  (id, name, district_id, created_at) values (10231, 'Thị trấn Phong Điền', 669, NOW());
insert into ExampleDb.address_ward  (id, name, district_id, created_at) values (10232, 'Xã Nhơn Ái', 669, NOW());
insert into ExampleDb.address_ward  (id, name, district_id, created_at) values (10233, 'Xã Giai Xuân', 669, NOW());
insert into ExampleDb.address_ward  (id, name, district_id, created_at) values (10234, 'Xã Tân Thới', 669, NOW());
insert into ExampleDb.address_ward  (id, name, district_id, created_at) values (10235, 'Xã Trường Long', 669, NOW());
insert into ExampleDb.address_ward  (id, name, district_id, created_at) values (10236, 'Xã Mỹ Khánh', 669, NOW());
insert into ExampleDb.address_ward  (id, name, district_id, created_at) values (10237, 'Xã Nhơn Nghĩa', 669, NOW());
insert into ExampleDb.address_district  (id, name, province_id, created_at) values (670, 'Huyện Thới Lai', 59, NOW());
insert into ExampleDb.address_ward  (id, name, district_id, created_at) values (10238, 'Thị trấn Thới Lai', 670, NOW());
insert into ExampleDb.address_ward  (id, name, district_id, created_at) values (10239, 'Xã Thới Thạnh', 670, NOW());
insert into ExampleDb.address_ward  (id, name, district_id, created_at) values (10240, 'Xã Tân Thạnh', 670, NOW());
insert into ExampleDb.address_ward  (id, name, district_id, created_at) values (10241, 'Xã Xuân Thắng', 670, NOW());
insert into ExampleDb.address_ward  (id, name, district_id, created_at) values (10242, 'Xã Đông Bình', 670, NOW());
insert into ExampleDb.address_ward  (id, name, district_id, created_at) values (10243, 'Xã Đông Thuận', 670, NOW());
insert into ExampleDb.address_ward  (id, name, district_id, created_at) values (10244, 'Xã Thới Tân', 670, NOW());
insert into ExampleDb.address_ward  (id, name, district_id, created_at) values (10245, 'Xã Trường Thắng', 670, NOW());
insert into ExampleDb.address_ward  (id, name, district_id, created_at) values (10246, 'Xã Định Môn', 670, NOW());
insert into ExampleDb.address_ward  (id, name, district_id, created_at) values (10247, 'Xã Trường Thành', 670, NOW());
insert into ExampleDb.address_ward  (id, name, district_id, created_at) values (10248, 'Xã Trường Xuân', 670, NOW());
insert into ExampleDb.address_ward  (id, name, district_id, created_at) values (10249, 'Xã Trường Xuân A', 670, NOW());
insert into ExampleDb.address_ward  (id, name, district_id, created_at) values (10250, 'Xã Trường Xuân B', 670, NOW());
insert into ExampleDb.address_province (id, name, created_at) values (60, 'Tỉnh Hậu Giang', NOW());
insert into ExampleDb.address_district  (id, name, province_id, created_at) values (671, 'Thành phố Vị Thanh', 60, NOW());
insert into ExampleDb.address_ward  (id, name, district_id, created_at) values (10251, 'Phường I', 671, NOW());
insert into ExampleDb.address_ward  (id, name, district_id, created_at) values (10252, 'Phường III', 671, NOW());
insert into ExampleDb.address_ward  (id, name, district_id, created_at) values (10253, 'Phường IV', 671, NOW());
insert into ExampleDb.address_ward  (id, name, district_id, created_at) values (10254, 'Phường V', 671, NOW());
insert into ExampleDb.address_ward  (id, name, district_id, created_at) values (10255, 'Phường VII', 671, NOW());
insert into ExampleDb.address_ward  (id, name, district_id, created_at) values (10256, 'Xã Vị Tân', 671, NOW());
insert into ExampleDb.address_ward  (id, name, district_id, created_at) values (10257, 'Xã Hoả Lựu', 671, NOW());
insert into ExampleDb.address_ward  (id, name, district_id, created_at) values (10258, 'Xã Tân Tiến', 671, NOW());
insert into ExampleDb.address_ward  (id, name, district_id, created_at) values (10259, 'Xã Hoả Tiến', 671, NOW());
insert into ExampleDb.address_district  (id, name, province_id, created_at) values (672, 'Thành phố Ngã Bảy', 60, NOW());
insert into ExampleDb.address_ward  (id, name, district_id, created_at) values (10260, 'Phường Ngã Bảy', 672, NOW());
insert into ExampleDb.address_ward  (id, name, district_id, created_at) values (10261, 'Phường Lái Hiếu', 672, NOW());
insert into ExampleDb.address_ward  (id, name, district_id, created_at) values (10262, 'Phường Hiệp Thành', 672, NOW());
insert into ExampleDb.address_ward  (id, name, district_id, created_at) values (10263, 'Phường Hiệp Lợi', 672, NOW());
insert into ExampleDb.address_ward  (id, name, district_id, created_at) values (10264, 'Xã Đại Thành', 672, NOW());
insert into ExampleDb.address_ward  (id, name, district_id, created_at) values (10265, 'Xã Tân Thành', 672, NOW());
insert into ExampleDb.address_district  (id, name, province_id, created_at) values (673, 'Huyện Châu Thành A', 60, NOW());
insert into ExampleDb.address_ward  (id, name, district_id, created_at) values (10266, 'Thị trấn Một Ngàn', 673, NOW());
insert into ExampleDb.address_ward  (id, name, district_id, created_at) values (10267, 'Xã Tân Hoà', 673, NOW());
insert into ExampleDb.address_ward  (id, name, district_id, created_at) values (10268, 'Thị trấn Bảy Ngàn', 673, NOW());
insert into ExampleDb.address_ward  (id, name, district_id, created_at) values (10269, 'Xã Trường Long Tây', 673, NOW());
insert into ExampleDb.address_ward  (id, name, district_id, created_at) values (10270, 'Xã Trường Long A', 673, NOW());
insert into ExampleDb.address_ward  (id, name, district_id, created_at) values (10271, 'Xã Nhơn Nghĩa A', 673, NOW());
insert into ExampleDb.address_ward  (id, name, district_id, created_at) values (10272, 'Thị trấn Rạch Gòi', 673, NOW());
insert into ExampleDb.address_ward  (id, name, district_id, created_at) values (10273, 'Xã Thạnh Xuân', 673, NOW());
insert into ExampleDb.address_ward  (id, name, district_id, created_at) values (10274, 'Thị trấn Cái Tắc', 673, NOW());
insert into ExampleDb.address_ward  (id, name, district_id, created_at) values (10275, 'Xã Tân Phú Thạnh', 673, NOW());
insert into ExampleDb.address_district  (id, name, province_id, created_at) values (674, 'Huyện Châu Thành', 60, NOW());
insert into ExampleDb.address_ward  (id, name, district_id, created_at) values (10276, 'Thị Trấn Ngã Sáu', 674, NOW());
insert into ExampleDb.address_ward  (id, name, district_id, created_at) values (10277, 'Xã Đông Thạnh', 674, NOW());
insert into ExampleDb.address_ward  (id, name, district_id, created_at) values (10278, 'Xã Đông Phú', 674, NOW());
insert into ExampleDb.address_ward  (id, name, district_id, created_at) values (10279, 'Xã Phú Hữu', 674, NOW());
insert into ExampleDb.address_ward  (id, name, district_id, created_at) values (10280, 'Xã Phú Tân', 674, NOW());
insert into ExampleDb.address_ward  (id, name, district_id, created_at) values (10281, 'Thị trấn Mái Dầm', 674, NOW());
insert into ExampleDb.address_ward  (id, name, district_id, created_at) values (10282, 'Xã Đông Phước', 674, NOW());
insert into ExampleDb.address_ward  (id, name, district_id, created_at) values (10283, 'Xã Đông Phước A', 674, NOW());
insert into ExampleDb.address_district  (id, name, province_id, created_at) values (675, 'Huyện Phụng Hiệp', 60, NOW());
insert into ExampleDb.address_ward  (id, name, district_id, created_at) values (10284, 'Thị trấn Kinh Cùng', 675, NOW());
insert into ExampleDb.address_ward  (id, name, district_id, created_at) values (10285, 'Thị trấn Cây Dương', 675, NOW());
insert into ExampleDb.address_ward  (id, name, district_id, created_at) values (10286, 'Xã Tân Bình', 675, NOW());
insert into ExampleDb.address_ward  (id, name, district_id, created_at) values (10287, 'Xã Bình Thành', 675, NOW());
insert into ExampleDb.address_ward  (id, name, district_id, created_at) values (10288, 'Xã Thạnh Hòa', 675, NOW());
insert into ExampleDb.address_ward  (id, name, district_id, created_at) values (10289, 'Xã Long Thạnh', 675, NOW());
insert into ExampleDb.address_ward  (id, name, district_id, created_at) values (10290, 'Xã Phụng Hiệp', 675, NOW());
insert into ExampleDb.address_ward  (id, name, district_id, created_at) values (10291, 'Xã Hòa Mỹ', 675, NOW());
insert into ExampleDb.address_ward  (id, name, district_id, created_at) values (10292, 'Xã Hòa An', 675, NOW());
insert into ExampleDb.address_ward  (id, name, district_id, created_at) values (10293, 'Xã Phương Bình', 675, NOW());
insert into ExampleDb.address_ward  (id, name, district_id, created_at) values (10294, 'Xã Hiệp Hưng', 675, NOW());
insert into ExampleDb.address_ward  (id, name, district_id, created_at) values (10295, 'Xã Tân Phước Hưng', 675, NOW());
insert into ExampleDb.address_ward  (id, name, district_id, created_at) values (10296, 'Thị trấn Búng Tàu', 675, NOW());
insert into ExampleDb.address_ward  (id, name, district_id, created_at) values (10297, 'Xã Phương Phú', 675, NOW());
insert into ExampleDb.address_ward  (id, name, district_id, created_at) values (10298, 'Xã Tân Long', 675, NOW());
insert into ExampleDb.address_district  (id, name, province_id, created_at) values (676, 'Huyện Vị Thuỷ', 60, NOW());
insert into ExampleDb.address_ward  (id, name, district_id, created_at) values (10299, 'Thị trấn Nàng Mau', 676, NOW());
insert into ExampleDb.address_ward  (id, name, district_id, created_at) values (10300, 'Xã Vị Trung', 676, NOW());
insert into ExampleDb.address_ward  (id, name, district_id, created_at) values (10301, 'Xã Vị Thuỷ', 676, NOW());
insert into ExampleDb.address_ward  (id, name, district_id, created_at) values (10302, 'Xã Vị Thắng', 676, NOW());
insert into ExampleDb.address_ward  (id, name, district_id, created_at) values (10303, 'Xã Vĩnh Thuận Tây', 676, NOW());
insert into ExampleDb.address_ward  (id, name, district_id, created_at) values (10304, 'Xã Vĩnh Trung', 676, NOW());
insert into ExampleDb.address_ward  (id, name, district_id, created_at) values (10305, 'Xã Vĩnh Tường', 676, NOW());
insert into ExampleDb.address_ward  (id, name, district_id, created_at) values (10306, 'Xã Vị Đông', 676, NOW());
insert into ExampleDb.address_ward  (id, name, district_id, created_at) values (10307, 'Xã Vị Thanh', 676, NOW());
insert into ExampleDb.address_ward  (id, name, district_id, created_at) values (10308, 'Xã Vị Bình', 676, NOW());
insert into ExampleDb.address_district  (id, name, province_id, created_at) values (677, 'Huyện Long Mỹ', 60, NOW());
insert into ExampleDb.address_ward  (id, name, district_id, created_at) values (10309, 'Xã Thuận Hưng', 677, NOW());
insert into ExampleDb.address_ward  (id, name, district_id, created_at) values (10310, 'Xã Thuận Hòa', 677, NOW());
insert into ExampleDb.address_ward  (id, name, district_id, created_at) values (10311, 'Xã Vĩnh Thuận Đông', 677, NOW());
insert into ExampleDb.address_ward  (id, name, district_id, created_at) values (10312, 'Thị trấn Vĩnh Viễn', 677, NOW());
insert into ExampleDb.address_ward  (id, name, district_id, created_at) values (10313, 'Xã Vĩnh Viễn A', 677, NOW());
insert into ExampleDb.address_ward  (id, name, district_id, created_at) values (10314, 'Xã Lương Tâm', 677, NOW());
insert into ExampleDb.address_ward  (id, name, district_id, created_at) values (10315, 'Xã Lương Nghĩa', 677, NOW());
insert into ExampleDb.address_ward  (id, name, district_id, created_at) values (10316, 'Xã Xà Phiên', 677, NOW());
insert into ExampleDb.address_district  (id, name, province_id, created_at) values (678, 'Thị xã Long Mỹ', 60, NOW());
insert into ExampleDb.address_ward  (id, name, district_id, created_at) values (10317, 'Phường Thuận An', 678, NOW());
insert into ExampleDb.address_ward  (id, name, district_id, created_at) values (10318, 'Phường Trà Lồng', 678, NOW());
insert into ExampleDb.address_ward  (id, name, district_id, created_at) values (10319, 'Phường Bình Thạnh', 678, NOW());
insert into ExampleDb.address_ward  (id, name, district_id, created_at) values (10320, 'Xã Long Bình', 678, NOW());
insert into ExampleDb.address_ward  (id, name, district_id, created_at) values (10321, 'Phường Vĩnh Tường', 678, NOW());
insert into ExampleDb.address_ward  (id, name, district_id, created_at) values (10322, 'Xã Long Trị', 678, NOW());
insert into ExampleDb.address_ward  (id, name, district_id, created_at) values (10323, 'Xã Long Trị A', 678, NOW());
insert into ExampleDb.address_ward  (id, name, district_id, created_at) values (10324, 'Xã Long Phú', 678, NOW());
insert into ExampleDb.address_ward  (id, name, district_id, created_at) values (10325, 'Xã Tân Phú', 678, NOW());
insert into ExampleDb.address_province (id, name, created_at) values (61, 'Tỉnh Sóc Trăng', NOW());
insert into ExampleDb.address_district  (id, name, province_id, created_at) values (679, 'Thành phố Sóc Trăng', 61, NOW());
insert into ExampleDb.address_ward  (id, name, district_id, created_at) values (10326, 'Phường 5', 679, NOW());
insert into ExampleDb.address_ward  (id, name, district_id, created_at) values (10327, 'Phường 7', 679, NOW());
insert into ExampleDb.address_ward  (id, name, district_id, created_at) values (10328, 'Phường 8', 679, NOW());
insert into ExampleDb.address_ward  (id, name, district_id, created_at) values (10329, 'Phường 6', 679, NOW());
insert into ExampleDb.address_ward  (id, name, district_id, created_at) values (10330, 'Phường 2', 679, NOW());
insert into ExampleDb.address_ward  (id, name, district_id, created_at) values (10331, 'Phường 1', 679, NOW());
insert into ExampleDb.address_ward  (id, name, district_id, created_at) values (10332, 'Phường 4', 679, NOW());
insert into ExampleDb.address_ward  (id, name, district_id, created_at) values (10333, 'Phường 3', 679, NOW());
insert into ExampleDb.address_ward  (id, name, district_id, created_at) values (10334, 'Phường 9', 679, NOW());
insert into ExampleDb.address_ward  (id, name, district_id, created_at) values (10335, 'Phường 10', 679, NOW());
insert into ExampleDb.address_district  (id, name, province_id, created_at) values (680, 'Huyện Châu Thành', 61, NOW());
insert into ExampleDb.address_ward  (id, name, district_id, created_at) values (10336, 'Thị trấn Châu Thành', 680, NOW());
insert into ExampleDb.address_ward  (id, name, district_id, created_at) values (10337, 'Xã Hồ Đắc Kiện', 680, NOW());
insert into ExampleDb.address_ward  (id, name, district_id, created_at) values (10338, 'Xã Phú Tâm', 680, NOW());
insert into ExampleDb.address_ward  (id, name, district_id, created_at) values (10339, 'Xã Thuận Hòa', 680, NOW());
insert into ExampleDb.address_ward  (id, name, district_id, created_at) values (10340, 'Xã Phú Tân', 680, NOW());
insert into ExampleDb.address_ward  (id, name, district_id, created_at) values (10341, 'Xã Thiện Mỹ', 680, NOW());
insert into ExampleDb.address_ward  (id, name, district_id, created_at) values (10342, 'Xã An Hiệp', 680, NOW());
insert into ExampleDb.address_ward  (id, name, district_id, created_at) values (10343, 'Xã An Ninh', 680, NOW());
insert into ExampleDb.address_district  (id, name, province_id, created_at) values (681, 'Huyện Kế Sách', 61, NOW());
insert into ExampleDb.address_ward  (id, name, district_id, created_at) values (10344, 'Thị trấn Kế Sách', 681, NOW());
insert into ExampleDb.address_ward  (id, name, district_id, created_at) values (10345, 'Thị trấn An Lạc Thôn', 681, NOW());
insert into ExampleDb.address_ward  (id, name, district_id, created_at) values (10346, 'Xã Xuân Hòa', 681, NOW());
insert into ExampleDb.address_ward  (id, name, district_id, created_at) values (10347, 'Xã Phong Nẫm', 681, NOW());
insert into ExampleDb.address_ward  (id, name, district_id, created_at) values (10348, 'Xã An Lạc Tây', 681, NOW());
insert into ExampleDb.address_ward  (id, name, district_id, created_at) values (10349, 'Xã Trinh Phú', 681, NOW());
insert into ExampleDb.address_ward  (id, name, district_id, created_at) values (10350, 'Xã Ba Trinh', 681, NOW());
insert into ExampleDb.address_ward  (id, name, district_id, created_at) values (10351, 'Xã Thới An Hội', 681, NOW());
insert into ExampleDb.address_ward  (id, name, district_id, created_at) values (10352, 'Xã Nhơn Mỹ', 681, NOW());
insert into ExampleDb.address_ward  (id, name, district_id, created_at) values (10353, 'Xã Kế Thành', 681, NOW());
insert into ExampleDb.address_ward  (id, name, district_id, created_at) values (10354, 'Xã Kế An', 681, NOW());
insert into ExampleDb.address_ward  (id, name, district_id, created_at) values (10355, 'Xã Đại Hải', 681, NOW());
insert into ExampleDb.address_ward  (id, name, district_id, created_at) values (10356, 'Xã An Mỹ', 681, NOW());
insert into ExampleDb.address_district  (id, name, province_id, created_at) values (682, 'Huyện Mỹ Tú', 61, NOW());
insert into ExampleDb.address_ward  (id, name, district_id, created_at) values (10357, 'Thị trấn Huỳnh Hữu Nghĩa', 682, NOW());
insert into ExampleDb.address_ward  (id, name, district_id, created_at) values (10358, 'Xã Long Hưng', 682, NOW());
insert into ExampleDb.address_ward  (id, name, district_id, created_at) values (10359, 'Xã Hưng Phú', 682, NOW());
insert into ExampleDb.address_ward  (id, name, district_id, created_at) values (10360, 'Xã Mỹ Hương', 682, NOW());
insert into ExampleDb.address_ward  (id, name, district_id, created_at) values (10361, 'Xã Mỹ Tú', 682, NOW());
insert into ExampleDb.address_ward  (id, name, district_id, created_at) values (10362, 'Xã Mỹ Phước', 682, NOW());
insert into ExampleDb.address_ward  (id, name, district_id, created_at) values (10363, 'Xã Thuận Hưng', 682, NOW());
insert into ExampleDb.address_ward  (id, name, district_id, created_at) values (10364, 'Xã Mỹ Thuận', 682, NOW());
insert into ExampleDb.address_ward  (id, name, district_id, created_at) values (10365, 'Xã Phú Mỹ', 682, NOW());
insert into ExampleDb.address_district  (id, name, province_id, created_at) values (683, 'Huyện Cù Lao Dung', 61, NOW());
insert into ExampleDb.address_ward  (id, name, district_id, created_at) values (10366, 'Thị trấn Cù Lao Dung', 683, NOW());
insert into ExampleDb.address_ward  (id, name, district_id, created_at) values (10367, 'Xã An Thạnh 1', 683, NOW());
insert into ExampleDb.address_ward  (id, name, district_id, created_at) values (10368, 'Xã An Thạnh Tây', 683, NOW());
insert into ExampleDb.address_ward  (id, name, district_id, created_at) values (10369, 'Xã An Thạnh Đông', 683, NOW());
insert into ExampleDb.address_ward  (id, name, district_id, created_at) values (10370, 'Xã Đại Ân 1', 683, NOW());
insert into ExampleDb.address_ward  (id, name, district_id, created_at) values (10371, 'Xã An Thạnh 2', 683, NOW());
insert into ExampleDb.address_ward  (id, name, district_id, created_at) values (10372, 'Xã An Thạnh 3', 683, NOW());
insert into ExampleDb.address_ward  (id, name, district_id, created_at) values (10373, 'Xã An Thạnh Nam', 683, NOW());
insert into ExampleDb.address_district  (id, name, province_id, created_at) values (684, 'Huyện Long Phú', 61, NOW());
insert into ExampleDb.address_ward  (id, name, district_id, created_at) values (10374, 'Thị trấn Long Phú', 684, NOW());
insert into ExampleDb.address_ward  (id, name, district_id, created_at) values (10375, 'Xã Song Phụng', 684, NOW());
insert into ExampleDb.address_ward  (id, name, district_id, created_at) values (10376, 'Thị trấn Đại Ngãi', 684, NOW());
insert into ExampleDb.address_ward  (id, name, district_id, created_at) values (10377, 'Xã Hậu Thạnh', 684, NOW());
insert into ExampleDb.address_ward  (id, name, district_id, created_at) values (10378, 'Xã Long Đức', 684, NOW());
insert into ExampleDb.address_ward  (id, name, district_id, created_at) values (10379, 'Xã Trường Khánh', 684, NOW());
insert into ExampleDb.address_ward  (id, name, district_id, created_at) values (10380, 'Xã Phú Hữu', 684, NOW());
insert into ExampleDb.address_ward  (id, name, district_id, created_at) values (10381, 'Xã Tân Hưng', 684, NOW());
insert into ExampleDb.address_ward  (id, name, district_id, created_at) values (10382, 'Xã Châu Khánh', 684, NOW());
insert into ExampleDb.address_ward  (id, name, district_id, created_at) values (10383, 'Xã Tân Thạnh', 684, NOW());
insert into ExampleDb.address_ward  (id, name, district_id, created_at) values (10384, 'Xã Long Phú', 684, NOW());
insert into ExampleDb.address_district  (id, name, province_id, created_at) values (685, 'Huyện Mỹ Xuyên', 61, NOW());
insert into ExampleDb.address_ward  (id, name, district_id, created_at) values (10385, 'Thị trấn Mỹ Xuyên', 685, NOW());
insert into ExampleDb.address_ward  (id, name, district_id, created_at) values (10386, 'Xã Đại Tâm', 685, NOW());
insert into ExampleDb.address_ward  (id, name, district_id, created_at) values (10387, 'Xã Tham Đôn', 685, NOW());
insert into ExampleDb.address_ward  (id, name, district_id, created_at) values (10388, 'Xã Thạnh Phú', 685, NOW());
insert into ExampleDb.address_ward  (id, name, district_id, created_at) values (10389, 'Xã Ngọc Đông', 685, NOW());
insert into ExampleDb.address_ward  (id, name, district_id, created_at) values (10390, 'Xã Thạnh Quới', 685, NOW());
insert into ExampleDb.address_ward  (id, name, district_id, created_at) values (10391, 'Xã Hòa Tú 1', 685, NOW());
insert into ExampleDb.address_ward  (id, name, district_id, created_at) values (10392, 'Xã Gia Hòa 1', 685, NOW());
insert into ExampleDb.address_ward  (id, name, district_id, created_at) values (10393, 'Xã Ngọc Tố', 685, NOW());
insert into ExampleDb.address_ward  (id, name, district_id, created_at) values (10394, 'Xã Gia Hòa 2', 685, NOW());
insert into ExampleDb.address_ward  (id, name, district_id, created_at) values (10395, 'Xã Hòa Tú II', 685, NOW());
insert into ExampleDb.address_district  (id, name, province_id, created_at) values (686, 'Thị xã Ngã Năm', 61, NOW());
insert into ExampleDb.address_ward  (id, name, district_id, created_at) values (10396, 'Phường 1', 686, NOW());
insert into ExampleDb.address_ward  (id, name, district_id, created_at) values (10397, 'Phường 2', 686, NOW());
insert into ExampleDb.address_ward  (id, name, district_id, created_at) values (10398, 'Xã Vĩnh Quới', 686, NOW());
insert into ExampleDb.address_ward  (id, name, district_id, created_at) values (10399, 'Xã Tân Long', 686, NOW());
insert into ExampleDb.address_ward  (id, name, district_id, created_at) values (10400, 'Xã Long Bình', 686, NOW());
insert into ExampleDb.address_ward  (id, name, district_id, created_at) values (10401, 'Phường 3', 686, NOW());
insert into ExampleDb.address_ward  (id, name, district_id, created_at) values (10402, 'Xã Mỹ Bình', 686, NOW());
insert into ExampleDb.address_ward  (id, name, district_id, created_at) values (10403, 'Xã Mỹ Quới', 686, NOW());
insert into ExampleDb.address_district  (id, name, province_id, created_at) values (687, 'Huyện Thạnh Trị', 61, NOW());
insert into ExampleDb.address_ward  (id, name, district_id, created_at) values (10404, 'Thị trấn Phú Lộc', 687, NOW());
insert into ExampleDb.address_ward  (id, name, district_id, created_at) values (10405, 'Thị trấn Hưng Lợi', 687, NOW());
insert into ExampleDb.address_ward  (id, name, district_id, created_at) values (10406, 'Xã Lâm Tân', 687, NOW());
insert into ExampleDb.address_ward  (id, name, district_id, created_at) values (10407, 'Xã Thạnh Tân', 687, NOW());
insert into ExampleDb.address_ward  (id, name, district_id, created_at) values (10408, 'Xã Lâm Kiết', 687, NOW());
insert into ExampleDb.address_ward  (id, name, district_id, created_at) values (10409, 'Xã Tuân Tức', 687, NOW());
insert into ExampleDb.address_ward  (id, name, district_id, created_at) values (10410, 'Xã Vĩnh Thành', 687, NOW());
insert into ExampleDb.address_ward  (id, name, district_id, created_at) values (10411, 'Xã Thạnh Trị', 687, NOW());
insert into ExampleDb.address_ward  (id, name, district_id, created_at) values (10412, 'Xã Vĩnh Lợi', 687, NOW());
insert into ExampleDb.address_ward  (id, name, district_id, created_at) values (10413, 'Xã Châu Hưng', 687, NOW());
insert into ExampleDb.address_district  (id, name, province_id, created_at) values (688, 'Thị xã Vĩnh Châu', 61, NOW());
insert into ExampleDb.address_ward  (id, name, district_id, created_at) values (10414, 'Phường 1', 688, NOW());
insert into ExampleDb.address_ward  (id, name, district_id, created_at) values (10415, 'Xã Hòa Đông', 688, NOW());
insert into ExampleDb.address_ward  (id, name, district_id, created_at) values (10416, 'Phường Khánh Hòa', 688, NOW());
insert into ExampleDb.address_ward  (id, name, district_id, created_at) values (10417, 'Xã Vĩnh Hiệp', 688, NOW());
insert into ExampleDb.address_ward  (id, name, district_id, created_at) values (10418, 'Xã Vĩnh Hải', 688, NOW());
insert into ExampleDb.address_ward  (id, name, district_id, created_at) values (10419, 'Xã Lạc Hòa', 688, NOW());
insert into ExampleDb.address_ward  (id, name, district_id, created_at) values (10420, 'Phường 2', 688, NOW());
insert into ExampleDb.address_ward  (id, name, district_id, created_at) values (10421, 'Phường Vĩnh Phước', 688, NOW());
insert into ExampleDb.address_ward  (id, name, district_id, created_at) values (10422, 'Xã Vĩnh Tân', 688, NOW());
insert into ExampleDb.address_ward  (id, name, district_id, created_at) values (10423, 'Xã Lai Hòa', 688, NOW());
insert into ExampleDb.address_district  (id, name, province_id, created_at) values (689, 'Huyện Trần Đề', 61, NOW());
insert into ExampleDb.address_ward  (id, name, district_id, created_at) values (10424, 'Xã Đại Ân  2', 689, NOW());
insert into ExampleDb.address_ward  (id, name, district_id, created_at) values (10425, 'Thị trấn Trần Đề', 689, NOW());
insert into ExampleDb.address_ward  (id, name, district_id, created_at) values (10426, 'Xã Liêu Tú', 689, NOW());
insert into ExampleDb.address_ward  (id, name, district_id, created_at) values (10427, 'Xã Lịch Hội Thượng', 689, NOW());
insert into ExampleDb.address_ward  (id, name, district_id, created_at) values (10428, 'Thị trấn Lịch Hội Thượng', 689, NOW());
insert into ExampleDb.address_ward  (id, name, district_id, created_at) values (10429, 'Xã Trung Bình', 689, NOW());
insert into ExampleDb.address_ward  (id, name, district_id, created_at) values (10430, 'Xã Tài Văn', 689, NOW());
insert into ExampleDb.address_ward  (id, name, district_id, created_at) values (10431, 'Xã Viên An', 689, NOW());
insert into ExampleDb.address_ward  (id, name, district_id, created_at) values (10432, 'Xã Thạnh Thới An', 689, NOW());
insert into ExampleDb.address_ward  (id, name, district_id, created_at) values (10433, 'Xã Thạnh Thới Thuận', 689, NOW());
insert into ExampleDb.address_ward  (id, name, district_id, created_at) values (10434, 'Xã Viên Bình', 689, NOW());
insert into ExampleDb.address_province (id, name, created_at) values (62, 'Tỉnh Bạc Liêu', NOW());
insert into ExampleDb.address_district  (id, name, province_id, created_at) values (690, 'Thành phố Bạc Liêu', 62, NOW());
insert into ExampleDb.address_ward  (id, name, district_id, created_at) values (10435, 'Phường 2', 690, NOW());
insert into ExampleDb.address_ward  (id, name, district_id, created_at) values (10436, 'Phường 3', 690, NOW());
insert into ExampleDb.address_ward  (id, name, district_id, created_at) values (10437, 'Phường 5', 690, NOW());
insert into ExampleDb.address_ward  (id, name, district_id, created_at) values (10438, 'Phường 7', 690, NOW());
insert into ExampleDb.address_ward  (id, name, district_id, created_at) values (10439, 'Phường 1', 690, NOW());
insert into ExampleDb.address_ward  (id, name, district_id, created_at) values (10440, 'Phường 8', 690, NOW());
insert into ExampleDb.address_ward  (id, name, district_id, created_at) values (10441, 'Phường Nhà Mát', 690, NOW());
insert into ExampleDb.address_ward  (id, name, district_id, created_at) values (10442, 'Xã Vĩnh Trạch', 690, NOW());
insert into ExampleDb.address_ward  (id, name, district_id, created_at) values (10443, 'Xã Vĩnh Trạch Đông', 690, NOW());
insert into ExampleDb.address_ward  (id, name, district_id, created_at) values (10444, 'Xã Hiệp Thành', 690, NOW());
insert into ExampleDb.address_district  (id, name, province_id, created_at) values (691, 'Huyện Hồng Dân', 62, NOW());
insert into ExampleDb.address_ward  (id, name, district_id, created_at) values (10445, 'Thị trấn Ngan Dừa', 691, NOW());
insert into ExampleDb.address_ward  (id, name, district_id, created_at) values (10446, 'Xã Ninh Quới', 691, NOW());
insert into ExampleDb.address_ward  (id, name, district_id, created_at) values (10447, 'Xã Ninh Quới A', 691, NOW());
insert into ExampleDb.address_ward  (id, name, district_id, created_at) values (10448, 'Xã Ninh Hòa', 691, NOW());
insert into ExampleDb.address_ward  (id, name, district_id, created_at) values (10449, 'Xã Lộc Ninh', 691, NOW());
insert into ExampleDb.address_ward  (id, name, district_id, created_at) values (10450, 'Xã Vĩnh Lộc', 691, NOW());
insert into ExampleDb.address_ward  (id, name, district_id, created_at) values (10451, 'Xã Vĩnh Lộc A', 691, NOW());
insert into ExampleDb.address_ward  (id, name, district_id, created_at) values (10452, 'Xã Ninh Thạnh Lợi A', 691, NOW());
insert into ExampleDb.address_ward  (id, name, district_id, created_at) values (10453, 'Xã Ninh Thạnh Lợi', 691, NOW());
insert into ExampleDb.address_district  (id, name, province_id, created_at) values (692, 'Huyện Phước Long', 62, NOW());
insert into ExampleDb.address_ward  (id, name, district_id, created_at) values (10454, 'Thị trấn Phước Long', 692, NOW());
insert into ExampleDb.address_ward  (id, name, district_id, created_at) values (10455, 'Xã Vĩnh Phú Đông', 692, NOW());
insert into ExampleDb.address_ward  (id, name, district_id, created_at) values (10456, 'Xã Vĩnh Phú Tây', 692, NOW());
insert into ExampleDb.address_ward  (id, name, district_id, created_at) values (10457, 'Xã Phước Long', 692, NOW());
insert into ExampleDb.address_ward  (id, name, district_id, created_at) values (10458, 'Xã Hưng Phú', 692, NOW());
insert into ExampleDb.address_ward  (id, name, district_id, created_at) values (10459, 'Xã Vĩnh Thanh', 692, NOW());
insert into ExampleDb.address_ward  (id, name, district_id, created_at) values (10460, 'Xã Phong Thạnh Tây A', 692, NOW());
insert into ExampleDb.address_ward  (id, name, district_id, created_at) values (10461, 'Xã Phong Thạnh Tây B', 692, NOW());
insert into ExampleDb.address_district  (id, name, province_id, created_at) values (693, 'Huyện Vĩnh Lợi', 62, NOW());
insert into ExampleDb.address_ward  (id, name, district_id, created_at) values (10462, 'Xã Vĩnh Hưng', 693, NOW());
insert into ExampleDb.address_ward  (id, name, district_id, created_at) values (10463, 'Xã Vĩnh Hưng A', 693, NOW());
insert into ExampleDb.address_ward  (id, name, district_id, created_at) values (10464, 'Thị trấn Châu Hưng', 693, NOW());
insert into ExampleDb.address_ward  (id, name, district_id, created_at) values (10465, 'Xã Châu Hưng A', 693, NOW());
insert into ExampleDb.address_ward  (id, name, district_id, created_at) values (10466, 'Xã Hưng Thành', 693, NOW());
insert into ExampleDb.address_ward  (id, name, district_id, created_at) values (10467, 'Xã Hưng Hội', 693, NOW());
insert into ExampleDb.address_ward  (id, name, district_id, created_at) values (10468, 'Xã Châu Thới', 693, NOW());
insert into ExampleDb.address_ward  (id, name, district_id, created_at) values (10469, 'Xã Long Thạnh', 693, NOW());
insert into ExampleDb.address_district  (id, name, province_id, created_at) values (694, 'Thị xã Giá Rai', 62, NOW());
insert into ExampleDb.address_ward  (id, name, district_id, created_at) values (10470, 'Phường 1', 694, NOW());
insert into ExampleDb.address_ward  (id, name, district_id, created_at) values (10471, 'Phường Hộ Phòng', 694, NOW());
insert into ExampleDb.address_ward  (id, name, district_id, created_at) values (10472, 'Xã Phong Thạnh Đông', 694, NOW());
insert into ExampleDb.address_ward  (id, name, district_id, created_at) values (10473, 'Phường Láng Tròn', 694, NOW());
insert into ExampleDb.address_ward  (id, name, district_id, created_at) values (10474, 'Xã Phong Tân', 694, NOW());
insert into ExampleDb.address_ward  (id, name, district_id, created_at) values (10475, 'Xã Tân Phong', 694, NOW());
insert into ExampleDb.address_ward  (id, name, district_id, created_at) values (10476, 'Xã Phong Thạnh', 694, NOW());
insert into ExampleDb.address_ward  (id, name, district_id, created_at) values (10477, 'Xã Phong Thạnh A', 694, NOW());
insert into ExampleDb.address_ward  (id, name, district_id, created_at) values (10478, 'Xã Phong Thạnh Tây', 694, NOW());
insert into ExampleDb.address_ward  (id, name, district_id, created_at) values (10479, 'Xã Tân Thạnh', 694, NOW());
insert into ExampleDb.address_district  (id, name, province_id, created_at) values (695, 'Huyện Đông Hải', 62, NOW());
insert into ExampleDb.address_ward  (id, name, district_id, created_at) values (10480, 'Thị trấn Gành Hào', 695, NOW());
insert into ExampleDb.address_ward  (id, name, district_id, created_at) values (10481, 'Xã Long Điền Đông', 695, NOW());
insert into ExampleDb.address_ward  (id, name, district_id, created_at) values (10482, 'Xã Long Điền Đông A', 695, NOW());
insert into ExampleDb.address_ward  (id, name, district_id, created_at) values (10483, 'Xã Long Điền', 695, NOW());
insert into ExampleDb.address_ward  (id, name, district_id, created_at) values (10484, 'Xã Long Điền Tây', 695, NOW());
insert into ExampleDb.address_ward  (id, name, district_id, created_at) values (10485, 'Xã Điền Hải', 695, NOW());
insert into ExampleDb.address_ward  (id, name, district_id, created_at) values (10486, 'Xã An Trạch', 695, NOW());
insert into ExampleDb.address_ward  (id, name, district_id, created_at) values (10487, 'Xã An Trạch A', 695, NOW());
insert into ExampleDb.address_ward  (id, name, district_id, created_at) values (10488, 'Xã An Phúc', 695, NOW());
insert into ExampleDb.address_ward  (id, name, district_id, created_at) values (10489, 'Xã Định Thành', 695, NOW());
insert into ExampleDb.address_ward  (id, name, district_id, created_at) values (10490, 'Xã Định Thành A', 695, NOW());
insert into ExampleDb.address_district  (id, name, province_id, created_at) values (696, 'Huyện Hoà Bình', 62, NOW());
insert into ExampleDb.address_ward  (id, name, district_id, created_at) values (10491, 'Thị trấn Hòa Bình', 696, NOW());
insert into ExampleDb.address_ward  (id, name, district_id, created_at) values (10492, 'Xã Minh Diệu', 696, NOW());
insert into ExampleDb.address_ward  (id, name, district_id, created_at) values (10493, 'Xã Vĩnh Bình', 696, NOW());
insert into ExampleDb.address_ward  (id, name, district_id, created_at) values (10494, 'Xã Vĩnh Mỹ B', 696, NOW());
insert into ExampleDb.address_ward  (id, name, district_id, created_at) values (10495, 'Xã Vĩnh Hậu', 696, NOW());
insert into ExampleDb.address_ward  (id, name, district_id, created_at) values (10496, 'Xã Vĩnh Hậu A', 696, NOW());
insert into ExampleDb.address_ward  (id, name, district_id, created_at) values (10497, 'Xã Vĩnh Mỹ A', 696, NOW());
insert into ExampleDb.address_ward  (id, name, district_id, created_at) values (10498, 'Xã Vĩnh Thịnh', 696, NOW());
insert into ExampleDb.address_province (id, name, created_at) values (63, 'Tỉnh Cà Mau', NOW());
insert into ExampleDb.address_district  (id, name, province_id, created_at) values (697, 'Thành phố Cà Mau', 63, NOW());
insert into ExampleDb.address_ward  (id, name, district_id, created_at) values (10499, 'Phường 9', 697, NOW());
insert into ExampleDb.address_ward  (id, name, district_id, created_at) values (10500, 'Phường 4', 697, NOW());
insert into ExampleDb.address_ward  (id, name, district_id, created_at) values (10501, 'Phường 1', 697, NOW());
insert into ExampleDb.address_ward  (id, name, district_id, created_at) values (10502, 'Phường 5', 697, NOW());
insert into ExampleDb.address_ward  (id, name, district_id, created_at) values (10503, 'Phường 2', 697, NOW());
insert into ExampleDb.address_ward  (id, name, district_id, created_at) values (10504, 'Phường 8', 697, NOW());
insert into ExampleDb.address_ward  (id, name, district_id, created_at) values (10505, 'Phường 6', 697, NOW());
insert into ExampleDb.address_ward  (id, name, district_id, created_at) values (10506, 'Phường 7', 697, NOW());
insert into ExampleDb.address_ward  (id, name, district_id, created_at) values (10507, 'Phường Tân Xuyên', 697, NOW());
insert into ExampleDb.address_ward  (id, name, district_id, created_at) values (10508, 'Xã An Xuyên', 697, NOW());
insert into ExampleDb.address_ward  (id, name, district_id, created_at) values (10509, 'Phường Tân Thành', 697, NOW());
insert into ExampleDb.address_ward  (id, name, district_id, created_at) values (10510, 'Xã Tân Thành', 697, NOW());
insert into ExampleDb.address_ward  (id, name, district_id, created_at) values (10511, 'Xã Tắc Vân', 697, NOW());
insert into ExampleDb.address_ward  (id, name, district_id, created_at) values (10512, 'Xã Lý Văn Lâm', 697, NOW());
insert into ExampleDb.address_ward  (id, name, district_id, created_at) values (10513, 'Xã Định Bình', 697, NOW());
insert into ExampleDb.address_ward  (id, name, district_id, created_at) values (10514, 'Xã Hòa Thành', 697, NOW());
insert into ExampleDb.address_ward  (id, name, district_id, created_at) values (10515, 'Xã Hòa Tân', 697, NOW());
insert into ExampleDb.address_district  (id, name, province_id, created_at) values (698, 'Huyện U Minh', 63, NOW());
insert into ExampleDb.address_ward  (id, name, district_id, created_at) values (10516, 'Thị trấn U Minh', 698, NOW());
insert into ExampleDb.address_ward  (id, name, district_id, created_at) values (10517, 'Xã Khánh Hòa', 698, NOW());
insert into ExampleDb.address_ward  (id, name, district_id, created_at) values (10518, 'Xã Khánh Thuận', 698, NOW());
insert into ExampleDb.address_ward  (id, name, district_id, created_at) values (10519, 'Xã Khánh Tiến', 698, NOW());
insert into ExampleDb.address_ward  (id, name, district_id, created_at) values (10520, 'Xã Nguyễn Phích', 698, NOW());
insert into ExampleDb.address_ward  (id, name, district_id, created_at) values (10521, 'Xã Khánh Lâm', 698, NOW());
insert into ExampleDb.address_ward  (id, name, district_id, created_at) values (10522, 'Xã Khánh An', 698, NOW());
insert into ExampleDb.address_ward  (id, name, district_id, created_at) values (10523, 'Xã Khánh Hội', 698, NOW());
insert into ExampleDb.address_district  (id, name, province_id, created_at) values (699, 'Huyện Thới Bình', 63, NOW());
insert into ExampleDb.address_ward  (id, name, district_id, created_at) values (10524, 'Thị trấn Thới Bình', 699, NOW());
insert into ExampleDb.address_ward  (id, name, district_id, created_at) values (10525, 'Xã Biển Bạch', 699, NOW());
insert into ExampleDb.address_ward  (id, name, district_id, created_at) values (10526, 'Xã Tân Bằng', 699, NOW());
insert into ExampleDb.address_ward  (id, name, district_id, created_at) values (10527, 'Xã Trí Phải', 699, NOW());
insert into ExampleDb.address_ward  (id, name, district_id, created_at) values (10528, 'Xã Trí Lực', 699, NOW());
insert into ExampleDb.address_ward  (id, name, district_id, created_at) values (10529, 'Xã Biển Bạch Đông', 699, NOW());
insert into ExampleDb.address_ward  (id, name, district_id, created_at) values (10530, 'Xã Thới Bình', 699, NOW());
insert into ExampleDb.address_ward  (id, name, district_id, created_at) values (10531, 'Xã Tân Phú', 699, NOW());
insert into ExampleDb.address_ward  (id, name, district_id, created_at) values (10532, 'Xã Tân Lộc Bắc', 699, NOW());
insert into ExampleDb.address_ward  (id, name, district_id, created_at) values (10533, 'Xã Tân Lộc', 699, NOW());
insert into ExampleDb.address_ward  (id, name, district_id, created_at) values (10534, 'Xã Tân Lộc Đông', 699, NOW());
insert into ExampleDb.address_ward  (id, name, district_id, created_at) values (10535, 'Xã Hồ Thị Kỷ', 699, NOW());
insert into ExampleDb.address_district  (id, name, province_id, created_at) values (700, 'Huyện Trần Văn Thời', 63, NOW());
insert into ExampleDb.address_ward  (id, name, district_id, created_at) values (10536, 'Thị trấn Trần Văn Thời', 700, NOW());
insert into ExampleDb.address_ward  (id, name, district_id, created_at) values (10537, 'Thị trấn Sông Đốc', 700, NOW());
insert into ExampleDb.address_ward  (id, name, district_id, created_at) values (10538, 'Xã Khánh Bình Tây Bắc', 700, NOW());
insert into ExampleDb.address_ward  (id, name, district_id, created_at) values (10539, 'Xã Khánh Bình Tây', 700, NOW());
insert into ExampleDb.address_ward  (id, name, district_id, created_at) values (10540, 'Xã Trần Hợi', 700, NOW());
insert into ExampleDb.address_ward  (id, name, district_id, created_at) values (10541, 'Xã Khánh Lộc', 700, NOW());
insert into ExampleDb.address_ward  (id, name, district_id, created_at) values (10542, 'Xã Khánh Bình', 700, NOW());
insert into ExampleDb.address_ward  (id, name, district_id, created_at) values (10543, 'Xã Khánh Hưng', 700, NOW());
insert into ExampleDb.address_ward  (id, name, district_id, created_at) values (10544, 'Xã Khánh Bình Đông', 700, NOW());
insert into ExampleDb.address_ward  (id, name, district_id, created_at) values (10545, 'Xã Khánh Hải', 700, NOW());
insert into ExampleDb.address_ward  (id, name, district_id, created_at) values (10546, 'Xã Lợi An', 700, NOW());
insert into ExampleDb.address_ward  (id, name, district_id, created_at) values (10547, 'Xã Phong Điền', 700, NOW());
insert into ExampleDb.address_ward  (id, name, district_id, created_at) values (10548, 'Xã Phong Lạc', 700, NOW());
insert into ExampleDb.address_district  (id, name, province_id, created_at) values (701, 'Huyện Cái Nước', 63, NOW());
insert into ExampleDb.address_ward  (id, name, district_id, created_at) values (10549, 'Thị trấn Cái Nước', 701, NOW());
insert into ExampleDb.address_ward  (id, name, district_id, created_at) values (10550, 'Xã Thạnh Phú', 701, NOW());
insert into ExampleDb.address_ward  (id, name, district_id, created_at) values (10551, 'Xã Lương Thế Trân', 701, NOW());
insert into ExampleDb.address_ward  (id, name, district_id, created_at) values (10552, 'Xã Phú Hưng', 701, NOW());
insert into ExampleDb.address_ward  (id, name, district_id, created_at) values (10553, 'Xã Tân Hưng', 701, NOW());
insert into ExampleDb.address_ward  (id, name, district_id, created_at) values (10554, 'Xã Hưng Mỹ', 701, NOW());
insert into ExampleDb.address_ward  (id, name, district_id, created_at) values (10555, 'Xã Hoà Mỹ', 701, NOW());
insert into ExampleDb.address_ward  (id, name, district_id, created_at) values (10556, 'Xã Đông Hưng', 701, NOW());
insert into ExampleDb.address_ward  (id, name, district_id, created_at) values (10557, 'Xã Đông Thới', 701, NOW());
insert into ExampleDb.address_ward  (id, name, district_id, created_at) values (10558, 'Xã Tân Hưng Đông', 701, NOW());
insert into ExampleDb.address_ward  (id, name, district_id, created_at) values (10559, 'Xã Trần Thới', 701, NOW());
insert into ExampleDb.address_district  (id, name, province_id, created_at) values (702, 'Huyện Đầm Dơi', 63, NOW());
insert into ExampleDb.address_ward  (id, name, district_id, created_at) values (10560, 'Thị trấn Đầm Dơi', 702, NOW());
insert into ExampleDb.address_ward  (id, name, district_id, created_at) values (10561, 'Xã Tạ An Khương', 702, NOW());
insert into ExampleDb.address_ward  (id, name, district_id, created_at) values (10562, 'Xã Tạ An Khương  Đông', 702, NOW());
insert into ExampleDb.address_ward  (id, name, district_id, created_at) values (10563, 'Xã Trần Phán', 702, NOW());
insert into ExampleDb.address_ward  (id, name, district_id, created_at) values (10564, 'Xã Tân Trung', 702, NOW());
insert into ExampleDb.address_ward  (id, name, district_id, created_at) values (10565, 'Xã Tân Đức', 702, NOW());
insert into ExampleDb.address_ward  (id, name, district_id, created_at) values (10566, 'Xã Tân Thuận', 702, NOW());
insert into ExampleDb.address_ward  (id, name, district_id, created_at) values (10567, 'Xã Tạ An Khương  Nam', 702, NOW());
insert into ExampleDb.address_ward  (id, name, district_id, created_at) values (10568, 'Xã Tân Duyệt', 702, NOW());
insert into ExampleDb.address_ward  (id, name, district_id, created_at) values (10569, 'Xã Tân Dân', 702, NOW());
insert into ExampleDb.address_ward  (id, name, district_id, created_at) values (10570, 'Xã Tân Tiến', 702, NOW());
insert into ExampleDb.address_ward  (id, name, district_id, created_at) values (10571, 'Xã Quách Phẩm Bắc', 702, NOW());
insert into ExampleDb.address_ward  (id, name, district_id, created_at) values (10572, 'Xã Quách Phẩm', 702, NOW());
insert into ExampleDb.address_ward  (id, name, district_id, created_at) values (10573, 'Xã Thanh Tùng', 702, NOW());
insert into ExampleDb.address_ward  (id, name, district_id, created_at) values (10574, 'Xã Ngọc Chánh', 702, NOW());
insert into ExampleDb.address_ward  (id, name, district_id, created_at) values (10575, 'Xã Nguyễn Huân', 702, NOW());
insert into ExampleDb.address_district  (id, name, province_id, created_at) values (703, 'Huyện Năm Căn', 63, NOW());
insert into ExampleDb.address_ward  (id, name, district_id, created_at) values (10576, 'Thị Trấn Năm Căn', 703, NOW());
insert into ExampleDb.address_ward  (id, name, district_id, created_at) values (10577, 'Xã Hàm Rồng', 703, NOW());
insert into ExampleDb.address_ward  (id, name, district_id, created_at) values (10578, 'Xã Hiệp Tùng', 703, NOW());
insert into ExampleDb.address_ward  (id, name, district_id, created_at) values (10579, 'Xã Đất Mới', 703, NOW());
insert into ExampleDb.address_ward  (id, name, district_id, created_at) values (10580, 'Xã Lâm Hải', 703, NOW());
insert into ExampleDb.address_ward  (id, name, district_id, created_at) values (10581, 'Xã Hàng Vịnh', 703, NOW());
insert into ExampleDb.address_ward  (id, name, district_id, created_at) values (10582, 'Xã Tam Giang', 703, NOW());
insert into ExampleDb.address_ward  (id, name, district_id, created_at) values (10583, 'Xã Tam Giang Đông', 703, NOW());
insert into ExampleDb.address_district  (id, name, province_id, created_at) values (704, 'Huyện Phú Tân', 63, NOW());
insert into ExampleDb.address_ward  (id, name, district_id, created_at) values (10584, 'Thị trấn Cái Đôi Vàm', 704, NOW());
insert into ExampleDb.address_ward  (id, name, district_id, created_at) values (10585, 'Xã Phú Thuận', 704, NOW());
insert into ExampleDb.address_ward  (id, name, district_id, created_at) values (10586, 'Xã Phú Mỹ', 704, NOW());
insert into ExampleDb.address_ward  (id, name, district_id, created_at) values (10587, 'Xã Phú Tân', 704, NOW());
insert into ExampleDb.address_ward  (id, name, district_id, created_at) values (10588, 'Xã Tân Hải', 704, NOW());
insert into ExampleDb.address_ward  (id, name, district_id, created_at) values (10589, 'Xã Việt Thắng', 704, NOW());
insert into ExampleDb.address_ward  (id, name, district_id, created_at) values (10590, 'Xã Tân Hưng Tây', 704, NOW());
insert into ExampleDb.address_ward  (id, name, district_id, created_at) values (10591, 'Xã Rạch Chèo', 704, NOW());
insert into ExampleDb.address_ward  (id, name, district_id, created_at) values (10592, 'Xã Nguyễn Việt Khái', 704, NOW());
insert into ExampleDb.address_district  (id, name, province_id, created_at) values (705, 'Huyện Ngọc Hiển', 63, NOW());
insert into ExampleDb.address_ward  (id, name, district_id, created_at) values (10593, 'Xã Tam Giang Tây', 705, NOW());
insert into ExampleDb.address_ward  (id, name, district_id, created_at) values (10594, 'Xã Tân Ân Tây', 705, NOW());
insert into ExampleDb.address_ward  (id, name, district_id, created_at) values (10595, 'Xã Viên An Đông', 705, NOW());
insert into ExampleDb.address_ward  (id, name, district_id, created_at) values (10596, 'Xã Viên An', 705, NOW());
insert into ExampleDb.address_ward  (id, name, district_id, created_at) values (10597, 'Thị trấn Rạch Gốc', 705, NOW());
insert into ExampleDb.address_ward  (id, name, district_id, created_at) values (10598, 'Xã Tân Ân', 705, NOW());
insert into ExampleDb.address_ward  (id, name, district_id, created_at) values (10599, 'Xã Đất Mũi', 705, NOW());